message,timestamp,severity,tags,attributes
"[INFO] Downloaded from central: https://repo.maven.apache.org/maven2/org/springframework/security/spring-security-test/6.5.6/spring-security-test-6.5.6.pom (2.7 kB at 92 kB/s)
",2026-08-22T15:29:41.369900008Z,info,"{""serviceId"":""87697b40-66d1-4a58-89e6-1068a09cbf8c"",""deploymentId"":""d6c8c3b8-3bb6-45c0-bc76-a9729ab89f82"",""deploymentInstanceId"":null}","{""level"":""info"",""source"":""buildkit"",""type"":""log"",""vertex"":""sha256:5123184c115415746b9e45a79609be5df6469d0b755767bd2a7f4b208b8cff02"",""stream"":1,""data"":""W0lORk9dIERvd25sb2FkZWQgZnJvbSBjZW50cmFsOiBodHRwczovL3JlcG8ubWF2ZW4uYXBhY2hlLm9yZy9tYXZlbjIvb3JnL3NwcmluZ2ZyYW1ld29yay9zZWN1cml0eS9zcHJpbmctc2VjdXJpdHktdGVzdC82LjUuNi9zcHJpbmctc2VjdXJpdHktdGVzdC02LjUuNi5wb20gKDIuNyBrQiBhdCA5MiBrQi9zKQo="",""timestamp"":""2026-08-22T15:29:41.369900008Z""}"
"[INFO] Downloading from central: https://repo.maven.apache.org/maven2/org/springframework/boot/spring-boot-starter-actuator/3.5.7/spring-boot-starter-actuator-3.5.7.jar
",2026-08-22T15:29:41.41521645Z,info,"{""serviceId"":""87697b40-66d1-4a58-89e6-1068a09cbf8c"",""deploymentId"":""d6c8c3b8-3bb6-45c0-bc76-a9729ab89f82"",""deploymentInstanceId"":null}","{""level"":""info"",""source"":""buildkit"",""type"":""log"",""vertex"":""sha256:5123184c115415746b9e45a79609be5df6469d0b755767bd2a7f4b208b8cff02"",""stream"":1,""data"":""W0lORk9dIERvd25sb2FkaW5nIGZyb20gY2VudHJhbDogaHR0cHM6Ly9yZXBvLm1hdmVuLmFwYWNoZS5vcmcvbWF2ZW4yL29yZy9zcHJpbmdmcmFtZXdvcmsvYm9vdC9zcHJpbmctYm9vdC1zdGFydGVyLWFjdHVhdG9yLzMuNS43L3NwcmluZy1ib290LXN0YXJ0ZXItYWN0dWF0b3ItMy41LjcuamFyCg=="",""timestamp"":""2026-08-22T15:29:41.41521645Z""}"
"[INFO] Downloaded from central: https://repo.maven.apache.org/maven2/org/springframework/boot/spring-boot-starter-actuator/3.5.7/spring-boot-starter-actuator-3.5.7.jar (4.8 kB at 200 kB/s)
",2026-08-22T15:29:41.438874036Z,info,"{""serviceId"":""87697b40-66d1-4a58-89e6-1068a09cbf8c"",""deploymentId"":""d6c8c3b8-3bb6-45c0-bc76-a9729ab89f82"",""deploymentInstanceId"":null}","{""level"":""info"",""source"":""buildkit"",""type"":""log"",""vertex"":""sha256:5123184c115415746b9e45a79609be5df6469d0b755767bd2a7f4b208b8cff02"",""stream"":1,""data"":""W0lORk9dIERvd25sb2FkZWQgZnJvbSBjZW50cmFsOiBodHRwczovL3JlcG8ubWF2ZW4uYXBhY2hlLm9yZy9tYXZlbjIvb3JnL3NwcmluZ2ZyYW1ld29yay9ib290L3NwcmluZy1ib290LXN0YXJ0ZXItYWN0dWF0b3IvMy41Ljcvc3ByaW5nLWJvb3Qtc3RhcnRlci1hY3R1YXRvci0zLjUuNy5qYXIgKDQuOCBrQiBhdCAyMDAga0IvcykK"",""timestamp"":""2026-08-22T15:29:41.438874036Z""}"
"[INFO] Downloading from central: https://repo.maven.apache.org/maven2/org/springframework/boot/spring-boot-starter/3.5.7/spring-boot-starter-3.5.7.jar
[INFO] Downloading from central: https://repo.maven.apache.org/maven2/org/springframework/boot/spring-boot-starter-logging/3.5.7/spring-boot-starter-logging-3.5.7.jar
",2026-08-22T15:29:41.441539776Z,info,"{""serviceId"":""87697b40-66d1-4a58-89e6-1068a09cbf8c"",""deploymentId"":""d6c8c3b8-3bb6-45c0-bc76-a9729ab89f82"",""deploymentInstanceId"":null}","{""level"":""info"",""source"":""buildkit"",""type"":""log"",""vertex"":""sha256:5123184c115415746b9e45a79609be5df6469d0b755767bd2a7f4b208b8cff02"",""stream"":1,""data"":""W0lORk9dIERvd25sb2FkaW5nIGZyb20gY2VudHJhbDogaHR0cHM6Ly9yZXBvLm1hdmVuLmFwYWNoZS5vcmcvbWF2ZW4yL29yZy9zcHJpbmdmcmFtZXdvcmsvYm9vdC9zcHJpbmctYm9vdC1zdGFydGVyLzMuNS43L3NwcmluZy1ib290LXN0YXJ0ZXItMy41LjcuamFyCltJTkZPXSBEb3dubG9hZGluZyBmcm9tIGNlbnRyYWw6IGh0dHBzOi8vcmVwby5tYXZlbi5hcGFjaGUub3JnL21hdmVuMi9vcmcvc3ByaW5nZnJhbWV3b3JrL2Jvb3Qvc3ByaW5nLWJvb3Qtc3RhcnRlci1sb2dnaW5nLzMuNS43L3NwcmluZy1ib290LXN0YXJ0ZXItbG9nZ2luZy0zLjUuNy5qYXIK"",""timestamp"":""2026-08-22T15:29:41.441539776Z""}"
"[INFO] Downloading from central: https://repo.maven.apache.org/maven2/ch/qos/logback/logback-classic/1.5.20/logback-classic-1.5.20.jar
",2026-08-22T15:29:41.442420878Z,info,"{""serviceId"":""87697b40-66d1-4a58-89e6-1068a09cbf8c"",""deploymentId"":""d6c8c3b8-3bb6-45c0-bc76-a9729ab89f82"",""deploymentInstanceId"":null}","{""level"":""info"",""source"":""buildkit"",""type"":""log"",""vertex"":""sha256:5123184c115415746b9e45a79609be5df6469d0b755767bd2a7f4b208b8cff02"",""stream"":1,""data"":""W0lORk9dIERvd25sb2FkaW5nIGZyb20gY2VudHJhbDogaHR0cHM6Ly9yZXBvLm1hdmVuLmFwYWNoZS5vcmcvbWF2ZW4yL2NoL3Fvcy9sb2diYWNrL2xvZ2JhY2stY2xhc3NpYy8xLjUuMjAvbG9nYmFjay1jbGFzc2ljLTEuNS4yMC5qYXIK"",""timestamp"":""2026-08-22T15:29:41.442420878Z""}"
"[INFO] Downloading from central: https://repo.maven.apache.org/maven2/ch/qos/logback/logback-core/1.5.20/logback-core-1.5.20.jar
",2026-08-22T15:29:41.4427419Z,info,"{""serviceId"":""87697b40-66d1-4a58-89e6-1068a09cbf8c"",""deploymentId"":""d6c8c3b8-3bb6-45c0-bc76-a9729ab89f82"",""deploymentInstanceId"":null}","{""level"":""info"",""source"":""buildkit"",""type"":""log"",""vertex"":""sha256:5123184c115415746b9e45a79609be5df6469d0b755767bd2a7f4b208b8cff02"",""stream"":1,""data"":""W0lORk9dIERvd25sb2FkaW5nIGZyb20gY2VudHJhbDogaHR0cHM6Ly9yZXBvLm1hdmVuLmFwYWNoZS5vcmcvbWF2ZW4yL2NoL3Fvcy9sb2diYWNrL2xvZ2JhY2stY29yZS8xLjUuMjAvbG9nYmFjay1jb3JlLTEuNS4yMC5qYXIK"",""timestamp"":""2026-08-22T15:29:41.4427419Z""}"
"[INFO] Downloading from central: https://repo.maven.apache.org/maven2/org/apache/logging/log4j/log4j-to-slf4j/2.24.3/log4j-to-slf4j-2.24.3.jar
",2026-08-22T15:29:41.44331555Z,info,"{""serviceId"":""87697b40-66d1-4a58-89e6-1068a09cbf8c"",""deploymentId"":""d6c8c3b8-3bb6-45c0-bc76-a9729ab89f82"",""deploymentInstanceId"":null}","{""level"":""info"",""source"":""buildkit"",""type"":""log"",""vertex"":""sha256:5123184c115415746b9e45a79609be5df6469d0b755767bd2a7f4b208b8cff02"",""stream"":1,""data"":""W0lORk9dIERvd25sb2FkaW5nIGZyb20gY2VudHJhbDogaHR0cHM6Ly9yZXBvLm1hdmVuLmFwYWNoZS5vcmcvbWF2ZW4yL29yZy9hcGFjaGUvbG9nZ2luZy9sb2c0ai9sb2c0ai10by1zbGY0ai8yLjI0LjMvbG9nNGotdG8tc2xmNGotMi4yNC4zLmphcgo="",""timestamp"":""2026-08-22T15:29:41.44331555Z""}"
"[INFO] Downloaded from central: https://repo.maven.apache.org/maven2/org/springframework/boot/spring-boot-starter-logging/3.5.7/spring-boot-starter-logging-3.5.7.jar (4.8 kB at 74 kB/s)
[INFO] Downloaded from central: https://repo.maven.apache.org/maven2/org/springframework/boot/spring-boot-starter/3.5.7/spring-boot-starter-3.5.7.jar (4.8 kB at 72 kB/s)
[INFO] Downloading from central: https://repo.maven.apache.org/maven2/org/apache/logging/log4j/log4j-api/2.24.3/log4j-api-2.24.3.jar
[INFO] Downloading from central: https://repo.maven.apache.org/maven2/org/slf4j/jul-to-slf4j/2.0.17/jul-to-slf4j-2.0.17.jar
",2026-08-22T15:29:41.505046992Z,info,"{""serviceId"":""87697b40-66d1-4a58-89e6-1068a09cbf8c"",""deploymentId"":""d6c8c3b8-3bb6-45c0-bc76-a9729ab89f82"",""deploymentInstanceId"":null}","{""level"":""info"",""source"":""buildkit"",""type"":""log"",""vertex"":""sha256:5123184c115415746b9e45a79609be5df6469d0b755767bd2a7f4b208b8cff02"",""stream"":1,""data"":""W0lORk9dIERvd25sb2FkZWQgZnJvbSBjZW50cmFsOiBodHRwczovL3JlcG8ubWF2ZW4uYXBhY2hlLm9yZy9tYXZlbjIvb3JnL3NwcmluZ2ZyYW1ld29yay9ib290L3NwcmluZy1ib290LXN0YXJ0ZXItbG9nZ2luZy8zLjUuNy9zcHJpbmctYm9vdC1zdGFydGVyLWxvZ2dpbmctMy41LjcuamFyICg0Ljgga0IgYXQgNzQga0IvcykKW0lORk9dIERvd25sb2FkZWQgZnJvbSBjZW50cmFsOiBodHRwczovL3JlcG8ubWF2ZW4uYXBhY2hlLm9yZy9tYXZlbjIvb3JnL3NwcmluZ2ZyYW1ld29yay9ib290L3NwcmluZy1ib290LXN0YXJ0ZXIvMy41Ljcvc3ByaW5nLWJvb3Qtc3RhcnRlci0zLjUuNy5qYXIgKDQuOCBrQiBhdCA3MiBrQi9zKQpbSU5GT10gRG93bmxvYWRpbmcgZnJvbSBjZW50cmFsOiBodHRwczovL3JlcG8ubWF2ZW4uYXBhY2hlLm9yZy9tYXZlbjIvb3JnL2FwYWNoZS9sb2dnaW5nL2xvZzRqL2xvZzRqLWFwaS8yLjI0LjMvbG9nNGotYXBpLTIuMjQuMy5qYXIKW0lORk9dIERvd25sb2FkaW5nIGZyb20gY2VudHJhbDogaHR0cHM6Ly9yZXBvLm1hdmVuLmFwYWNoZS5vcmcvbWF2ZW4yL29yZy9zbGY0ai9qdWwtdG8tc2xmNGovMi4wLjE3L2p1bC10by1zbGY0ai0yLjAuMTcuamFyCg=="",""timestamp"":""2026-08-22T15:29:41.505046992Z""}"
"[INFO] Downloaded from central: https://repo.maven.apache.org/maven2/org/apache/logging/log4j/log4j-to-slf4j/2.24.3/log4j-to-slf4j-2.24.3.jar (24 kB at 372 kB/s)
[INFO] Downloading from central: https://repo.maven.apache.org/maven2/jakarta/annotation/jakarta.annotation-api/2.1.1/jakarta.annotation-api-2.1.1.jar
",2026-08-22T15:29:41.506353912Z,info,"{""serviceId"":""87697b40-66d1-4a58-89e6-1068a09cbf8c"",""deploymentId"":""d6c8c3b8-3bb6-45c0-bc76-a9729ab89f82"",""deploymentInstanceId"":null}","{""level"":""info"",""source"":""buildkit"",""type"":""log"",""vertex"":""sha256:5123184c115415746b9e45a79609be5df6469d0b755767bd2a7f4b208b8cff02"",""stream"":1,""data"":""W0lORk9dIERvd25sb2FkZWQgZnJvbSBjZW50cmFsOiBodHRwczovL3JlcG8ubWF2ZW4uYXBhY2hlLm9yZy9tYXZlbjIvb3JnL2FwYWNoZS9sb2dnaW5nL2xvZzRqL2xvZzRqLXRvLXNsZjRqLzIuMjQuMy9sb2c0ai10by1zbGY0ai0yLjI0LjMuamFyICgyNCBrQiBhdCAzNzIga0IvcykKW0lORk9dIERvd25sb2FkaW5nIGZyb20gY2VudHJhbDogaHR0cHM6Ly9yZXBvLm1hdmVuLmFwYWNoZS5vcmcvbWF2ZW4yL2pha2FydGEvYW5ub3RhdGlvbi9qYWthcnRhLmFubm90YXRpb24tYXBpLzIuMS4xL2pha2FydGEuYW5ub3RhdGlvbi1hcGktMi4xLjEuamFyCg=="",""timestamp"":""2026-08-22T15:29:41.506353912Z""}"
"[INFO] Downloaded from central: https://repo.maven.apache.org/maven2/org/slf4j/jul-to-slf4j/2.0.17/jul-to-slf4j-2.0.17.jar (6.3 kB at 79 kB/s)
[INFO] Downloading from central: https://repo.maven.apache.org/maven2/org/yaml/snakeyaml/2.4/snakeyaml-2.4.jar
",2026-08-22T15:29:41.523013378Z,info,"{""serviceId"":""87697b40-66d1-4a58-89e6-1068a09cbf8c"",""deploymentId"":""d6c8c3b8-3bb6-45c0-bc76-a9729ab89f82"",""deploymentInstanceId"":null}","{""level"":""info"",""source"":""buildkit"",""type"":""log"",""vertex"":""sha256:5123184c115415746b9e45a79609be5df6469d0b755767bd2a7f4b208b8cff02"",""stream"":1,""data"":""W0lORk9dIERvd25sb2FkZWQgZnJvbSBjZW50cmFsOiBodHRwczovL3JlcG8ubWF2ZW4uYXBhY2hlLm9yZy9tYXZlbjIvb3JnL3NsZjRqL2p1bC10by1zbGY0ai8yLjAuMTcvanVsLXRvLXNsZjRqLTIuMC4xNy5qYXIgKDYuMyBrQiBhdCA3OSBrQi9zKQpbSU5GT10gRG93bmxvYWRpbmcgZnJvbSBjZW50cmFsOiBodHRwczovL3JlcG8ubWF2ZW4uYXBhY2hlLm9yZy9tYXZlbjIvb3JnL3lhbWwvc25ha2V5YW1sLzIuNC9zbmFrZXlhbWwtMi40Lmphcgo="",""timestamp"":""2026-08-22T15:29:41.523013378Z""}"
"[INFO] Downloaded from central: https://repo.maven.apache.org/maven2/ch/qos/logback/logback-classic/1.5.20/logback-classic-1.5.20.jar (307 kB at 3.7 MB/s)
",2026-08-22T15:29:41.525393219Z,info,"{""serviceId"":""87697b40-66d1-4a58-89e6-1068a09cbf8c"",""deploymentId"":""d6c8c3b8-3bb6-45c0-bc76-a9729ab89f82"",""deploymentInstanceId"":null}","{""level"":""info"",""source"":""buildkit"",""type"":""log"",""vertex"":""sha256:5123184c115415746b9e45a79609be5df6469d0b755767bd2a7f4b208b8cff02"",""stream"":1,""data"":""W0lORk9dIERvd25sb2FkZWQgZnJvbSBjZW50cmFsOiBodHRwczovL3JlcG8ubWF2ZW4uYXBhY2hlLm9yZy9tYXZlbjIvY2gvcW9zL2xvZ2JhY2svbG9nYmFjay1jbGFzc2ljLzEuNS4yMC9sb2diYWNrLWNsYXNzaWMtMS41LjIwLmphciAoMzA3IGtCIGF0IDMuNyBNQi9zKQo="",""timestamp"":""2026-08-22T15:29:41.525393219Z""}"
"[INFO] Downloading from central: https://repo.maven.apache.org/maven2/org/springframework/boot/spring-boot-actuator-autoconfigure/3.5.7/spring-boot-actuator-autoconfigure-3.5.7.jar
",2026-08-22T15:29:41.525412919Z,info,"{""serviceId"":""87697b40-66d1-4a58-89e6-1068a09cbf8c"",""deploymentId"":""d6c8c3b8-3bb6-45c0-bc76-a9729ab89f82"",""deploymentInstanceId"":null}","{""level"":""info"",""source"":""buildkit"",""type"":""log"",""vertex"":""sha256:5123184c115415746b9e45a79609be5df6469d0b755767bd2a7f4b208b8cff02"",""stream"":1,""data"":""W0lORk9dIERvd25sb2FkaW5nIGZyb20gY2VudHJhbDogaHR0cHM6Ly9yZXBvLm1hdmVuLmFwYWNoZS5vcmcvbWF2ZW4yL29yZy9zcHJpbmdmcmFtZXdvcmsvYm9vdC9zcHJpbmctYm9vdC1hY3R1YXRvci1hdXRvY29uZmlndXJlLzMuNS43L3NwcmluZy1ib290LWFjdHVhdG9yLWF1dG9jb25maWd1cmUtMy41LjcuamFyCg=="",""timestamp"":""2026-08-22T15:29:41.525412919Z""}"
"[INFO] Downloaded from central: https://repo.maven.apache.org/maven2/jakarta/annotation/jakarta.annotation-api/2.1.1/jakarta.annotation-api-2.1.1.jar (26 kB at 304 kB/s)
",2026-08-22T15:29:41.530118619Z,info,"{""serviceId"":""87697b40-66d1-4a58-89e6-1068a09cbf8c"",""deploymentId"":""d6c8c3b8-3bb6-45c0-bc76-a9729ab89f82"",""deploymentInstanceId"":null}","{""level"":""info"",""source"":""buildkit"",""type"":""log"",""vertex"":""sha256:5123184c115415746b9e45a79609be5df6469d0b755767bd2a7f4b208b8cff02"",""stream"":1,""data"":""W0lORk9dIERvd25sb2FkZWQgZnJvbSBjZW50cmFsOiBodHRwczovL3JlcG8ubWF2ZW4uYXBhY2hlLm9yZy9tYXZlbjIvamFrYXJ0YS9hbm5vdGF0aW9uL2pha2FydGEuYW5ub3RhdGlvbi1hcGkvMi4xLjEvamFrYXJ0YS5hbm5vdGF0aW9uLWFwaS0yLjEuMS5qYXIgKDI2IGtCIGF0IDMwNCBrQi9zKQo="",""timestamp"":""2026-08-22T15:29:41.530118619Z""}"
"[INFO] Downloading from central: https://repo.maven.apache.org/maven2/org/springframework/boot/spring-boot-actuator/3.5.7/spring-boot-actuator-3.5.7.jar
[INFO] Downloaded from central: https://repo.maven.apache.org/maven2/ch/qos/logback/logback-core/1.5.20/logback-core-1.5.20.jar (636 kB at 7.2 MB/s)
",2026-08-22T15:29:41.5302995Z,info,"{""serviceId"":""87697b40-66d1-4a58-89e6-1068a09cbf8c"",""deploymentId"":""d6c8c3b8-3bb6-45c0-bc76-a9729ab89f82"",""deploymentInstanceId"":null}","{""level"":""info"",""source"":""buildkit"",""type"":""log"",""vertex"":""sha256:5123184c115415746b9e45a79609be5df6469d0b755767bd2a7f4b208b8cff02"",""stream"":1,""data"":""W0lORk9dIERvd25sb2FkaW5nIGZyb20gY2VudHJhbDogaHR0cHM6Ly9yZXBvLm1hdmVuLmFwYWNoZS5vcmcvbWF2ZW4yL29yZy9zcHJpbmdmcmFtZXdvcmsvYm9vdC9zcHJpbmctYm9vdC1hY3R1YXRvci8zLjUuNy9zcHJpbmctYm9vdC1hY3R1YXRvci0zLjUuNy5qYXIKW0lORk9dIERvd25sb2FkZWQgZnJvbSBjZW50cmFsOiBodHRwczovL3JlcG8ubWF2ZW4uYXBhY2hlLm9yZy9tYXZlbjIvY2gvcW9zL2xvZ2JhY2svbG9nYmFjay1jb3JlLzEuNS4yMC9sb2diYWNrLWNvcmUtMS41LjIwLmphciAoNjM2IGtCIGF0IDcuMiBNQi9zKQo="",""timestamp"":""2026-08-22T15:29:41.5302995Z""}"
"[INFO] Downloading from central: https://repo.maven.apache.org/maven2/com/fasterxml/jackson/datatype/jackson-datatype-jsr310/2.19.2/jackson-datatype-jsr310-2.19.2.jar
",2026-08-22T15:29:41.530428224Z,info,"{""serviceId"":""87697b40-66d1-4a58-89e6-1068a09cbf8c"",""deploymentId"":""d6c8c3b8-3bb6-45c0-bc76-a9729ab89f82"",""deploymentInstanceId"":null}","{""level"":""info"",""source"":""buildkit"",""type"":""log"",""vertex"":""sha256:5123184c115415746b9e45a79609be5df6469d0b755767bd2a7f4b208b8cff02"",""stream"":1,""data"":""W0lORk9dIERvd25sb2FkaW5nIGZyb20gY2VudHJhbDogaHR0cHM6Ly9yZXBvLm1hdmVuLmFwYWNoZS5vcmcvbWF2ZW4yL2NvbS9mYXN0ZXJ4bWwvamFja3Nvbi9kYXRhdHlwZS9qYWNrc29uLWRhdGF0eXBlLWpzcjMxMC8yLjE5LjIvamFja3Nvbi1kYXRhdHlwZS1qc3IzMTAtMi4xOS4yLmphcgo="",""timestamp"":""2026-08-22T15:29:41.530428224Z""}"
"[INFO] Downloaded from central: https://repo.maven.apache.org/maven2/org/yaml/snakeyaml/2.4/snakeyaml-2.4.jar (340 kB at 3.2 MB/s)
[INFO] Downloading from central: https://repo.maven.apache.org/maven2/io/micrometer/micrometer-observation/1.15.5/micrometer-observation-1.15.5.jar
",2026-08-22T15:29:41.55018065Z,info,"{""serviceId"":""87697b40-66d1-4a58-89e6-1068a09cbf8c"",""deploymentId"":""d6c8c3b8-3bb6-45c0-bc76-a9729ab89f82"",""deploymentInstanceId"":null}","{""level"":""info"",""source"":""buildkit"",""type"":""log"",""vertex"":""sha256:5123184c115415746b9e45a79609be5df6469d0b755767bd2a7f4b208b8cff02"",""stream"":1,""data"":""W0lORk9dIERvd25sb2FkZWQgZnJvbSBjZW50cmFsOiBodHRwczovL3JlcG8ubWF2ZW4uYXBhY2hlLm9yZy9tYXZlbjIvb3JnL3lhbWwvc25ha2V5YW1sLzIuNC9zbmFrZXlhbWwtMi40LmphciAoMzQwIGtCIGF0IDMuMiBNQi9zKQpbSU5GT10gRG93bmxvYWRpbmcgZnJvbSBjZW50cmFsOiBodHRwczovL3JlcG8ubWF2ZW4uYXBhY2hlLm9yZy9tYXZlbjIvaW8vbWljcm9tZXRlci9taWNyb21ldGVyLW9ic2VydmF0aW9uLzEuMTUuNS9taWNyb21ldGVyLW9ic2VydmF0aW9uLTEuMTUuNS5qYXIK"",""timestamp"":""2026-08-22T15:29:41.55018065Z""}"
"[INFO] Downloaded from central: https://repo.maven.apache.org/maven2/org/apache/logging/log4j/log4j-api/2.24.3/log4j-api-2.24.3.jar (349 kB at 3.2 MB/s)
[INFO] Downloading from central: https://repo.maven.apache.org/maven2/io/micrometer/micrometer-commons/1.15.5/micrometer-commons-1.15.5.jar
",2026-08-22T15:29:41.552871778Z,info,"{""serviceId"":""87697b40-66d1-4a58-89e6-1068a09cbf8c"",""deploymentId"":""d6c8c3b8-3bb6-45c0-bc76-a9729ab89f82"",""deploymentInstanceId"":null}","{""level"":""info"",""source"":""buildkit"",""type"":""log"",""vertex"":""sha256:5123184c115415746b9e45a79609be5df6469d0b755767bd2a7f4b208b8cff02"",""stream"":1,""data"":""W0lORk9dIERvd25sb2FkZWQgZnJvbSBjZW50cmFsOiBodHRwczovL3JlcG8ubWF2ZW4uYXBhY2hlLm9yZy9tYXZlbjIvb3JnL2FwYWNoZS9sb2dnaW5nL2xvZzRqL2xvZzRqLWFwaS8yLjI0LjMvbG9nNGotYXBpLTIuMjQuMy5qYXIgKDM0OSBrQiBhdCAzLjIgTUIvcykKW0lORk9dIERvd25sb2FkaW5nIGZyb20gY2VudHJhbDogaHR0cHM6Ly9yZXBvLm1hdmVuLmFwYWNoZS5vcmcvbWF2ZW4yL2lvL21pY3JvbWV0ZXIvbWljcm9tZXRlci1jb21tb25zLzEuMTUuNS9taWNyb21ldGVyLWNvbW1vbnMtMS4xNS41Lmphcgo="",""timestamp"":""2026-08-22T15:29:41.552871778Z""}"
"[INFO] Downloaded from central: https://repo.maven.apache.org/maven2/com/fasterxml/jackson/datatype/jackson-datatype-jsr310/2.19.2/jackson-datatype-jsr310-2.19.2.jar (137 kB at 1.2 MB/s)
[INFO] Downloading from central: https://repo.maven.apache.org/maven2/io/micrometer/micrometer-jakarta9/1.15.5/micrometer-jakarta9-1.15.5.jar
",2026-08-22T15:29:41.557464288Z,info,"{""serviceId"":""87697b40-66d1-4a58-89e6-1068a09cbf8c"",""deploymentId"":""d6c8c3b8-3bb6-45c0-bc76-a9729ab89f82"",""deploymentInstanceId"":null}","{""level"":""info"",""source"":""buildkit"",""type"":""log"",""vertex"":""sha256:5123184c115415746b9e45a79609be5df6469d0b755767bd2a7f4b208b8cff02"",""stream"":1,""data"":""W0lORk9dIERvd25sb2FkZWQgZnJvbSBjZW50cmFsOiBodHRwczovL3JlcG8ubWF2ZW4uYXBhY2hlLm9yZy9tYXZlbjIvY29tL2Zhc3RlcnhtbC9qYWNrc29uL2RhdGF0eXBlL2phY2tzb24tZGF0YXR5cGUtanNyMzEwLzIuMTkuMi9qYWNrc29uLWRhdGF0eXBlLWpzcjMxMC0yLjE5LjIuamFyICgxMzcga0IgYXQgMS4yIE1CL3MpCltJTkZPXSBEb3dubG9hZGluZyBmcm9tIGNlbnRyYWw6IGh0dHBzOi8vcmVwby5tYXZlbi5hcGFjaGUub3JnL21hdmVuMi9pby9taWNyb21ldGVyL21pY3JvbWV0ZXItamFrYXJ0YTkvMS4xNS41L21pY3JvbWV0ZXItamFrYXJ0YTktMS4xNS41Lmphcgo="",""timestamp"":""2026-08-22T15:29:41.557464288Z""}"
"[INFO] Downloaded from central: https://repo.maven.apache.org/maven2/org/springframework/boot/spring-boot-actuator/3.5.7/spring-boot-actuator-3.5.7.jar (704 kB at 5.9 MB/s)
[INFO] Downloading from central: https://repo.maven.apache.org/maven2/io/micrometer/micrometer-core/1.15.5/micrometer-core-1.15.5.jar
",2026-08-22T15:29:41.564119073Z,info,"{""serviceId"":""87697b40-66d1-4a58-89e6-1068a09cbf8c"",""deploymentId"":""d6c8c3b8-3bb6-45c0-bc76-a9729ab89f82"",""deploymentInstanceId"":null}","{""level"":""info"",""source"":""buildkit"",""type"":""log"",""vertex"":""sha256:5123184c115415746b9e45a79609be5df6469d0b755767bd2a7f4b208b8cff02"",""stream"":1,""data"":""W0lORk9dIERvd25sb2FkZWQgZnJvbSBjZW50cmFsOiBodHRwczovL3JlcG8ubWF2ZW4uYXBhY2hlLm9yZy9tYXZlbjIvb3JnL3NwcmluZ2ZyYW1ld29yay9ib290L3NwcmluZy1ib290LWFjdHVhdG9yLzMuNS43L3NwcmluZy1ib290LWFjdHVhdG9yLTMuNS43LmphciAoNzA0IGtCIGF0IDUuOSBNQi9zKQpbSU5GT10gRG93bmxvYWRpbmcgZnJvbSBjZW50cmFsOiBodHRwczovL3JlcG8ubWF2ZW4uYXBhY2hlLm9yZy9tYXZlbjIvaW8vbWljcm9tZXRlci9taWNyb21ldGVyLWNvcmUvMS4xNS41L21pY3JvbWV0ZXItY29yZS0xLjE1LjUuamFyCg=="",""timestamp"":""2026-08-22T15:29:41.564119073Z""}"
"[INFO] Downloaded from central: https://repo.maven.apache.org/maven2/org/springframework/boot/spring-boot-actuator-autoconfigure/3.5.7/spring-boot-actuator-autoconfigure-3.5.7.jar (843 kB at 6.8 MB/s)
",2026-08-22T15:29:41.567768859Z,info,"{""serviceId"":""87697b40-66d1-4a58-89e6-1068a09cbf8c"",""deploymentId"":""d6c8c3b8-3bb6-45c0-bc76-a9729ab89f82"",""deploymentInstanceId"":null}","{""level"":""info"",""source"":""buildkit"",""type"":""log"",""vertex"":""sha256:5123184c115415746b9e45a79609be5df6469d0b755767bd2a7f4b208b8cff02"",""stream"":1,""data"":""W0lORk9dIERvd25sb2FkZWQgZnJvbSBjZW50cmFsOiBodHRwczovL3JlcG8ubWF2ZW4uYXBhY2hlLm9yZy9tYXZlbjIvb3JnL3NwcmluZ2ZyYW1ld29yay9ib290L3NwcmluZy1ib290LWFjdHVhdG9yLWF1dG9jb25maWd1cmUvMy41Ljcvc3ByaW5nLWJvb3QtYWN0dWF0b3ItYXV0b2NvbmZpZ3VyZS0zLjUuNy5qYXIgKDg0MyBrQiBhdCA2LjggTUIvcykK"",""timestamp"":""2026-08-22T15:29:41.567768859Z""}"
"[INFO] Downloading from central: https://repo.maven.apache.org/maven2/org/hdrhistogram/HdrHistogram/2.2.2/HdrHistogram-2.2.2.jar
",2026-08-22T15:29:41.567790371Z,info,"{""serviceId"":""87697b40-66d1-4a58-89e6-1068a09cbf8c"",""deploymentId"":""d6c8c3b8-3bb6-45c0-bc76-a9729ab89f82"",""deploymentInstanceId"":null}","{""level"":""info"",""source"":""buildkit"",""type"":""log"",""vertex"":""sha256:5123184c115415746b9e45a79609be5df6469d0b755767bd2a7f4b208b8cff02"",""stream"":1,""data"":""W0lORk9dIERvd25sb2FkaW5nIGZyb20gY2VudHJhbDogaHR0cHM6Ly9yZXBvLm1hdmVuLmFwYWNoZS5vcmcvbWF2ZW4yL29yZy9oZHJoaXN0b2dyYW0vSGRySGlzdG9ncmFtLzIuMi4yL0hkckhpc3RvZ3JhbS0yLjIuMi5qYXIK"",""timestamp"":""2026-08-22T15:29:41.567790371Z""}"
"[INFO] Downloaded from central: https://repo.maven.apache.org/maven2/io/micrometer/micrometer-observation/1.15.5/micrometer-observation-1.15.5.jar (75 kB at 582 kB/s)
[INFO] Downloading from central: https://repo.maven.apache.org/maven2/org/latencyutils/LatencyUtils/2.0.3/LatencyUtils-2.0.3.jar
",2026-08-22T15:29:41.57253485Z,info,"{""serviceId"":""87697b40-66d1-4a58-89e6-1068a09cbf8c"",""deploymentId"":""d6c8c3b8-3bb6-45c0-bc76-a9729ab89f82"",""deploymentInstanceId"":null}","{""level"":""info"",""source"":""buildkit"",""type"":""log"",""vertex"":""sha256:5123184c115415746b9e45a79609be5df6469d0b755767bd2a7f4b208b8cff02"",""stream"":1,""data"":""W0lORk9dIERvd25sb2FkZWQgZnJvbSBjZW50cmFsOiBodHRwczovL3JlcG8ubWF2ZW4uYXBhY2hlLm9yZy9tYXZlbjIvaW8vbWljcm9tZXRlci9taWNyb21ldGVyLW9ic2VydmF0aW9uLzEuMTUuNS9taWNyb21ldGVyLW9ic2VydmF0aW9uLTEuMTUuNS5qYXIgKDc1IGtCIGF0IDU4MiBrQi9zKQpbSU5GT10gRG93bmxvYWRpbmcgZnJvbSBjZW50cmFsOiBodHRwczovL3JlcG8ubWF2ZW4uYXBhY2hlLm9yZy9tYXZlbjIvb3JnL2xhdGVuY3l1dGlscy9MYXRlbmN5VXRpbHMvMi4wLjMvTGF0ZW5jeVV0aWxzLTIuMC4zLmphcgo="",""timestamp"":""2026-08-22T15:29:41.57253485Z""}"
"[INFO] Downloaded from central: https://repo.maven.apache.org/maven2/io/micrometer/micrometer-commons/1.15.5/micrometer-commons-1.15.5.jar (49 kB at 357 kB/s)
[INFO] Downloading from central: https://repo.maven.apache.org/maven2/org/springframework/boot/spring-boot-starter-data-jpa/3.5.7/spring-boot-starter-data-jpa-3.5.7.jar
",2026-08-22T15:29:41.581496927Z,info,"{""serviceId"":""87697b40-66d1-4a58-89e6-1068a09cbf8c"",""deploymentId"":""d6c8c3b8-3bb6-45c0-bc76-a9729ab89f82"",""deploymentInstanceId"":null}","{""level"":""info"",""source"":""buildkit"",""type"":""log"",""vertex"":""sha256:5123184c115415746b9e45a79609be5df6469d0b755767bd2a7f4b208b8cff02"",""stream"":1,""data"":""W0lORk9dIERvd25sb2FkZWQgZnJvbSBjZW50cmFsOiBodHRwczovL3JlcG8ubWF2ZW4uYXBhY2hlLm9yZy9tYXZlbjIvaW8vbWljcm9tZXRlci9taWNyb21ldGVyLWNvbW1vbnMvMS4xNS41L21pY3JvbWV0ZXItY29tbW9ucy0xLjE1LjUuamFyICg0OSBrQiBhdCAzNTcga0IvcykKW0lORk9dIERvd25sb2FkaW5nIGZyb20gY2VudHJhbDogaHR0cHM6Ly9yZXBvLm1hdmVuLmFwYWNoZS5vcmcvbWF2ZW4yL29yZy9zcHJpbmdmcmFtZXdvcmsvYm9vdC9zcHJpbmctYm9vdC1zdGFydGVyLWRhdGEtanBhLzMuNS43L3NwcmluZy1ib290LXN0YXJ0ZXItZGF0YS1qcGEtMy41LjcuamFyCg=="",""timestamp"":""2026-08-22T15:29:41.581496927Z""}"
"[INFO] Downloaded from central: https://repo.maven.apache.org/maven2/io/micrometer/micrometer-jakarta9/1.15.5/micrometer-jakarta9-1.15.5.jar (33 kB at 238 kB/s)
",2026-08-22T15:29:41.581908254Z,info,"{""serviceId"":""87697b40-66d1-4a58-89e6-1068a09cbf8c"",""deploymentId"":""d6c8c3b8-3bb6-45c0-bc76-a9729ab89f82"",""deploymentInstanceId"":null}","{""level"":""info"",""source"":""buildkit"",""type"":""log"",""vertex"":""sha256:5123184c115415746b9e45a79609be5df6469d0b755767bd2a7f4b208b8cff02"",""stream"":1,""data"":""W0lORk9dIERvd25sb2FkZWQgZnJvbSBjZW50cmFsOiBodHRwczovL3JlcG8ubWF2ZW4uYXBhY2hlLm9yZy9tYXZlbjIvaW8vbWljcm9tZXRlci9taWNyb21ldGVyLWpha2FydGE5LzEuMTUuNS9taWNyb21ldGVyLWpha2FydGE5LTEuMTUuNS5qYXIgKDMzIGtCIGF0IDIzOCBrQi9zKQo="",""timestamp"":""2026-08-22T15:29:41.581908254Z""}"
"[INFO] Downloading from central: https://repo.maven.apache.org/maven2/org/springframework/boot/spring-boot-starter-jdbc/3.5.7/spring-boot-starter-jdbc-3.5.7.jar
",2026-08-22T15:29:41.581988354Z,info,"{""serviceId"":""87697b40-66d1-4a58-89e6-1068a09cbf8c"",""deploymentId"":""d6c8c3b8-3bb6-45c0-bc76-a9729ab89f82"",""deploymentInstanceId"":null}","{""level"":""info"",""source"":""buildkit"",""type"":""log"",""vertex"":""sha256:5123184c115415746b9e45a79609be5df6469d0b755767bd2a7f4b208b8cff02"",""stream"":1,""data"":""W0lORk9dIERvd25sb2FkaW5nIGZyb20gY2VudHJhbDogaHR0cHM6Ly9yZXBvLm1hdmVuLmFwYWNoZS5vcmcvbWF2ZW4yL29yZy9zcHJpbmdmcmFtZXdvcmsvYm9vdC9zcHJpbmctYm9vdC1zdGFydGVyLWpkYmMvMy41Ljcvc3ByaW5nLWJvb3Qtc3RhcnRlci1qZGJjLTMuNS43Lmphcgo="",""timestamp"":""2026-08-22T15:29:41.581988354Z""}"
"[INFO] Downloaded from central: https://repo.maven.apache.org/maven2/org/latencyutils/LatencyUtils/2.0.3/LatencyUtils-2.0.3.jar (30 kB at 203 kB/s)
",2026-08-22T15:29:41.590507626Z,info,"{""serviceId"":""87697b40-66d1-4a58-89e6-1068a09cbf8c"",""deploymentId"":""d6c8c3b8-3bb6-45c0-bc76-a9729ab89f82"",""deploymentInstanceId"":null}","{""level"":""info"",""source"":""buildkit"",""type"":""log"",""vertex"":""sha256:5123184c115415746b9e45a79609be5df6469d0b755767bd2a7f4b208b8cff02"",""stream"":1,""data"":""W0lORk9dIERvd25sb2FkZWQgZnJvbSBjZW50cmFsOiBodHRwczovL3JlcG8ubWF2ZW4uYXBhY2hlLm9yZy9tYXZlbjIvb3JnL2xhdGVuY3l1dGlscy9MYXRlbmN5VXRpbHMvMi4wLjMvTGF0ZW5jeVV0aWxzLTIuMC4zLmphciAoMzAga0IgYXQgMjAzIGtCL3MpCg=="",""timestamp"":""2026-08-22T15:29:41.590507626Z""}"
"[INFO] Downloading from central: https://repo.maven.apache.org/maven2/com/zaxxer/HikariCP/6.3.3/HikariCP-6.3.3.jar
",2026-08-22T15:29:41.590533595Z,info,"{""serviceId"":""87697b40-66d1-4a58-89e6-1068a09cbf8c"",""deploymentId"":""d6c8c3b8-3bb6-45c0-bc76-a9729ab89f82"",""deploymentInstanceId"":null}","{""level"":""info"",""source"":""buildkit"",""type"":""log"",""vertex"":""sha256:5123184c115415746b9e45a79609be5df6469d0b755767bd2a7f4b208b8cff02"",""stream"":1,""data"":""W0lORk9dIERvd25sb2FkaW5nIGZyb20gY2VudHJhbDogaHR0cHM6Ly9yZXBvLm1hdmVuLmFwYWNoZS5vcmcvbWF2ZW4yL2NvbS96YXh4ZXIvSGlrYXJpQ1AvNi4zLjMvSGlrYXJpQ1AtNi4zLjMuamFyCg=="",""timestamp"":""2026-08-22T15:29:41.590533595Z""}"
"[INFO] Downloaded from central: https://repo.maven.apache.org/maven2/org/hdrhistogram/HdrHistogram/2.2.2/HdrHistogram-2.2.2.jar (177 kB at 1.2 MB/s)
[INFO] Downloading from central: https://repo.maven.apache.org/maven2/org/springframework/spring-jdbc/6.2.12/spring-jdbc-6.2.12.jar
",2026-08-22T15:29:41.595126717Z,info,"{""serviceId"":""87697b40-66d1-4a58-89e6-1068a09cbf8c"",""deploymentId"":""d6c8c3b8-3bb6-45c0-bc76-a9729ab89f82"",""deploymentInstanceId"":null}","{""level"":""info"",""source"":""buildkit"",""type"":""log"",""vertex"":""sha256:5123184c115415746b9e45a79609be5df6469d0b755767bd2a7f4b208b8cff02"",""stream"":1,""data"":""W0lORk9dIERvd25sb2FkZWQgZnJvbSBjZW50cmFsOiBodHRwczovL3JlcG8ubWF2ZW4uYXBhY2hlLm9yZy9tYXZlbjIvb3JnL2hkcmhpc3RvZ3JhbS9IZHJIaXN0b2dyYW0vMi4yLjIvSGRySGlzdG9ncmFtLTIuMi4yLmphciAoMTc3IGtCIGF0IDEuMiBNQi9zKQpbSU5GT10gRG93bmxvYWRpbmcgZnJvbSBjZW50cmFsOiBodHRwczovL3JlcG8ubWF2ZW4uYXBhY2hlLm9yZy9tYXZlbjIvb3JnL3NwcmluZ2ZyYW1ld29yay9zcHJpbmctamRiYy82LjIuMTIvc3ByaW5nLWpkYmMtNi4yLjEyLmphcgo="",""timestamp"":""2026-08-22T15:29:41.595126717Z""}"
"[INFO] Downloaded from central: https://repo.maven.apache.org/maven2/io/micrometer/micrometer-core/1.15.5/micrometer-core-1.15.5.jar (865 kB at 5.6 MB/s)
[INFO] Downloading from central: https://repo.maven.apache.org/maven2/org/hibernate/orm/hibernate-core/6.6.33.Final/hibernate-core-6.6.33.Final.jar
",2026-08-22T15:29:41.598338295Z,info,"{""serviceId"":""87697b40-66d1-4a58-89e6-1068a09cbf8c"",""deploymentId"":""d6c8c3b8-3bb6-45c0-bc76-a9729ab89f82"",""deploymentInstanceId"":null}","{""level"":""info"",""source"":""buildkit"",""type"":""log"",""vertex"":""sha256:5123184c115415746b9e45a79609be5df6469d0b755767bd2a7f4b208b8cff02"",""stream"":1,""data"":""W0lORk9dIERvd25sb2FkZWQgZnJvbSBjZW50cmFsOiBodHRwczovL3JlcG8ubWF2ZW4uYXBhY2hlLm9yZy9tYXZlbjIvaW8vbWljcm9tZXRlci9taWNyb21ldGVyLWNvcmUvMS4xNS41L21pY3JvbWV0ZXItY29yZS0xLjE1LjUuamFyICg4NjUga0IgYXQgNS42IE1CL3MpCltJTkZPXSBEb3dubG9hZGluZyBmcm9tIGNlbnRyYWw6IGh0dHBzOi8vcmVwby5tYXZlbi5hcGFjaGUub3JnL21hdmVuMi9vcmcvaGliZXJuYXRlL29ybS9oaWJlcm5hdGUtY29yZS82LjYuMzMuRmluYWwvaGliZXJuYXRlLWNvcmUtNi42LjMzLkZpbmFsLmphcgo="",""timestamp"":""2026-08-22T15:29:41.598338295Z""}"
"[INFO] Downloaded from central: https://repo.maven.apache.org/maven2/org/springframework/boot/spring-boot-starter-data-jpa/3.5.7/spring-boot-starter-data-jpa-3.5.7.jar (4.8 kB at 30 kB/s)
[INFO] Downloading from central: https://repo.maven.apache.org/maven2/jakarta/persistence/jakarta.persistence-api/3.1.0/jakarta.persistence-api-3.1.0.jar
",2026-08-22T15:29:41.602858778Z,info,"{""serviceId"":""87697b40-66d1-4a58-89e6-1068a09cbf8c"",""deploymentId"":""d6c8c3b8-3bb6-45c0-bc76-a9729ab89f82"",""deploymentInstanceId"":null}","{""level"":""info"",""source"":""buildkit"",""type"":""log"",""vertex"":""sha256:5123184c115415746b9e45a79609be5df6469d0b755767bd2a7f4b208b8cff02"",""stream"":1,""data"":""W0lORk9dIERvd25sb2FkZWQgZnJvbSBjZW50cmFsOiBodHRwczovL3JlcG8ubWF2ZW4uYXBhY2hlLm9yZy9tYXZlbjIvb3JnL3NwcmluZ2ZyYW1ld29yay9ib290L3NwcmluZy1ib290LXN0YXJ0ZXItZGF0YS1qcGEvMy41Ljcvc3ByaW5nLWJvb3Qtc3RhcnRlci1kYXRhLWpwYS0zLjUuNy5qYXIgKDQuOCBrQiBhdCAzMCBrQi9zKQpbSU5GT10gRG93bmxvYWRpbmcgZnJvbSBjZW50cmFsOiBodHRwczovL3JlcG8ubWF2ZW4uYXBhY2hlLm9yZy9tYXZlbjIvamFrYXJ0YS9wZXJzaXN0ZW5jZS9qYWthcnRhLnBlcnNpc3RlbmNlLWFwaS8zLjEuMC9qYWthcnRhLnBlcnNpc3RlbmNlLWFwaS0zLjEuMC5qYXIK"",""timestamp"":""2026-08-22T15:29:41.602858778Z""}"
"[INFO] Downloaded from central: https://repo.maven.apache.org/maven2/org/springframework/boot/spring-boot-starter-jdbc/3.5.7/spring-boot-starter-jdbc-3.5.7.jar (4.8 kB at 30 kB/s)
",2026-08-22T15:29:41.604300221Z,info,"{""serviceId"":""87697b40-66d1-4a58-89e6-1068a09cbf8c"",""deploymentId"":""d6c8c3b8-3bb6-45c0-bc76-a9729ab89f82"",""deploymentInstanceId"":null}","{""level"":""info"",""source"":""buildkit"",""type"":""log"",""vertex"":""sha256:5123184c115415746b9e45a79609be5df6469d0b755767bd2a7f4b208b8cff02"",""stream"":1,""data"":""W0lORk9dIERvd25sb2FkZWQgZnJvbSBjZW50cmFsOiBodHRwczovL3JlcG8ubWF2ZW4uYXBhY2hlLm9yZy9tYXZlbjIvb3JnL3NwcmluZ2ZyYW1ld29yay9ib290L3NwcmluZy1ib290LXN0YXJ0ZXItamRiYy8zLjUuNy9zcHJpbmctYm9vdC1zdGFydGVyLWpkYmMtMy41LjcuamFyICg0Ljgga0IgYXQgMzAga0IvcykK"",""timestamp"":""2026-08-22T15:29:41.604300221Z""}"
"[INFO] Downloading from central: https://repo.maven.apache.org/maven2/jakarta/transaction/jakarta.transaction-api/2.0.1/jakarta.transaction-api-2.0.1.jar
",2026-08-22T15:29:41.604382234Z,info,"{""serviceId"":""87697b40-66d1-4a58-89e6-1068a09cbf8c"",""deploymentId"":""d6c8c3b8-3bb6-45c0-bc76-a9729ab89f82"",""deploymentInstanceId"":null}","{""level"":""info"",""source"":""buildkit"",""type"":""log"",""vertex"":""sha256:5123184c115415746b9e45a79609be5df6469d0b755767bd2a7f4b208b8cff02"",""stream"":1,""data"":""W0lORk9dIERvd25sb2FkaW5nIGZyb20gY2VudHJhbDogaHR0cHM6Ly9yZXBvLm1hdmVuLmFwYWNoZS5vcmcvbWF2ZW4yL2pha2FydGEvdHJhbnNhY3Rpb24vamFrYXJ0YS50cmFuc2FjdGlvbi1hcGkvMi4wLjEvamFrYXJ0YS50cmFuc2FjdGlvbi1hcGktMi4wLjEuamFyCg=="",""timestamp"":""2026-08-22T15:29:41.604382234Z""}"
"[INFO] Downloaded from central: https://repo.maven.apache.org/maven2/com/zaxxer/HikariCP/6.3.3/HikariCP-6.3.3.jar (172 kB at 1.0 MB/s)
[INFO] Downloading from central: https://repo.maven.apache.org/maven2/org/jboss/logging/jboss-logging/3.6.1.Final/jboss-logging-3.6.1.Final.jar
",2026-08-22T15:29:41.610163979Z,info,"{""serviceId"":""87697b40-66d1-4a58-89e6-1068a09cbf8c"",""deploymentId"":""d6c8c3b8-3bb6-45c0-bc76-a9729ab89f82"",""deploymentInstanceId"":null}","{""level"":""info"",""source"":""buildkit"",""type"":""log"",""vertex"":""sha256:5123184c115415746b9e45a79609be5df6469d0b755767bd2a7f4b208b8cff02"",""stream"":1,""data"":""W0lORk9dIERvd25sb2FkZWQgZnJvbSBjZW50cmFsOiBodHRwczovL3JlcG8ubWF2ZW4uYXBhY2hlLm9yZy9tYXZlbjIvY29tL3pheHhlci9IaWthcmlDUC82LjMuMy9IaWthcmlDUC02LjMuMy5qYXIgKDE3MiBrQiBhdCAxLjAgTUIvcykKW0lORk9dIERvd25sb2FkaW5nIGZyb20gY2VudHJhbDogaHR0cHM6Ly9yZXBvLm1hdmVuLmFwYWNoZS5vcmcvbWF2ZW4yL29yZy9qYm9zcy9sb2dnaW5nL2pib3NzLWxvZ2dpbmcvMy42LjEuRmluYWwvamJvc3MtbG9nZ2luZy0zLjYuMS5GaW5hbC5qYXIK"",""timestamp"":""2026-08-22T15:29:41.610163979Z""}"
"[INFO] Downloaded from central: https://repo.maven.apache.org/maven2/org/springframework/spring-jdbc/6.2.12/spring-jdbc-6.2.12.jar (473 kB at 2.6 MB/s)
[INFO] Downloading from central: https://repo.maven.apache.org/maven2/org/hibernate/common/hibernate-commons-annotations/7.0.3.Final/hibernate-commons-annotations-7.0.3.Final.jar
",2026-08-22T15:29:41.624161961Z,info,"{""serviceId"":""87697b40-66d1-4a58-89e6-1068a09cbf8c"",""deploymentId"":""d6c8c3b8-3bb6-45c0-bc76-a9729ab89f82"",""deploymentInstanceId"":null}","{""level"":""info"",""source"":""buildkit"",""type"":""log"",""vertex"":""sha256:5123184c115415746b9e45a79609be5df6469d0b755767bd2a7f4b208b8cff02"",""stream"":1,""data"":""W0lORk9dIERvd25sb2FkZWQgZnJvbSBjZW50cmFsOiBodHRwczovL3JlcG8ubWF2ZW4uYXBhY2hlLm9yZy9tYXZlbjIvb3JnL3NwcmluZ2ZyYW1ld29yay9zcHJpbmctamRiYy82LjIuMTIvc3ByaW5nLWpkYmMtNi4yLjEyLmphciAoNDczIGtCIGF0IDIuNiBNQi9zKQpbSU5GT10gRG93bmxvYWRpbmcgZnJvbSBjZW50cmFsOiBodHRwczovL3JlcG8ubWF2ZW4uYXBhY2hlLm9yZy9tYXZlbjIvb3JnL2hpYmVybmF0ZS9jb21tb24vaGliZXJuYXRlLWNvbW1vbnMtYW5ub3RhdGlvbnMvNy4wLjMuRmluYWwvaGliZXJuYXRlLWNvbW1vbnMtYW5ub3RhdGlvbnMtNy4wLjMuRmluYWwuamFyCg=="",""timestamp"":""2026-08-22T15:29:41.624161961Z""}"
"[INFO] Downloaded from central: https://repo.maven.apache.org/maven2/jakarta/persistence/jakarta.persistence-api/3.1.0/jakarta.persistence-api-3.1.0.jar (165 kB at 893 kB/s)
",2026-08-22T15:29:41.628994682Z,info,"{""serviceId"":""87697b40-66d1-4a58-89e6-1068a09cbf8c"",""deploymentId"":""d6c8c3b8-3bb6-45c0-bc76-a9729ab89f82"",""deploymentInstanceId"":null}","{""level"":""info"",""source"":""buildkit"",""type"":""log"",""vertex"":""sha256:5123184c115415746b9e45a79609be5df6469d0b755767bd2a7f4b208b8cff02"",""stream"":1,""data"":""W0lORk9dIERvd25sb2FkZWQgZnJvbSBjZW50cmFsOiBodHRwczovL3JlcG8ubWF2ZW4uYXBhY2hlLm9yZy9tYXZlbjIvamFrYXJ0YS9wZXJzaXN0ZW5jZS9qYWthcnRhLnBlcnNpc3RlbmNlLWFwaS8zLjEuMC9qYWthcnRhLnBlcnNpc3RlbmNlLWFwaS0zLjEuMC5qYXIgKDE2NSBrQiBhdCA4OTMga0IvcykK"",""timestamp"":""2026-08-22T15:29:41.628994682Z""}"
"[INFO] Downloading from central: https://repo.maven.apache.org/maven2/io/smallrye/jandex/3.2.0/jandex-3.2.0.jar
",2026-08-22T15:29:41.62901304Z,info,"{""serviceId"":""87697b40-66d1-4a58-89e6-1068a09cbf8c"",""deploymentId"":""d6c8c3b8-3bb6-45c0-bc76-a9729ab89f82"",""deploymentInstanceId"":null}","{""level"":""info"",""source"":""buildkit"",""type"":""log"",""vertex"":""sha256:5123184c115415746b9e45a79609be5df6469d0b755767bd2a7f4b208b8cff02"",""stream"":1,""data"":""W0lORk9dIERvd25sb2FkaW5nIGZyb20gY2VudHJhbDogaHR0cHM6Ly9yZXBvLm1hdmVuLmFwYWNoZS5vcmcvbWF2ZW4yL2lvL3NtYWxscnllL2phbmRleC8zLjIuMC9qYW5kZXgtMy4yLjAuamFyCg=="",""timestamp"":""2026-08-22T15:29:41.62901304Z""}"
"[INFO] Downloaded from central: https://repo.maven.apache.org/maven2/jakarta/transaction/jakarta.transaction-api/2.0.1/jakarta.transaction-api-2.0.1.jar (29 kB at 154 kB/s)
[INFO] Downloading from central: https://repo.maven.apache.org/maven2/com/fasterxml/classmate/1.7.1/classmate-1.7.1.jar
",2026-08-22T15:29:41.630784948Z,info,"{""serviceId"":""87697b40-66d1-4a58-89e6-1068a09cbf8c"",""deploymentId"":""d6c8c3b8-3bb6-45c0-bc76-a9729ab89f82"",""deploymentInstanceId"":null}","{""level"":""info"",""source"":""buildkit"",""type"":""log"",""vertex"":""sha256:5123184c115415746b9e45a79609be5df6469d0b755767bd2a7f4b208b8cff02"",""stream"":1,""data"":""W0lORk9dIERvd25sb2FkZWQgZnJvbSBjZW50cmFsOiBodHRwczovL3JlcG8ubWF2ZW4uYXBhY2hlLm9yZy9tYXZlbjIvamFrYXJ0YS90cmFuc2FjdGlvbi9qYWthcnRhLnRyYW5zYWN0aW9uLWFwaS8yLjAuMS9qYWthcnRhLnRyYW5zYWN0aW9uLWFwaS0yLjAuMS5qYXIgKDI5IGtCIGF0IDE1NCBrQi9zKQpbSU5GT10gRG93bmxvYWRpbmcgZnJvbSBjZW50cmFsOiBodHRwczovL3JlcG8ubWF2ZW4uYXBhY2hlLm9yZy9tYXZlbjIvY29tL2Zhc3RlcnhtbC9jbGFzc21hdGUvMS43LjEvY2xhc3NtYXRlLTEuNy4xLmphcgo="",""timestamp"":""2026-08-22T15:29:41.630784948Z""}"
"[INFO] Downloaded from central: https://repo.maven.apache.org/maven2/org/jboss/logging/jboss-logging/3.6.1.Final/jboss-logging-3.6.1.Final.jar (62 kB at 324 kB/s)
[INFO] Downloading from central: https://repo.maven.apache.org/maven2/net/bytebuddy/byte-buddy/1.17.8/byte-buddy-1.17.8.jar
",2026-08-22T15:29:41.635248335Z,info,"{""serviceId"":""87697b40-66d1-4a58-89e6-1068a09cbf8c"",""deploymentId"":""d6c8c3b8-3bb6-45c0-bc76-a9729ab89f82"",""deploymentInstanceId"":null}","{""level"":""info"",""source"":""buildkit"",""type"":""log"",""vertex"":""sha256:5123184c115415746b9e45a79609be5df6469d0b755767bd2a7f4b208b8cff02"",""stream"":1,""data"":""W0lORk9dIERvd25sb2FkZWQgZnJvbSBjZW50cmFsOiBodHRwczovL3JlcG8ubWF2ZW4uYXBhY2hlLm9yZy9tYXZlbjIvb3JnL2pib3NzL2xvZ2dpbmcvamJvc3MtbG9nZ2luZy8zLjYuMS5GaW5hbC9qYm9zcy1sb2dnaW5nLTMuNi4xLkZpbmFsLmphciAoNjIga0IgYXQgMzI0IGtCL3MpCltJTkZPXSBEb3dubG9hZGluZyBmcm9tIGNlbnRyYWw6IGh0dHBzOi8vcmVwby5tYXZlbi5hcGFjaGUub3JnL21hdmVuMi9uZXQvYnl0ZWJ1ZGR5L2J5dGUtYnVkZHkvMS4xNy44L2J5dGUtYnVkZHktMS4xNy44Lmphcgo="",""timestamp"":""2026-08-22T15:29:41.635248335Z""}"
"[INFO] Downloaded from central: https://repo.maven.apache.org/maven2/org/hibernate/common/hibernate-commons-annotations/7.0.3.Final/hibernate-commons-annotations-7.0.3.Final.jar (68 kB at 321 kB/s)
[INFO] Downloaded from central: https://repo.maven.apache.org/maven2/com/fasterxml/classmate/1.7.1/classmate-1.7.1.jar (68 kB at 322 kB/s)
",2026-08-22T15:29:41.656794493Z,info,"{""serviceId"":""87697b40-66d1-4a58-89e6-1068a09cbf8c"",""deploymentId"":""d6c8c3b8-3bb6-45c0-bc76-a9729ab89f82"",""deploymentInstanceId"":null}","{""level"":""info"",""source"":""buildkit"",""type"":""log"",""vertex"":""sha256:5123184c115415746b9e45a79609be5df6469d0b755767bd2a7f4b208b8cff02"",""stream"":1,""data"":""W0lORk9dIERvd25sb2FkZWQgZnJvbSBjZW50cmFsOiBodHRwczovL3JlcG8ubWF2ZW4uYXBhY2hlLm9yZy9tYXZlbjIvb3JnL2hpYmVybmF0ZS9jb21tb24vaGliZXJuYXRlLWNvbW1vbnMtYW5ub3RhdGlvbnMvNy4wLjMuRmluYWwvaGliZXJuYXRlLWNvbW1vbnMtYW5ub3RhdGlvbnMtNy4wLjMuRmluYWwuamFyICg2OCBrQiBhdCAzMjEga0IvcykKW0lORk9dIERvd25sb2FkZWQgZnJvbSBjZW50cmFsOiBodHRwczovL3JlcG8ubWF2ZW4uYXBhY2hlLm9yZy9tYXZlbjIvY29tL2Zhc3RlcnhtbC9jbGFzc21hdGUvMS43LjEvY2xhc3NtYXRlLTEuNy4xLmphciAoNjgga0IgYXQgMzIyIGtCL3MpCg=="",""timestamp"":""2026-08-22T15:29:41.656794493Z""}"
"[INFO] Downloading from central: https://repo.maven.apache.org/maven2/org/glassfish/jaxb/jaxb-core/4.0.6/jaxb-core-4.0.6.jar
[INFO] Downloading from central: https://repo.maven.apache.org/maven2/org/glassfish/jaxb/jaxb-runtime/4.0.6/jaxb-runtime-4.0.6.jar
",2026-08-22T15:29:41.656907292Z,info,"{""serviceId"":""87697b40-66d1-4a58-89e6-1068a09cbf8c"",""deploymentId"":""d6c8c3b8-3bb6-45c0-bc76-a9729ab89f82"",""deploymentInstanceId"":null}","{""level"":""info"",""source"":""buildkit"",""type"":""log"",""vertex"":""sha256:5123184c115415746b9e45a79609be5df6469d0b755767bd2a7f4b208b8cff02"",""stream"":1,""data"":""W0lORk9dIERvd25sb2FkaW5nIGZyb20gY2VudHJhbDogaHR0cHM6Ly9yZXBvLm1hdmVuLmFwYWNoZS5vcmcvbWF2ZW4yL29yZy9nbGFzc2Zpc2gvamF4Yi9qYXhiLWNvcmUvNC4wLjYvamF4Yi1jb3JlLTQuMC42LmphcgpbSU5GT10gRG93bmxvYWRpbmcgZnJvbSBjZW50cmFsOiBodHRwczovL3JlcG8ubWF2ZW4uYXBhY2hlLm9yZy9tYXZlbjIvb3JnL2dsYXNzZmlzaC9qYXhiL2pheGItcnVudGltZS80LjAuNi9qYXhiLXJ1bnRpbWUtNC4wLjYuamFyCg=="",""timestamp"":""2026-08-22T15:29:41.656907292Z""}"
"[INFO] Downloaded from central: https://repo.maven.apache.org/maven2/io/smallrye/jandex/3.2.0/jandex-3.2.0.jar (375 kB at 1.8 MB/s)
",2026-08-22T15:29:41.658817138Z,info,"{""serviceId"":""87697b40-66d1-4a58-89e6-1068a09cbf8c"",""deploymentId"":""d6c8c3b8-3bb6-45c0-bc76-a9729ab89f82"",""deploymentInstanceId"":null}","{""level"":""info"",""source"":""buildkit"",""type"":""log"",""vertex"":""sha256:5123184c115415746b9e45a79609be5df6469d0b755767bd2a7f4b208b8cff02"",""stream"":1,""data"":""W0lORk9dIERvd25sb2FkZWQgZnJvbSBjZW50cmFsOiBodHRwczovL3JlcG8ubWF2ZW4uYXBhY2hlLm9yZy9tYXZlbjIvaW8vc21hbGxyeWUvamFuZGV4LzMuMi4wL2phbmRleC0zLjIuMC5qYXIgKDM3NSBrQiBhdCAxLjggTUIvcykK"",""timestamp"":""2026-08-22T15:29:41.658817138Z""}"
"[INFO] Downloading from central: https://repo.maven.apache.org/maven2/org/eclipse/angus/angus-activation/2.0.3/angus-activation-2.0.3.jar
",2026-08-22T15:29:41.658840853Z,info,"{""serviceId"":""87697b40-66d1-4a58-89e6-1068a09cbf8c"",""deploymentId"":""d6c8c3b8-3bb6-45c0-bc76-a9729ab89f82"",""deploymentInstanceId"":null}","{""level"":""info"",""source"":""buildkit"",""type"":""log"",""vertex"":""sha256:5123184c115415746b9e45a79609be5df6469d0b755767bd2a7f4b208b8cff02"",""stream"":1,""data"":""W0lORk9dIERvd25sb2FkaW5nIGZyb20gY2VudHJhbDogaHR0cHM6Ly9yZXBvLm1hdmVuLmFwYWNoZS5vcmcvbWF2ZW4yL29yZy9lY2xpcHNlL2FuZ3VzL2FuZ3VzLWFjdGl2YXRpb24vMi4wLjMvYW5ndXMtYWN0aXZhdGlvbi0yLjAuMy5qYXIK"",""timestamp"":""2026-08-22T15:29:41.658840853Z""}"
"[INFO] Downloaded from central: https://repo.maven.apache.org/maven2/org/eclipse/angus/angus-activation/2.0.3/angus-activation-2.0.3.jar (27 kB at 114 kB/s)
[INFO] Downloading from central: https://repo.maven.apache.org/maven2/org/glassfish/jaxb/txw2/4.0.6/txw2-4.0.6.jar
",2026-08-22T15:29:41.680173771Z,info,"{""serviceId"":""87697b40-66d1-4a58-89e6-1068a09cbf8c"",""deploymentId"":""d6c8c3b8-3bb6-45c0-bc76-a9729ab89f82"",""deploymentInstanceId"":null}","{""level"":""info"",""source"":""buildkit"",""type"":""log"",""vertex"":""sha256:5123184c115415746b9e45a79609be5df6469d0b755767bd2a7f4b208b8cff02"",""stream"":1,""data"":""W0lORk9dIERvd25sb2FkZWQgZnJvbSBjZW50cmFsOiBodHRwczovL3JlcG8ubWF2ZW4uYXBhY2hlLm9yZy9tYXZlbjIvb3JnL2VjbGlwc2UvYW5ndXMvYW5ndXMtYWN0aXZhdGlvbi8yLjAuMy9hbmd1cy1hY3RpdmF0aW9uLTIuMC4zLmphciAoMjcga0IgYXQgMTE0IGtCL3MpCltJTkZPXSBEb3dubG9hZGluZyBmcm9tIGNlbnRyYWw6IGh0dHBzOi8vcmVwby5tYXZlbi5hcGFjaGUub3JnL21hdmVuMi9vcmcvZ2xhc3NmaXNoL2pheGIvdHh3Mi80LjAuNi90eHcyLTQuMC42Lmphcgo="",""timestamp"":""2026-08-22T15:29:41.680173771Z""}"
"[INFO] Downloaded from central: https://repo.maven.apache.org/maven2/org/glassfish/jaxb/jaxb-core/4.0.6/jaxb-core-4.0.6.jar (138 kB at 575 kB/s)
",2026-08-22T15:29:41.68470542Z,info,"{""serviceId"":""87697b40-66d1-4a58-89e6-1068a09cbf8c"",""deploymentId"":""d6c8c3b8-3bb6-45c0-bc76-a9729ab89f82"",""deploymentInstanceId"":null}","{""level"":""info"",""source"":""buildkit"",""type"":""log"",""vertex"":""sha256:5123184c115415746b9e45a79609be5df6469d0b755767bd2a7f4b208b8cff02"",""stream"":1,""data"":""W0lORk9dIERvd25sb2FkZWQgZnJvbSBjZW50cmFsOiBodHRwczovL3JlcG8ubWF2ZW4uYXBhY2hlLm9yZy9tYXZlbjIvb3JnL2dsYXNzZmlzaC9qYXhiL2pheGItY29yZS80LjAuNi9qYXhiLWNvcmUtNC4wLjYuamFyICgxMzgga0IgYXQgNTc1IGtCL3MpCg=="",""timestamp"":""2026-08-22T15:29:41.68470542Z""}"
"[INFO] Downloading from central: https://repo.maven.apache.org/maven2/com/sun/istack/istack-commons-runtime/4.1.2/istack-commons-runtime-4.1.2.jar
",2026-08-22T15:29:41.684726892Z,info,"{""serviceId"":""87697b40-66d1-4a58-89e6-1068a09cbf8c"",""deploymentId"":""d6c8c3b8-3bb6-45c0-bc76-a9729ab89f82"",""deploymentInstanceId"":null}","{""level"":""info"",""source"":""buildkit"",""type"":""log"",""vertex"":""sha256:5123184c115415746b9e45a79609be5df6469d0b755767bd2a7f4b208b8cff02"",""stream"":1,""data"":""W0lORk9dIERvd25sb2FkaW5nIGZyb20gY2VudHJhbDogaHR0cHM6Ly9yZXBvLm1hdmVuLmFwYWNoZS5vcmcvbWF2ZW4yL2NvbS9zdW4vaXN0YWNrL2lzdGFjay1jb21tb25zLXJ1bnRpbWUvNC4xLjIvaXN0YWNrLWNvbW1vbnMtcnVudGltZS00LjEuMi5qYXIK"",""timestamp"":""2026-08-22T15:29:41.684726892Z""}"
"[INFO] Downloaded from central: https://repo.maven.apache.org/maven2/org/glassfish/jaxb/jaxb-runtime/4.0.6/jaxb-runtime-4.0.6.jar (920 kB at 3.6 MB/s)
[INFO] Downloading from central: https://repo.maven.apache.org/maven2/jakarta/inject/jakarta.inject-api/2.0.1/jakarta.inject-api-2.0.1.jar
",2026-08-22T15:29:41.70200077Z,info,"{""serviceId"":""87697b40-66d1-4a58-89e6-1068a09cbf8c"",""deploymentId"":""d6c8c3b8-3bb6-45c0-bc76-a9729ab89f82"",""deploymentInstanceId"":null}","{""level"":""info"",""source"":""buildkit"",""type"":""log"",""vertex"":""sha256:5123184c115415746b9e45a79609be5df6469d0b755767bd2a7f4b208b8cff02"",""stream"":1,""data"":""W0lORk9dIERvd25sb2FkZWQgZnJvbSBjZW50cmFsOiBodHRwczovL3JlcG8ubWF2ZW4uYXBhY2hlLm9yZy9tYXZlbjIvb3JnL2dsYXNzZmlzaC9qYXhiL2pheGItcnVudGltZS80LjAuNi9qYXhiLXJ1bnRpbWUtNC4wLjYuamFyICg5MjAga0IgYXQgMy42IE1CL3MpCltJTkZPXSBEb3dubG9hZGluZyBmcm9tIGNlbnRyYWw6IGh0dHBzOi8vcmVwby5tYXZlbi5hcGFjaGUub3JnL21hdmVuMi9qYWthcnRhL2luamVjdC9qYWthcnRhLmluamVjdC1hcGkvMi4wLjEvamFrYXJ0YS5pbmplY3QtYXBpLTIuMC4xLmphcgo="",""timestamp"":""2026-08-22T15:29:41.70200077Z""}"
"[INFO] Downloaded from central: https://repo.maven.apache.org/maven2/org/glassfish/jaxb/txw2/4.0.6/txw2-4.0.6.jar (73 kB at 283 kB/s)
[INFO] Downloading from central: https://repo.maven.apache.org/maven2/org/antlr/antlr4-runtime/4.13.0/antlr4-runtime-4.13.0.jar
",2026-08-22T15:29:41.703982463Z,info,"{""serviceId"":""87697b40-66d1-4a58-89e6-1068a09cbf8c"",""deploymentId"":""d6c8c3b8-3bb6-45c0-bc76-a9729ab89f82"",""deploymentInstanceId"":null}","{""level"":""info"",""source"":""buildkit"",""type"":""log"",""vertex"":""sha256:5123184c115415746b9e45a79609be5df6469d0b755767bd2a7f4b208b8cff02"",""stream"":1,""data"":""W0lORk9dIERvd25sb2FkZWQgZnJvbSBjZW50cmFsOiBodHRwczovL3JlcG8ubWF2ZW4uYXBhY2hlLm9yZy9tYXZlbjIvb3JnL2dsYXNzZmlzaC9qYXhiL3R4dzIvNC4wLjYvdHh3Mi00LjAuNi5qYXIgKDczIGtCIGF0IDI4MyBrQi9zKQpbSU5GT10gRG93bmxvYWRpbmcgZnJvbSBjZW50cmFsOiBodHRwczovL3JlcG8ubWF2ZW4uYXBhY2hlLm9yZy9tYXZlbjIvb3JnL2FudGxyL2FudGxyNC1ydW50aW1lLzQuMTMuMC9hbnRscjQtcnVudGltZS00LjEzLjAuamFyCg=="",""timestamp"":""2026-08-22T15:29:41.703982463Z""}"
"[INFO] Downloaded from central: https://repo.maven.apache.org/maven2/com/sun/istack/istack-commons-runtime/4.1.2/istack-commons-runtime-4.1.2.jar (26 kB at 98 kB/s)
",2026-08-22T15:29:41.707889445Z,info,"{""serviceId"":""87697b40-66d1-4a58-89e6-1068a09cbf8c"",""deploymentId"":""d6c8c3b8-3bb6-45c0-bc76-a9729ab89f82"",""deploymentInstanceId"":null}","{""level"":""info"",""source"":""buildkit"",""type"":""log"",""vertex"":""sha256:5123184c115415746b9e45a79609be5df6469d0b755767bd2a7f4b208b8cff02"",""stream"":1,""data"":""W0lORk9dIERvd25sb2FkZWQgZnJvbSBjZW50cmFsOiBodHRwczovL3JlcG8ubWF2ZW4uYXBhY2hlLm9yZy9tYXZlbjIvY29tL3N1bi9pc3RhY2svaXN0YWNrLWNvbW1vbnMtcnVudGltZS80LjEuMi9pc3RhY2stY29tbW9ucy1ydW50aW1lLTQuMS4yLmphciAoMjYga0IgYXQgOTgga0IvcykK"",""timestamp"":""2026-08-22T15:29:41.707889445Z""}"
"[INFO] Downloading from central: https://repo.maven.apache.org/maven2/org/springframework/data/spring-data-jpa/3.5.5/spring-data-jpa-3.5.5.jar
",2026-08-22T15:29:41.7079125Z,info,"{""serviceId"":""87697b40-66d1-4a58-89e6-1068a09cbf8c"",""deploymentId"":""d6c8c3b8-3bb6-45c0-bc76-a9729ab89f82"",""deploymentInstanceId"":null}","{""level"":""info"",""source"":""buildkit"",""type"":""log"",""vertex"":""sha256:5123184c115415746b9e45a79609be5df6469d0b755767bd2a7f4b208b8cff02"",""stream"":1,""data"":""W0lORk9dIERvd25sb2FkaW5nIGZyb20gY2VudHJhbDogaHR0cHM6Ly9yZXBvLm1hdmVuLmFwYWNoZS5vcmcvbWF2ZW4yL29yZy9zcHJpbmdmcmFtZXdvcmsvZGF0YS9zcHJpbmctZGF0YS1qcGEvMy41LjUvc3ByaW5nLWRhdGEtanBhLTMuNS41Lmphcgo="",""timestamp"":""2026-08-22T15:29:41.7079125Z""}"
"[INFO] Downloaded from central: https://repo.maven.apache.org/maven2/org/hibernate/orm/hibernate-core/6.6.33.Final/hibernate-core-6.6.33.Final.jar (12 MB at 44 MB/s)
[INFO] Downloading from central: https://repo.maven.apache.org/maven2/org/springframework/data/spring-data-commons/3.5.5/spring-data-commons-3.5.5.jar
",2026-08-22T15:29:41.720401378Z,info,"{""serviceId"":""87697b40-66d1-4a58-89e6-1068a09cbf8c"",""deploymentId"":""d6c8c3b8-3bb6-45c0-bc76-a9729ab89f82"",""deploymentInstanceId"":null}","{""level"":""info"",""source"":""buildkit"",""type"":""log"",""vertex"":""sha256:5123184c115415746b9e45a79609be5df6469d0b755767bd2a7f4b208b8cff02"",""stream"":1,""data"":""W0lORk9dIERvd25sb2FkZWQgZnJvbSBjZW50cmFsOiBodHRwczovL3JlcG8ubWF2ZW4uYXBhY2hlLm9yZy9tYXZlbjIvb3JnL2hpYmVybmF0ZS9vcm0vaGliZXJuYXRlLWNvcmUvNi42LjMzLkZpbmFsL2hpYmVybmF0ZS1jb3JlLTYuNi4zMy5GaW5hbC5qYXIgKDEyIE1CIGF0IDQ0IE1CL3MpCltJTkZPXSBEb3dubG9hZGluZyBmcm9tIGNlbnRyYWw6IGh0dHBzOi8vcmVwby5tYXZlbi5hcGFjaGUub3JnL21hdmVuMi9vcmcvc3ByaW5nZnJhbWV3b3JrL2RhdGEvc3ByaW5nLWRhdGEtY29tbW9ucy8zLjUuNS9zcHJpbmctZGF0YS1jb21tb25zLTMuNS41Lmphcgo="",""timestamp"":""2026-08-22T15:29:41.720401378Z""}"
"[INFO] Downloaded from central: https://repo.maven.apache.org/maven2/net/bytebuddy/byte-buddy/1.17.8/byte-buddy-1.17.8.jar (9.0 MB at 32 MB/s)
[INFO] Downloading from central: https://repo.maven.apache.org/maven2/org/springframework/spring-orm/6.2.12/spring-orm-6.2.12.jar
",2026-08-22T15:29:41.724856382Z,info,"{""serviceId"":""87697b40-66d1-4a58-89e6-1068a09cbf8c"",""deploymentId"":""d6c8c3b8-3bb6-45c0-bc76-a9729ab89f82"",""deploymentInstanceId"":null}","{""level"":""info"",""source"":""buildkit"",""type"":""log"",""vertex"":""sha256:5123184c115415746b9e45a79609be5df6469d0b755767bd2a7f4b208b8cff02"",""stream"":1,""data"":""W0lORk9dIERvd25sb2FkZWQgZnJvbSBjZW50cmFsOiBodHRwczovL3JlcG8ubWF2ZW4uYXBhY2hlLm9yZy9tYXZlbjIvbmV0L2J5dGVidWRkeS9ieXRlLWJ1ZGR5LzEuMTcuOC9ieXRlLWJ1ZGR5LTEuMTcuOC5qYXIgKDkuMCBNQiBhdCAzMiBNQi9zKQpbSU5GT10gRG93bmxvYWRpbmcgZnJvbSBjZW50cmFsOiBodHRwczovL3JlcG8ubWF2ZW4uYXBhY2hlLm9yZy9tYXZlbjIvb3JnL3NwcmluZ2ZyYW1ld29yay9zcHJpbmctb3JtLzYuMi4xMi9zcHJpbmctb3JtLTYuMi4xMi5qYXIK"",""timestamp"":""2026-08-22T15:29:41.724856382Z""}"
"[INFO] Downloaded from central: https://repo.maven.apache.org/maven2/jakarta/inject/jakarta.inject-api/2.0.1/jakarta.inject-api-2.0.1.jar (11 kB at 37 kB/s)
[INFO] Downloading from central: https://repo.maven.apache.org/maven2/org/springframework/spring-context/6.2.12/spring-context-6.2.12.jar
",2026-08-22T15:29:41.729422804Z,info,"{""serviceId"":""87697b40-66d1-4a58-89e6-1068a09cbf8c"",""deploymentId"":""d6c8c3b8-3bb6-45c0-bc76-a9729ab89f82"",""deploymentInstanceId"":null}","{""level"":""info"",""source"":""buildkit"",""type"":""log"",""vertex"":""sha256:5123184c115415746b9e45a79609be5df6469d0b755767bd2a7f4b208b8cff02"",""stream"":1,""data"":""W0lORk9dIERvd25sb2FkZWQgZnJvbSBjZW50cmFsOiBodHRwczovL3JlcG8ubWF2ZW4uYXBhY2hlLm9yZy9tYXZlbjIvamFrYXJ0YS9pbmplY3QvamFrYXJ0YS5pbmplY3QtYXBpLzIuMC4xL2pha2FydGEuaW5qZWN0LWFwaS0yLjAuMS5qYXIgKDExIGtCIGF0IDM3IGtCL3MpCltJTkZPXSBEb3dubG9hZGluZyBmcm9tIGNlbnRyYWw6IGh0dHBzOi8vcmVwby5tYXZlbi5hcGFjaGUub3JnL21hdmVuMi9vcmcvc3ByaW5nZnJhbWV3b3JrL3NwcmluZy1jb250ZXh0LzYuMi4xMi9zcHJpbmctY29udGV4dC02LjIuMTIuamFyCg=="",""timestamp"":""2026-08-22T15:29:41.729422804Z""}"
"[INFO] Downloaded from central: https://repo.maven.apache.org/maven2/org/antlr/antlr4-runtime/4.13.0/antlr4-runtime-4.13.0.jar (326 kB at 1.1 MB/s)
[INFO] Downloading from central: https://repo.maven.apache.org/maven2/org/springframework/spring-tx/6.2.12/spring-tx-6.2.12.jar
",2026-08-22T15:29:41.729874301Z,info,"{""serviceId"":""87697b40-66d1-4a58-89e6-1068a09cbf8c"",""deploymentId"":""d6c8c3b8-3bb6-45c0-bc76-a9729ab89f82"",""deploymentInstanceId"":null}","{""level"":""info"",""source"":""buildkit"",""type"":""log"",""vertex"":""sha256:5123184c115415746b9e45a79609be5df6469d0b755767bd2a7f4b208b8cff02"",""stream"":1,""data"":""W0lORk9dIERvd25sb2FkZWQgZnJvbSBjZW50cmFsOiBodHRwczovL3JlcG8ubWF2ZW4uYXBhY2hlLm9yZy9tYXZlbjIvb3JnL2FudGxyL2FudGxyNC1ydW50aW1lLzQuMTMuMC9hbnRscjQtcnVudGltZS00LjEzLjAuamFyICgzMjYga0IgYXQgMS4xIE1CL3MpCltJTkZPXSBEb3dubG9hZGluZyBmcm9tIGNlbnRyYWw6IGh0dHBzOi8vcmVwby5tYXZlbi5hcGFjaGUub3JnL21hdmVuMi9vcmcvc3ByaW5nZnJhbWV3b3JrL3NwcmluZy10eC82LjIuMTIvc3ByaW5nLXR4LTYuMi4xMi5qYXIK"",""timestamp"":""2026-08-22T15:29:41.729874301Z""}"
"[INFO] Downloaded from central: https://repo.maven.apache.org/maven2/org/springframework/data/spring-data-commons/3.5.5/spring-data-commons-3.5.5.jar (1.5 MB at 5.1 MB/s)
[INFO] Downloading from central: https://repo.maven.apache.org/maven2/org/springframework/spring-beans/6.2.12/spring-beans-6.2.12.jar
",2026-08-22T15:29:41.745845234Z,info,"{""serviceId"":""87697b40-66d1-4a58-89e6-1068a09cbf8c"",""deploymentId"":""d6c8c3b8-3bb6-45c0-bc76-a9729ab89f82"",""deploymentInstanceId"":null}","{""level"":""info"",""source"":""buildkit"",""type"":""log"",""vertex"":""sha256:5123184c115415746b9e45a79609be5df6469d0b755767bd2a7f4b208b8cff02"",""stream"":1,""data"":""W0lORk9dIERvd25sb2FkZWQgZnJvbSBjZW50cmFsOiBodHRwczovL3JlcG8ubWF2ZW4uYXBhY2hlLm9yZy9tYXZlbjIvb3JnL3NwcmluZ2ZyYW1ld29yay9kYXRhL3NwcmluZy1kYXRhLWNvbW1vbnMvMy41LjUvc3ByaW5nLWRhdGEtY29tbW9ucy0zLjUuNS5qYXIgKDEuNSBNQiBhdCA1LjEgTUIvcykKW0lORk9dIERvd25sb2FkaW5nIGZyb20gY2VudHJhbDogaHR0cHM6Ly9yZXBvLm1hdmVuLmFwYWNoZS5vcmcvbWF2ZW4yL29yZy9zcHJpbmdmcmFtZXdvcmsvc3ByaW5nLWJlYW5zLzYuMi4xMi9zcHJpbmctYmVhbnMtNi4yLjEyLmphcgo="",""timestamp"":""2026-08-22T15:29:41.745845234Z""}"
"[INFO] Downloaded from central: https://repo.maven.apache.org/maven2/org/springframework/spring-orm/6.2.12/spring-orm-6.2.12.jar (235 kB at 773 kB/s)
[INFO] Downloading from central: https://repo.maven.apache.org/maven2/org/springframework/spring-aspects/6.2.12/spring-aspects-6.2.12.jar
",2026-08-22T15:29:41.748597553Z,info,"{""serviceId"":""87697b40-66d1-4a58-89e6-1068a09cbf8c"",""deploymentId"":""d6c8c3b8-3bb6-45c0-bc76-a9729ab89f82"",""deploymentInstanceId"":null}","{""level"":""info"",""source"":""buildkit"",""type"":""log"",""vertex"":""sha256:5123184c115415746b9e45a79609be5df6469d0b755767bd2a7f4b208b8cff02"",""stream"":1,""data"":""W0lORk9dIERvd25sb2FkZWQgZnJvbSBjZW50cmFsOiBodHRwczovL3JlcG8ubWF2ZW4uYXBhY2hlLm9yZy9tYXZlbjIvb3JnL3NwcmluZ2ZyYW1ld29yay9zcHJpbmctb3JtLzYuMi4xMi9zcHJpbmctb3JtLTYuMi4xMi5qYXIgKDIzNSBrQiBhdCA3NzMga0IvcykKW0lORk9dIERvd25sb2FkaW5nIGZyb20gY2VudHJhbDogaHR0cHM6Ly9yZXBvLm1hdmVuLmFwYWNoZS5vcmcvbWF2ZW4yL29yZy9zcHJpbmdmcmFtZXdvcmsvc3ByaW5nLWFzcGVjdHMvNi4yLjEyL3NwcmluZy1hc3BlY3RzLTYuMi4xMi5qYXIK"",""timestamp"":""2026-08-22T15:29:41.748597553Z""}"
"[INFO] Downloaded from central: https://repo.maven.apache.org/maven2/org/springframework/data/spring-data-jpa/3.5.5/spring-data-jpa-3.5.5.jar (1.8 MB at 6.0 MB/s)
",2026-08-22T15:29:41.752442322Z,info,"{""serviceId"":""87697b40-66d1-4a58-89e6-1068a09cbf8c"",""deploymentId"":""d6c8c3b8-3bb6-45c0-bc76-a9729ab89f82"",""deploymentInstanceId"":null}","{""level"":""info"",""source"":""buildkit"",""type"":""log"",""vertex"":""sha256:5123184c115415746b9e45a79609be5df6469d0b755767bd2a7f4b208b8cff02"",""stream"":1,""data"":""W0lORk9dIERvd25sb2FkZWQgZnJvbSBjZW50cmFsOiBodHRwczovL3JlcG8ubWF2ZW4uYXBhY2hlLm9yZy9tYXZlbjIvb3JnL3NwcmluZ2ZyYW1ld29yay9kYXRhL3NwcmluZy1kYXRhLWpwYS8zLjUuNS9zcHJpbmctZGF0YS1qcGEtMy41LjUuamFyICgxLjggTUIgYXQgNi4wIE1CL3MpCg=="",""timestamp"":""2026-08-22T15:29:41.752442322Z""}"
"[INFO] Downloading from central: https://repo.maven.apache.org/maven2/org/aspectj/aspectjweaver/1.9.24/aspectjweaver-1.9.24.jar
",2026-08-22T15:29:41.752470184Z,info,"{""serviceId"":""87697b40-66d1-4a58-89e6-1068a09cbf8c"",""deploymentId"":""d6c8c3b8-3bb6-45c0-bc76-a9729ab89f82"",""deploymentInstanceId"":null}","{""level"":""info"",""source"":""buildkit"",""type"":""log"",""vertex"":""sha256:5123184c115415746b9e45a79609be5df6469d0b755767bd2a7f4b208b8cff02"",""stream"":1,""data"":""W0lORk9dIERvd25sb2FkaW5nIGZyb20gY2VudHJhbDogaHR0cHM6Ly9yZXBvLm1hdmVuLmFwYWNoZS5vcmcvbWF2ZW4yL29yZy9hc3BlY3RqL2FzcGVjdGp3ZWF2ZXIvMS45LjI0L2FzcGVjdGp3ZWF2ZXItMS45LjI0Lmphcgo="",""timestamp"":""2026-08-22T15:29:41.752470184Z""}"
"[INFO] Downloaded from central: https://repo.maven.apache.org/maven2/org/springframework/spring-tx/6.2.12/spring-tx-6.2.12.jar (286 kB at 915 kB/s)
[INFO] Downloading from central: https://repo.maven.apache.org/maven2/org/springframework/boot/spring-boot-starter-security/3.5.7/spring-boot-starter-security-3.5.7.jar
",2026-08-22T15:29:41.757061012Z,info,"{""serviceId"":""87697b40-66d1-4a58-89e6-1068a09cbf8c"",""deploymentId"":""d6c8c3b8-3bb6-45c0-bc76-a9729ab89f82"",""deploymentInstanceId"":null}","{""level"":""info"",""source"":""buildkit"",""type"":""log"",""vertex"":""sha256:5123184c115415746b9e45a79609be5df6469d0b755767bd2a7f4b208b8cff02"",""stream"":1,""data"":""W0lORk9dIERvd25sb2FkZWQgZnJvbSBjZW50cmFsOiBodHRwczovL3JlcG8ubWF2ZW4uYXBhY2hlLm9yZy9tYXZlbjIvb3JnL3NwcmluZ2ZyYW1ld29yay9zcHJpbmctdHgvNi4yLjEyL3NwcmluZy10eC02LjIuMTIuamFyICgyODYga0IgYXQgOTE1IGtCL3MpCltJTkZPXSBEb3dubG9hZGluZyBmcm9tIGNlbnRyYWw6IGh0dHBzOi8vcmVwby5tYXZlbi5hcGFjaGUub3JnL21hdmVuMi9vcmcvc3ByaW5nZnJhbWV3b3JrL2Jvb3Qvc3ByaW5nLWJvb3Qtc3RhcnRlci1zZWN1cml0eS8zLjUuNy9zcHJpbmctYm9vdC1zdGFydGVyLXNlY3VyaXR5LTMuNS43Lmphcgo="",""timestamp"":""2026-08-22T15:29:41.757061012Z""}"
"[INFO] Downloaded from central: https://repo.maven.apache.org/maven2/org/springframework/spring-context/6.2.12/spring-context-6.2.12.jar (1.4 MB at 4.3 MB/s)
[INFO] Downloading from central: https://repo.maven.apache.org/maven2/org/springframework/spring-aop/6.2.12/spring-aop-6.2.12.jar
",2026-08-22T15:29:41.763470519Z,info,"{""serviceId"":""87697b40-66d1-4a58-89e6-1068a09cbf8c"",""deploymentId"":""d6c8c3b8-3bb6-45c0-bc76-a9729ab89f82"",""deploymentInstanceId"":null}","{""level"":""info"",""source"":""buildkit"",""type"":""log"",""vertex"":""sha256:5123184c115415746b9e45a79609be5df6469d0b755767bd2a7f4b208b8cff02"",""stream"":1,""data"":""W0lORk9dIERvd25sb2FkZWQgZnJvbSBjZW50cmFsOiBodHRwczovL3JlcG8ubWF2ZW4uYXBhY2hlLm9yZy9tYXZlbjIvb3JnL3NwcmluZ2ZyYW1ld29yay9zcHJpbmctY29udGV4dC82LjIuMTIvc3ByaW5nLWNvbnRleHQtNi4yLjEyLmphciAoMS40IE1CIGF0IDQuMyBNQi9zKQpbSU5GT10gRG93bmxvYWRpbmcgZnJvbSBjZW50cmFsOiBodHRwczovL3JlcG8ubWF2ZW4uYXBhY2hlLm9yZy9tYXZlbjIvb3JnL3NwcmluZ2ZyYW1ld29yay9zcHJpbmctYW9wLzYuMi4xMi9zcHJpbmctYW9wLTYuMi4xMi5qYXIK"",""timestamp"":""2026-08-22T15:29:41.763470519Z""}"
"[INFO] Downloaded from central: https://repo.maven.apache.org/maven2/org/springframework/spring-aspects/6.2.12/spring-aspects-6.2.12.jar (50 kB at 155 kB/s)
",2026-08-22T15:29:41.765931431Z,info,"{""serviceId"":""87697b40-66d1-4a58-89e6-1068a09cbf8c"",""deploymentId"":""d6c8c3b8-3bb6-45c0-bc76-a9729ab89f82"",""deploymentInstanceId"":null}","{""level"":""info"",""source"":""buildkit"",""type"":""log"",""vertex"":""sha256:5123184c115415746b9e45a79609be5df6469d0b755767bd2a7f4b208b8cff02"",""stream"":1,""data"":""W0lORk9dIERvd25sb2FkZWQgZnJvbSBjZW50cmFsOiBodHRwczovL3JlcG8ubWF2ZW4uYXBhY2hlLm9yZy9tYXZlbjIvb3JnL3NwcmluZ2ZyYW1ld29yay9zcHJpbmctYXNwZWN0cy82LjIuMTIvc3ByaW5nLWFzcGVjdHMtNi4yLjEyLmphciAoNTAga0IgYXQgMTU1IGtCL3MpCg=="",""timestamp"":""2026-08-22T15:29:41.765931431Z""}"
"[INFO] Downloading from central: https://repo.maven.apache.org/maven2/org/springframework/security/spring-security-config/6.5.6/spring-security-config-6.5.6.jar
",2026-08-22T15:29:41.765948346Z,info,"{""serviceId"":""87697b40-66d1-4a58-89e6-1068a09cbf8c"",""deploymentId"":""d6c8c3b8-3bb6-45c0-bc76-a9729ab89f82"",""deploymentInstanceId"":null}","{""level"":""info"",""source"":""buildkit"",""type"":""log"",""vertex"":""sha256:5123184c115415746b9e45a79609be5df6469d0b755767bd2a7f4b208b8cff02"",""stream"":1,""data"":""W0lORk9dIERvd25sb2FkaW5nIGZyb20gY2VudHJhbDogaHR0cHM6Ly9yZXBvLm1hdmVuLmFwYWNoZS5vcmcvbWF2ZW4yL29yZy9zcHJpbmdmcmFtZXdvcmsvc2VjdXJpdHkvc3ByaW5nLXNlY3VyaXR5LWNvbmZpZy82LjUuNi9zcHJpbmctc2VjdXJpdHktY29uZmlnLTYuNS42Lmphcgo="",""timestamp"":""2026-08-22T15:29:41.765948346Z""}"
"[INFO] Downloaded from central: https://repo.maven.apache.org/maven2/org/springframework/spring-beans/6.2.12/spring-beans-6.2.12.jar (890 kB at 2.7 MB/s)
[INFO] Downloading from central: https://repo.maven.apache.org/maven2/org/springframework/security/spring-security-web/6.5.6/spring-security-web-6.5.6.jar
",2026-08-22T15:29:41.770905735Z,info,"{""serviceId"":""87697b40-66d1-4a58-89e6-1068a09cbf8c"",""deploymentId"":""d6c8c3b8-3bb6-45c0-bc76-a9729ab89f82"",""deploymentInstanceId"":null}","{""level"":""info"",""source"":""buildkit"",""type"":""log"",""vertex"":""sha256:5123184c115415746b9e45a79609be5df6469d0b755767bd2a7f4b208b8cff02"",""stream"":1,""data"":""W0lORk9dIERvd25sb2FkZWQgZnJvbSBjZW50cmFsOiBodHRwczovL3JlcG8ubWF2ZW4uYXBhY2hlLm9yZy9tYXZlbjIvb3JnL3NwcmluZ2ZyYW1ld29yay9zcHJpbmctYmVhbnMvNi4yLjEyL3NwcmluZy1iZWFucy02LjIuMTIuamFyICg4OTAga0IgYXQgMi43IE1CL3MpCltJTkZPXSBEb3dubG9hZGluZyBmcm9tIGNlbnRyYWw6IGh0dHBzOi8vcmVwby5tYXZlbi5hcGFjaGUub3JnL21hdmVuMi9vcmcvc3ByaW5nZnJhbWV3b3JrL3NlY3VyaXR5L3NwcmluZy1zZWN1cml0eS13ZWIvNi41LjYvc3ByaW5nLXNlY3VyaXR5LXdlYi02LjUuNi5qYXIK"",""timestamp"":""2026-08-22T15:29:41.770905735Z""}"
"[INFO] Downloaded from central: https://repo.maven.apache.org/maven2/org/springframework/boot/spring-boot-starter-security/3.5.7/spring-boot-starter-security-3.5.7.jar (4.7 kB at 14 kB/s)
[INFO] Downloading from central: https://repo.maven.apache.org/maven2/org/springframework/spring-expression/6.2.12/spring-expression-6.2.12.jar
",2026-08-22T15:29:41.778396323Z,info,"{""serviceId"":""87697b40-66d1-4a58-89e6-1068a09cbf8c"",""deploymentId"":""d6c8c3b8-3bb6-45c0-bc76-a9729ab89f82"",""deploymentInstanceId"":null}","{""level"":""info"",""source"":""buildkit"",""type"":""log"",""vertex"":""sha256:5123184c115415746b9e45a79609be5df6469d0b755767bd2a7f4b208b8cff02"",""stream"":1,""data"":""W0lORk9dIERvd25sb2FkZWQgZnJvbSBjZW50cmFsOiBodHRwczovL3JlcG8ubWF2ZW4uYXBhY2hlLm9yZy9tYXZlbjIvb3JnL3NwcmluZ2ZyYW1ld29yay9ib290L3NwcmluZy1ib290LXN0YXJ0ZXItc2VjdXJpdHkvMy41Ljcvc3ByaW5nLWJvb3Qtc3RhcnRlci1zZWN1cml0eS0zLjUuNy5qYXIgKDQuNyBrQiBhdCAxNCBrQi9zKQpbSU5GT10gRG93bmxvYWRpbmcgZnJvbSBjZW50cmFsOiBodHRwczovL3JlcG8ubWF2ZW4uYXBhY2hlLm9yZy9tYXZlbjIvb3JnL3NwcmluZ2ZyYW1ld29yay9zcHJpbmctZXhwcmVzc2lvbi82LjIuMTIvc3ByaW5nLWV4cHJlc3Npb24tNi4yLjEyLmphcgo="",""timestamp"":""2026-08-22T15:29:41.778396323Z""}"
"[INFO] Downloaded from central: https://repo.maven.apache.org/maven2/org/springframework/spring-aop/6.2.12/spring-aop-6.2.12.jar (420 kB at 1.2 MB/s)
[INFO] Downloading from central: https://repo.maven.apache.org/maven2/org/springframework/boot/spring-boot-starter-thymeleaf/3.5.7/spring-boot-starter-thymeleaf-3.5.7.jar
",2026-08-22T15:29:41.795566145Z,info,"{""serviceId"":""87697b40-66d1-4a58-89e6-1068a09cbf8c"",""deploymentId"":""d6c8c3b8-3bb6-45c0-bc76-a9729ab89f82"",""deploymentInstanceId"":null}","{""level"":""info"",""source"":""buildkit"",""type"":""log"",""vertex"":""sha256:5123184c115415746b9e45a79609be5df6469d0b755767bd2a7f4b208b8cff02"",""stream"":1,""data"":""W0lORk9dIERvd25sb2FkZWQgZnJvbSBjZW50cmFsOiBodHRwczovL3JlcG8ubWF2ZW4uYXBhY2hlLm9yZy9tYXZlbjIvb3JnL3NwcmluZ2ZyYW1ld29yay9zcHJpbmctYW9wLzYuMi4xMi9zcHJpbmctYW9wLTYuMi4xMi5qYXIgKDQyMCBrQiBhdCAxLjIgTUIvcykKW0lORk9dIERvd25sb2FkaW5nIGZyb20gY2VudHJhbDogaHR0cHM6Ly9yZXBvLm1hdmVuLmFwYWNoZS5vcmcvbWF2ZW4yL29yZy9zcHJpbmdmcmFtZXdvcmsvYm9vdC9zcHJpbmctYm9vdC1zdGFydGVyLXRoeW1lbGVhZi8zLjUuNy9zcHJpbmctYm9vdC1zdGFydGVyLXRoeW1lbGVhZi0zLjUuNy5qYXIK"",""timestamp"":""2026-08-22T15:29:41.795566145Z""}"
"[INFO] Downloaded from central: https://repo.maven.apache.org/maven2/org/springframework/security/spring-security-web/6.5.6/spring-security-web-6.5.6.jar (1.1 MB at 2.9 MB/s)
",2026-08-22T15:29:41.802785046Z,info,"{""serviceId"":""87697b40-66d1-4a58-89e6-1068a09cbf8c"",""deploymentId"":""d6c8c3b8-3bb6-45c0-bc76-a9729ab89f82"",""deploymentInstanceId"":null}","{""level"":""info"",""source"":""buildkit"",""type"":""log"",""vertex"":""sha256:5123184c115415746b9e45a79609be5df6469d0b755767bd2a7f4b208b8cff02"",""stream"":1,""data"":""W0lORk9dIERvd25sb2FkZWQgZnJvbSBjZW50cmFsOiBodHRwczovL3JlcG8ubWF2ZW4uYXBhY2hlLm9yZy9tYXZlbjIvb3JnL3NwcmluZ2ZyYW1ld29yay9zZWN1cml0eS9zcHJpbmctc2VjdXJpdHktd2ViLzYuNS42L3NwcmluZy1zZWN1cml0eS13ZWItNi41LjYuamFyICgxLjEgTUIgYXQgMi45IE1CL3MpCg=="",""timestamp"":""2026-08-22T15:29:41.802785046Z""}"
"[INFO] Downloading from central: https://repo.maven.apache.org/maven2/org/thymeleaf/thymeleaf-spring6/3.1.3.RELEASE/thymeleaf-spring6-3.1.3.RELEASE.jar
",2026-08-22T15:29:41.802812948Z,info,"{""serviceId"":""87697b40-66d1-4a58-89e6-1068a09cbf8c"",""deploymentId"":""d6c8c3b8-3bb6-45c0-bc76-a9729ab89f82"",""deploymentInstanceId"":null}","{""level"":""info"",""source"":""buildkit"",""type"":""log"",""vertex"":""sha256:5123184c115415746b9e45a79609be5df6469d0b755767bd2a7f4b208b8cff02"",""stream"":1,""data"":""W0lORk9dIERvd25sb2FkaW5nIGZyb20gY2VudHJhbDogaHR0cHM6Ly9yZXBvLm1hdmVuLmFwYWNoZS5vcmcvbWF2ZW4yL29yZy90aHltZWxlYWYvdGh5bWVsZWFmLXNwcmluZzYvMy4xLjMuUkVMRUFTRS90aHltZWxlYWYtc3ByaW5nNi0zLjEuMy5SRUxFQVNFLmphcgo="",""timestamp"":""2026-08-22T15:29:41.802812948Z""}"
"[INFO] Downloaded from central: https://repo.maven.apache.org/maven2/org/springframework/spring-expression/6.2.12/spring-expression-6.2.12.jar (318 kB at 885 kB/s)
[INFO] Downloading from central: https://repo.maven.apache.org/maven2/org/springframework/boot/spring-boot-starter-validation/3.5.7/spring-boot-starter-validation-3.5.7.jar
",2026-08-22T15:29:41.803365217Z,info,"{""serviceId"":""87697b40-66d1-4a58-89e6-1068a09cbf8c"",""deploymentId"":""d6c8c3b8-3bb6-45c0-bc76-a9729ab89f82"",""deploymentInstanceId"":null}","{""level"":""info"",""source"":""buildkit"",""type"":""log"",""vertex"":""sha256:5123184c115415746b9e45a79609be5df6469d0b755767bd2a7f4b208b8cff02"",""stream"":1,""data"":""W0lORk9dIERvd25sb2FkZWQgZnJvbSBjZW50cmFsOiBodHRwczovL3JlcG8ubWF2ZW4uYXBhY2hlLm9yZy9tYXZlbjIvb3JnL3NwcmluZ2ZyYW1ld29yay9zcHJpbmctZXhwcmVzc2lvbi82LjIuMTIvc3ByaW5nLWV4cHJlc3Npb24tNi4yLjEyLmphciAoMzE4IGtCIGF0IDg4NSBrQi9zKQpbSU5GT10gRG93bmxvYWRpbmcgZnJvbSBjZW50cmFsOiBodHRwczovL3JlcG8ubWF2ZW4uYXBhY2hlLm9yZy9tYXZlbjIvb3JnL3NwcmluZ2ZyYW1ld29yay9ib290L3NwcmluZy1ib290LXN0YXJ0ZXItdmFsaWRhdGlvbi8zLjUuNy9zcHJpbmctYm9vdC1zdGFydGVyLXZhbGlkYXRpb24tMy41LjcuamFyCg=="",""timestamp"":""2026-08-22T15:29:41.803365217Z""}"
"[INFO] Downloaded from central: https://repo.maven.apache.org/maven2/org/springframework/security/spring-security-config/6.5.6/spring-security-config-6.5.6.jar (2.1 MB at 5.9 MB/s)
[INFO] Downloading from central: https://repo.maven.apache.org/maven2/org/apache/tomcat/embed/tomcat-embed-el/10.1.48/tomcat-embed-el-10.1.48.jar
",2026-08-22T15:29:41.804370855Z,info,"{""serviceId"":""87697b40-66d1-4a58-89e6-1068a09cbf8c"",""deploymentId"":""d6c8c3b8-3bb6-45c0-bc76-a9729ab89f82"",""deploymentInstanceId"":null}","{""level"":""info"",""source"":""buildkit"",""type"":""log"",""vertex"":""sha256:5123184c115415746b9e45a79609be5df6469d0b755767bd2a7f4b208b8cff02"",""stream"":1,""data"":""W0lORk9dIERvd25sb2FkZWQgZnJvbSBjZW50cmFsOiBodHRwczovL3JlcG8ubWF2ZW4uYXBhY2hlLm9yZy9tYXZlbjIvb3JnL3NwcmluZ2ZyYW1ld29yay9zZWN1cml0eS9zcHJpbmctc2VjdXJpdHktY29uZmlnLzYuNS42L3NwcmluZy1zZWN1cml0eS1jb25maWctNi41LjYuamFyICgyLjEgTUIgYXQgNS45IE1CL3MpCltJTkZPXSBEb3dubG9hZGluZyBmcm9tIGNlbnRyYWw6IGh0dHBzOi8vcmVwby5tYXZlbi5hcGFjaGUub3JnL21hdmVuMi9vcmcvYXBhY2hlL3RvbWNhdC9lbWJlZC90b21jYXQtZW1iZWQtZWwvMTAuMS40OC90b21jYXQtZW1iZWQtZWwtMTAuMS40OC5qYXIK"",""timestamp"":""2026-08-22T15:29:41.804370855Z""}"
"[INFO] Downloaded from central: https://repo.maven.apache.org/maven2/org/springframework/boot/spring-boot-starter-thymeleaf/3.5.7/spring-boot-starter-thymeleaf-3.5.7.jar (4.8 kB at 13 kB/s)
[INFO] Downloading from central: https://repo.maven.apache.org/maven2/org/hibernate/validator/hibernate-validator/8.0.3.Final/hibernate-validator-8.0.3.Final.jar
",2026-08-22T15:29:41.816806844Z,info,"{""serviceId"":""87697b40-66d1-4a58-89e6-1068a09cbf8c"",""deploymentId"":""d6c8c3b8-3bb6-45c0-bc76-a9729ab89f82"",""deploymentInstanceId"":null}","{""level"":""info"",""source"":""buildkit"",""type"":""log"",""vertex"":""sha256:5123184c115415746b9e45a79609be5df6469d0b755767bd2a7f4b208b8cff02"",""stream"":1,""data"":""W0lORk9dIERvd25sb2FkZWQgZnJvbSBjZW50cmFsOiBodHRwczovL3JlcG8ubWF2ZW4uYXBhY2hlLm9yZy9tYXZlbjIvb3JnL3NwcmluZ2ZyYW1ld29yay9ib290L3NwcmluZy1ib290LXN0YXJ0ZXItdGh5bWVsZWFmLzMuNS43L3NwcmluZy1ib290LXN0YXJ0ZXItdGh5bWVsZWFmLTMuNS43LmphciAoNC44IGtCIGF0IDEzIGtCL3MpCltJTkZPXSBEb3dubG9hZGluZyBmcm9tIGNlbnRyYWw6IGh0dHBzOi8vcmVwby5tYXZlbi5hcGFjaGUub3JnL21hdmVuMi9vcmcvaGliZXJuYXRlL3ZhbGlkYXRvci9oaWJlcm5hdGUtdmFsaWRhdG9yLzguMC4zLkZpbmFsL2hpYmVybmF0ZS12YWxpZGF0b3ItOC4wLjMuRmluYWwuamFyCg=="",""timestamp"":""2026-08-22T15:29:41.816806844Z""}"
"[INFO] Downloaded from central: https://repo.maven.apache.org/maven2/org/aspectj/aspectjweaver/1.9.24/aspectjweaver-1.9.24.jar (2.2 MB at 5.9 MB/s)
[INFO] Downloading from central: https://repo.maven.apache.org/maven2/jakarta/validation/jakarta.validation-api/3.0.2/jakarta.validation-api-3.0.2.jar
",2026-08-22T15:29:41.818075968Z,info,"{""serviceId"":""87697b40-66d1-4a58-89e6-1068a09cbf8c"",""deploymentId"":""d6c8c3b8-3bb6-45c0-bc76-a9729ab89f82"",""deploymentInstanceId"":null}","{""level"":""info"",""source"":""buildkit"",""type"":""log"",""vertex"":""sha256:5123184c115415746b9e45a79609be5df6469d0b755767bd2a7f4b208b8cff02"",""stream"":1,""data"":""W0lORk9dIERvd25sb2FkZWQgZnJvbSBjZW50cmFsOiBodHRwczovL3JlcG8ubWF2ZW4uYXBhY2hlLm9yZy9tYXZlbjIvb3JnL2FzcGVjdGovYXNwZWN0andlYXZlci8xLjkuMjQvYXNwZWN0andlYXZlci0xLjkuMjQuamFyICgyLjIgTUIgYXQgNS45IE1CL3MpCltJTkZPXSBEb3dubG9hZGluZyBmcm9tIGNlbnRyYWw6IGh0dHBzOi8vcmVwby5tYXZlbi5hcGFjaGUub3JnL21hdmVuMi9qYWthcnRhL3ZhbGlkYXRpb24vamFrYXJ0YS52YWxpZGF0aW9uLWFwaS8zLjAuMi9qYWthcnRhLnZhbGlkYXRpb24tYXBpLTMuMC4yLmphcgo="",""timestamp"":""2026-08-22T15:29:41.818075968Z""}"
"[INFO] Downloaded from central: https://repo.maven.apache.org/maven2/org/springframework/boot/spring-boot-starter-validation/3.5.7/spring-boot-starter-validation-3.5.7.jar (4.8 kB at 13 kB/s)
[INFO] Downloading from central: https://repo.maven.apache.org/maven2/org/springframework/boot/spring-boot-starter-web/3.5.7/spring-boot-starter-web-3.5.7.jar
",2026-08-22T15:29:41.820939865Z,info,"{""serviceId"":""87697b40-66d1-4a58-89e6-1068a09cbf8c"",""deploymentId"":""d6c8c3b8-3bb6-45c0-bc76-a9729ab89f82"",""deploymentInstanceId"":null}","{""level"":""info"",""source"":""buildkit"",""type"":""log"",""vertex"":""sha256:5123184c115415746b9e45a79609be5df6469d0b755767bd2a7f4b208b8cff02"",""stream"":1,""data"":""W0lORk9dIERvd25sb2FkZWQgZnJvbSBjZW50cmFsOiBodHRwczovL3JlcG8ubWF2ZW4uYXBhY2hlLm9yZy9tYXZlbjIvb3JnL3NwcmluZ2ZyYW1ld29yay9ib290L3NwcmluZy1ib290LXN0YXJ0ZXItdmFsaWRhdGlvbi8zLjUuNy9zcHJpbmctYm9vdC1zdGFydGVyLXZhbGlkYXRpb24tMy41LjcuamFyICg0Ljgga0IgYXQgMTMga0IvcykKW0lORk9dIERvd25sb2FkaW5nIGZyb20gY2VudHJhbDogaHR0cHM6Ly9yZXBvLm1hdmVuLmFwYWNoZS5vcmcvbWF2ZW4yL29yZy9zcHJpbmdmcmFtZXdvcmsvYm9vdC9zcHJpbmctYm9vdC1zdGFydGVyLXdlYi8zLjUuNy9zcHJpbmctYm9vdC1zdGFydGVyLXdlYi0zLjUuNy5qYXIK"",""timestamp"":""2026-08-22T15:29:41.820939865Z""}"
"[INFO] Downloaded from central: https://repo.maven.apache.org/maven2/org/apache/tomcat/embed/tomcat-embed-el/10.1.48/tomcat-embed-el-10.1.48.jar (264 kB at 688 kB/s)
[INFO] Downloading from central: https://repo.maven.apache.org/maven2/org/springframework/boot/spring-boot-starter-json/3.5.7/spring-boot-starter-json-3.5.7.jar
",2026-08-22T15:29:41.828158937Z,info,"{""serviceId"":""87697b40-66d1-4a58-89e6-1068a09cbf8c"",""deploymentId"":""d6c8c3b8-3bb6-45c0-bc76-a9729ab89f82"",""deploymentInstanceId"":null}","{""level"":""info"",""source"":""buildkit"",""type"":""log"",""vertex"":""sha256:5123184c115415746b9e45a79609be5df6469d0b755767bd2a7f4b208b8cff02"",""stream"":1,""data"":""W0lORk9dIERvd25sb2FkZWQgZnJvbSBjZW50cmFsOiBodHRwczovL3JlcG8ubWF2ZW4uYXBhY2hlLm9yZy9tYXZlbjIvb3JnL2FwYWNoZS90b21jYXQvZW1iZWQvdG9tY2F0LWVtYmVkLWVsLzEwLjEuNDgvdG9tY2F0LWVtYmVkLWVsLTEwLjEuNDguamFyICgyNjQga0IgYXQgNjg4IGtCL3MpCltJTkZPXSBEb3dubG9hZGluZyBmcm9tIGNlbnRyYWw6IGh0dHBzOi8vcmVwby5tYXZlbi5hcGFjaGUub3JnL21hdmVuMi9vcmcvc3ByaW5nZnJhbWV3b3JrL2Jvb3Qvc3ByaW5nLWJvb3Qtc3RhcnRlci1qc29uLzMuNS43L3NwcmluZy1ib290LXN0YXJ0ZXItanNvbi0zLjUuNy5qYXIK"",""timestamp"":""2026-08-22T15:29:41.828158937Z""}"
"[INFO] Downloaded from central: https://repo.maven.apache.org/maven2/org/thymeleaf/thymeleaf-spring6/3.1.3.RELEASE/thymeleaf-spring6-3.1.3.RELEASE.jar (189 kB at 491 kB/s)
[INFO] Downloading from central: https://repo.maven.apache.org/maven2/com/fasterxml/jackson/datatype/jackson-datatype-jdk8/2.19.2/jackson-datatype-jdk8-2.19.2.jar
",2026-08-22T15:29:41.829925527Z,info,"{""serviceId"":""87697b40-66d1-4a58-89e6-1068a09cbf8c"",""deploymentId"":""d6c8c3b8-3bb6-45c0-bc76-a9729ab89f82"",""deploymentInstanceId"":null}","{""level"":""info"",""source"":""buildkit"",""type"":""log"",""vertex"":""sha256:5123184c115415746b9e45a79609be5df6469d0b755767bd2a7f4b208b8cff02"",""stream"":1,""data"":""W0lORk9dIERvd25sb2FkZWQgZnJvbSBjZW50cmFsOiBodHRwczovL3JlcG8ubWF2ZW4uYXBhY2hlLm9yZy9tYXZlbjIvb3JnL3RoeW1lbGVhZi90aHltZWxlYWYtc3ByaW5nNi8zLjEuMy5SRUxFQVNFL3RoeW1lbGVhZi1zcHJpbmc2LTMuMS4zLlJFTEVBU0UuamFyICgxODkga0IgYXQgNDkxIGtCL3MpCltJTkZPXSBEb3dubG9hZGluZyBmcm9tIGNlbnRyYWw6IGh0dHBzOi8vcmVwby5tYXZlbi5hcGFjaGUub3JnL21hdmVuMi9jb20vZmFzdGVyeG1sL2phY2tzb24vZGF0YXR5cGUvamFja3Nvbi1kYXRhdHlwZS1qZGs4LzIuMTkuMi9qYWNrc29uLWRhdGF0eXBlLWpkazgtMi4xOS4yLmphcgo="",""timestamp"":""2026-08-22T15:29:41.829925527Z""}"
"[INFO] Downloaded from central: https://repo.maven.apache.org/maven2/org/springframework/boot/spring-boot-starter-web/3.5.7/spring-boot-starter-web-3.5.7.jar (4.8 kB at 12 kB/s)
",2026-08-22T15:29:41.839275366Z,info,"{""serviceId"":""87697b40-66d1-4a58-89e6-1068a09cbf8c"",""deploymentId"":""d6c8c3b8-3bb6-45c0-bc76-a9729ab89f82"",""deploymentInstanceId"":null}","{""level"":""info"",""source"":""buildkit"",""type"":""log"",""vertex"":""sha256:5123184c115415746b9e45a79609be5df6469d0b755767bd2a7f4b208b8cff02"",""stream"":1,""data"":""W0lORk9dIERvd25sb2FkZWQgZnJvbSBjZW50cmFsOiBodHRwczovL3JlcG8ubWF2ZW4uYXBhY2hlLm9yZy9tYXZlbjIvb3JnL3NwcmluZ2ZyYW1ld29yay9ib290L3NwcmluZy1ib290LXN0YXJ0ZXItd2ViLzMuNS43L3NwcmluZy1ib290LXN0YXJ0ZXItd2ViLTMuNS43LmphciAoNC44IGtCIGF0IDEyIGtCL3MpCg=="",""timestamp"":""2026-08-22T15:29:41.839275366Z""}"
"[INFO] Downloading from central: https://repo.maven.apache.org/maven2/com/fasterxml/jackson/module/jackson-module-parameter-names/2.19.2/jackson-module-parameter-names-2.19.2.jar
",2026-08-22T15:29:41.839379021Z,info,"{""serviceId"":""87697b40-66d1-4a58-89e6-1068a09cbf8c"",""deploymentId"":""d6c8c3b8-3bb6-45c0-bc76-a9729ab89f82"",""deploymentInstanceId"":null}","{""level"":""info"",""source"":""buildkit"",""type"":""log"",""vertex"":""sha256:5123184c115415746b9e45a79609be5df6469d0b755767bd2a7f4b208b8cff02"",""stream"":1,""data"":""W0lORk9dIERvd25sb2FkaW5nIGZyb20gY2VudHJhbDogaHR0cHM6Ly9yZXBvLm1hdmVuLmFwYWNoZS5vcmcvbWF2ZW4yL2NvbS9mYXN0ZXJ4bWwvamFja3Nvbi9tb2R1bGUvamFja3Nvbi1tb2R1bGUtcGFyYW1ldGVyLW5hbWVzLzIuMTkuMi9qYWNrc29uLW1vZHVsZS1wYXJhbWV0ZXItbmFtZXMtMi4xOS4yLmphcgo="",""timestamp"":""2026-08-22T15:29:41.839379021Z""}"
"[INFO] Downloaded from central: https://repo.maven.apache.org/maven2/jakarta/validation/jakarta.validation-api/3.0.2/jakarta.validation-api-3.0.2.jar (93 kB at 235 kB/s)
",2026-08-22T15:29:41.841223559Z,info,"{""serviceId"":""87697b40-66d1-4a58-89e6-1068a09cbf8c"",""deploymentId"":""d6c8c3b8-3bb6-45c0-bc76-a9729ab89f82"",""deploymentInstanceId"":null}","{""level"":""info"",""source"":""buildkit"",""type"":""log"",""vertex"":""sha256:5123184c115415746b9e45a79609be5df6469d0b755767bd2a7f4b208b8cff02"",""stream"":1,""data"":""W0lORk9dIERvd25sb2FkZWQgZnJvbSBjZW50cmFsOiBodHRwczovL3JlcG8ubWF2ZW4uYXBhY2hlLm9yZy9tYXZlbjIvamFrYXJ0YS92YWxpZGF0aW9uL2pha2FydGEudmFsaWRhdGlvbi1hcGkvMy4wLjIvamFrYXJ0YS52YWxpZGF0aW9uLWFwaS0zLjAuMi5qYXIgKDkzIGtCIGF0IDIzNSBrQi9zKQo="",""timestamp"":""2026-08-22T15:29:41.841223559Z""}"
"[INFO] Downloading from central: https://repo.maven.apache.org/maven2/org/springframework/boot/spring-boot-starter-tomcat/3.5.7/spring-boot-starter-tomcat-3.5.7.jar
",2026-08-22T15:29:41.841307435Z,info,"{""serviceId"":""87697b40-66d1-4a58-89e6-1068a09cbf8c"",""deploymentId"":""d6c8c3b8-3bb6-45c0-bc76-a9729ab89f82"",""deploymentInstanceId"":null}","{""level"":""info"",""source"":""buildkit"",""type"":""log"",""vertex"":""sha256:5123184c115415746b9e45a79609be5df6469d0b755767bd2a7f4b208b8cff02"",""stream"":1,""data"":""W0lORk9dIERvd25sb2FkaW5nIGZyb20gY2VudHJhbDogaHR0cHM6Ly9yZXBvLm1hdmVuLmFwYWNoZS5vcmcvbWF2ZW4yL29yZy9zcHJpbmdmcmFtZXdvcmsvYm9vdC9zcHJpbmctYm9vdC1zdGFydGVyLXRvbWNhdC8zLjUuNy9zcHJpbmctYm9vdC1zdGFydGVyLXRvbWNhdC0zLjUuNy5qYXIK"",""timestamp"":""2026-08-22T15:29:41.841307435Z""}"
"[INFO] Downloaded from central: https://repo.maven.apache.org/maven2/org/hibernate/validator/hibernate-validator/8.0.3.Final/hibernate-validator-8.0.3.Final.jar (1.3 MB at 3.3 MB/s)
",2026-08-22T15:29:41.849471404Z,info,"{""serviceId"":""87697b40-66d1-4a58-89e6-1068a09cbf8c"",""deploymentId"":""d6c8c3b8-3bb6-45c0-bc76-a9729ab89f82"",""deploymentInstanceId"":null}","{""level"":""info"",""source"":""buildkit"",""type"":""log"",""vertex"":""sha256:5123184c115415746b9e45a79609be5df6469d0b755767bd2a7f4b208b8cff02"",""stream"":1,""data"":""W0lORk9dIERvd25sb2FkZWQgZnJvbSBjZW50cmFsOiBodHRwczovL3JlcG8ubWF2ZW4uYXBhY2hlLm9yZy9tYXZlbjIvb3JnL2hpYmVybmF0ZS92YWxpZGF0b3IvaGliZXJuYXRlLXZhbGlkYXRvci84LjAuMy5GaW5hbC9oaWJlcm5hdGUtdmFsaWRhdG9yLTguMC4zLkZpbmFsLmphciAoMS4zIE1CIGF0IDMuMyBNQi9zKQo="",""timestamp"":""2026-08-22T15:29:41.849471404Z""}"
"[INFO] Downloading from central: https://repo.maven.apache.org/maven2/org/apache/tomcat/embed/tomcat-embed-core/10.1.48/tomcat-embed-core-10.1.48.jar
",2026-08-22T15:29:41.849497814Z,info,"{""serviceId"":""87697b40-66d1-4a58-89e6-1068a09cbf8c"",""deploymentId"":""d6c8c3b8-3bb6-45c0-bc76-a9729ab89f82"",""deploymentInstanceId"":null}","{""level"":""info"",""source"":""buildkit"",""type"":""log"",""vertex"":""sha256:5123184c115415746b9e45a79609be5df6469d0b755767bd2a7f4b208b8cff02"",""stream"":1,""data"":""W0lORk9dIERvd25sb2FkaW5nIGZyb20gY2VudHJhbDogaHR0cHM6Ly9yZXBvLm1hdmVuLmFwYWNoZS5vcmcvbWF2ZW4yL29yZy9hcGFjaGUvdG9tY2F0L2VtYmVkL3RvbWNhdC1lbWJlZC1jb3JlLzEwLjEuNDgvdG9tY2F0LWVtYmVkLWNvcmUtMTAuMS40OC5qYXIK"",""timestamp"":""2026-08-22T15:29:41.849497814Z""}"
"[INFO] Downloaded from central: https://repo.maven.apache.org/maven2/org/springframework/boot/spring-boot-starter-json/3.5.7/spring-boot-starter-json-3.5.7.jar (4.7 kB at 12 kB/s)
",2026-08-22T15:29:41.850752025Z,info,"{""serviceId"":""87697b40-66d1-4a58-89e6-1068a09cbf8c"",""deploymentId"":""d6c8c3b8-3bb6-45c0-bc76-a9729ab89f82"",""deploymentInstanceId"":null}","{""level"":""info"",""source"":""buildkit"",""type"":""log"",""vertex"":""sha256:5123184c115415746b9e45a79609be5df6469d0b755767bd2a7f4b208b8cff02"",""stream"":1,""data"":""W0lORk9dIERvd25sb2FkZWQgZnJvbSBjZW50cmFsOiBodHRwczovL3JlcG8ubWF2ZW4uYXBhY2hlLm9yZy9tYXZlbjIvb3JnL3NwcmluZ2ZyYW1ld29yay9ib290L3NwcmluZy1ib290LXN0YXJ0ZXItanNvbi8zLjUuNy9zcHJpbmctYm9vdC1zdGFydGVyLWpzb24tMy41LjcuamFyICg0Ljcga0IgYXQgMTIga0IvcykK"",""timestamp"":""2026-08-22T15:29:41.850752025Z""}"
"[INFO] Downloading from central: https://repo.maven.apache.org/maven2/org/apache/tomcat/embed/tomcat-embed-websocket/10.1.48/tomcat-embed-websocket-10.1.48.jar
",2026-08-22T15:29:41.850773087Z,info,"{""serviceId"":""87697b40-66d1-4a58-89e6-1068a09cbf8c"",""deploymentId"":""d6c8c3b8-3bb6-45c0-bc76-a9729ab89f82"",""deploymentInstanceId"":null}","{""level"":""info"",""source"":""buildkit"",""type"":""log"",""vertex"":""sha256:5123184c115415746b9e45a79609be5df6469d0b755767bd2a7f4b208b8cff02"",""stream"":1,""data"":""W0lORk9dIERvd25sb2FkaW5nIGZyb20gY2VudHJhbDogaHR0cHM6Ly9yZXBvLm1hdmVuLmFwYWNoZS5vcmcvbWF2ZW4yL29yZy9hcGFjaGUvdG9tY2F0L2VtYmVkL3RvbWNhdC1lbWJlZC13ZWJzb2NrZXQvMTAuMS40OC90b21jYXQtZW1iZWQtd2Vic29ja2V0LTEwLjEuNDguamFyCg=="",""timestamp"":""2026-08-22T15:29:41.850773087Z""}"
[INFO] Downloaded from central: https://repo.maven.apache.org/maven2/com/fasterxml/jackson/datatype/jackson-datatype-jdk8/2.19.2/jackson-datatype-jdk8-2.19.2.jar (36 kB at 87 kB/s),2026-08-22T15:29:41.860109535Z,info,"{""serviceId"":""87697b40-66d1-4a58-89e6-1068a09cbf8c"",""deploymentId"":""d6c8c3b8-3bb6-45c0-bc76-a9729ab89f82"",""deploymentInstanceId"":null}","{""level"":""info"",""source"":""buildkit"",""type"":""log"",""vertex"":""sha256:5123184c115415746b9e45a79609be5df6469d0b755767bd2a7f4b208b8cff02"",""stream"":1,""data"":""W0lORk9dIERvd25sb2FkZWQgZnJvbSBjZW50cmFsOiBodHRwczovL3JlcG8ubWF2ZW4uYXBhY2hlLm9yZy9tYXZlbjIvY29tL2Zhc3RlcnhtbC9qYWNrc29uL2RhdGF0eXBlL2phY2tzb24tZGF0YXR5cGUtamRrOC8yLjE5LjIvamFja3Nvbi1kYXRhdHlwZS1qZGs4LTIuMTkuMi5qYXIgKDM2IGtCIGF0IDg3IGtCL3Mp"",""timestamp"":""2026-08-22T15:29:41.860109535Z""}"
,2026-08-22T15:29:41.86012624Z,info,"{""serviceId"":""87697b40-66d1-4a58-89e6-1068a09cbf8c"",""deploymentId"":""d6c8c3b8-3bb6-45c0-bc76-a9729ab89f82"",""deploymentInstanceId"":null}","{""level"":""info"",""source"":""buildkit"",""type"":""log"",""vertex"":""sha256:5123184c115415746b9e45a79609be5df6469d0b755767bd2a7f4b208b8cff02"",""stream"":1,""data"":""Cg=="",""timestamp"":""2026-08-22T15:29:41.86012624Z""}"
"[INFO] Downloading from central: https://repo.maven.apache.org/maven2/org/springframework/spring-web/6.2.12/spring-web-6.2.12.jar
",2026-08-22T15:29:41.860243126Z,info,"{""serviceId"":""87697b40-66d1-4a58-89e6-1068a09cbf8c"",""deploymentId"":""d6c8c3b8-3bb6-45c0-bc76-a9729ab89f82"",""deploymentInstanceId"":null}","{""level"":""info"",""source"":""buildkit"",""type"":""log"",""vertex"":""sha256:5123184c115415746b9e45a79609be5df6469d0b755767bd2a7f4b208b8cff02"",""stream"":1,""data"":""W0lORk9dIERvd25sb2FkaW5nIGZyb20gY2VudHJhbDogaHR0cHM6Ly9yZXBvLm1hdmVuLmFwYWNoZS5vcmcvbWF2ZW4yL29yZy9zcHJpbmdmcmFtZXdvcmsvc3ByaW5nLXdlYi82LjIuMTIvc3ByaW5nLXdlYi02LjIuMTIuamFyCg=="",""timestamp"":""2026-08-22T15:29:41.860243126Z""}"
"[INFO] Downloaded from central: https://repo.maven.apache.org/maven2/com/fasterxml/jackson/module/jackson-module-parameter-names/2.19.2/jackson-module-parameter-names-2.19.2.jar (10 kB at 25 kB/s)
[INFO] Downloading from central: https://repo.maven.apache.org/maven2/org/springframework/spring-webmvc/6.2.12/spring-webmvc-6.2.12.jar
",2026-08-22T15:29:41.862199301Z,info,"{""serviceId"":""87697b40-66d1-4a58-89e6-1068a09cbf8c"",""deploymentId"":""d6c8c3b8-3bb6-45c0-bc76-a9729ab89f82"",""deploymentInstanceId"":null}","{""level"":""info"",""source"":""buildkit"",""type"":""log"",""vertex"":""sha256:5123184c115415746b9e45a79609be5df6469d0b755767bd2a7f4b208b8cff02"",""stream"":1,""data"":""W0lORk9dIERvd25sb2FkZWQgZnJvbSBjZW50cmFsOiBodHRwczovL3JlcG8ubWF2ZW4uYXBhY2hlLm9yZy9tYXZlbjIvY29tL2Zhc3RlcnhtbC9qYWNrc29uL21vZHVsZS9qYWNrc29uLW1vZHVsZS1wYXJhbWV0ZXItbmFtZXMvMi4xOS4yL2phY2tzb24tbW9kdWxlLXBhcmFtZXRlci1uYW1lcy0yLjE5LjIuamFyICgxMCBrQiBhdCAyNSBrQi9zKQpbSU5GT10gRG93bmxvYWRpbmcgZnJvbSBjZW50cmFsOiBodHRwczovL3JlcG8ubWF2ZW4uYXBhY2hlLm9yZy9tYXZlbjIvb3JnL3NwcmluZ2ZyYW1ld29yay9zcHJpbmctd2VibXZjLzYuMi4xMi9zcHJpbmctd2VibXZjLTYuMi4xMi5qYXIK"",""timestamp"":""2026-08-22T15:29:41.862199301Z""}"
"[INFO] Downloaded from central: https://repo.maven.apache.org/maven2/org/springframework/boot/spring-boot-starter-tomcat/3.5.7/spring-boot-starter-tomcat-3.5.7.jar (4.8 kB at 11 kB/s)
",2026-08-22T15:29:41.863854334Z,info,"{""serviceId"":""87697b40-66d1-4a58-89e6-1068a09cbf8c"",""deploymentId"":""d6c8c3b8-3bb6-45c0-bc76-a9729ab89f82"",""deploymentInstanceId"":null}","{""level"":""info"",""source"":""buildkit"",""type"":""log"",""vertex"":""sha256:5123184c115415746b9e45a79609be5df6469d0b755767bd2a7f4b208b8cff02"",""stream"":1,""data"":""W0lORk9dIERvd25sb2FkZWQgZnJvbSBjZW50cmFsOiBodHRwczovL3JlcG8ubWF2ZW4uYXBhY2hlLm9yZy9tYXZlbjIvb3JnL3NwcmluZ2ZyYW1ld29yay9ib290L3NwcmluZy1ib290LXN0YXJ0ZXItdG9tY2F0LzMuNS43L3NwcmluZy1ib290LXN0YXJ0ZXItdG9tY2F0LTMuNS43LmphciAoNC44IGtCIGF0IDExIGtCL3MpCg=="",""timestamp"":""2026-08-22T15:29:41.863854334Z""}"
"[INFO] Downloading from central: https://repo.maven.apache.org/maven2/org/springframework/boot/spring-boot-devtools/3.5.7/spring-boot-devtools-3.5.7.jar
",2026-08-22T15:29:41.863868425Z,info,"{""serviceId"":""87697b40-66d1-4a58-89e6-1068a09cbf8c"",""deploymentId"":""d6c8c3b8-3bb6-45c0-bc76-a9729ab89f82"",""deploymentInstanceId"":null}","{""level"":""info"",""source"":""buildkit"",""type"":""log"",""vertex"":""sha256:5123184c115415746b9e45a79609be5df6469d0b755767bd2a7f4b208b8cff02"",""stream"":1,""data"":""W0lORk9dIERvd25sb2FkaW5nIGZyb20gY2VudHJhbDogaHR0cHM6Ly9yZXBvLm1hdmVuLmFwYWNoZS5vcmcvbWF2ZW4yL29yZy9zcHJpbmdmcmFtZXdvcmsvYm9vdC9zcHJpbmctYm9vdC1kZXZ0b29scy8zLjUuNy9zcHJpbmctYm9vdC1kZXZ0b29scy0zLjUuNy5qYXIK"",""timestamp"":""2026-08-22T15:29:41.863868425Z""}"
"[INFO] Downloaded from central: https://repo.maven.apache.org/maven2/org/apache/tomcat/embed/tomcat-embed-websocket/10.1.48/tomcat-embed-websocket-10.1.48.jar (284 kB at 660 kB/s)
",2026-08-22T15:29:41.875663693Z,info,"{""serviceId"":""87697b40-66d1-4a58-89e6-1068a09cbf8c"",""deploymentId"":""d6c8c3b8-3bb6-45c0-bc76-a9729ab89f82"",""deploymentInstanceId"":null}","{""level"":""info"",""source"":""buildkit"",""type"":""log"",""vertex"":""sha256:5123184c115415746b9e45a79609be5df6469d0b755767bd2a7f4b208b8cff02"",""stream"":1,""data"":""W0lORk9dIERvd25sb2FkZWQgZnJvbSBjZW50cmFsOiBodHRwczovL3JlcG8ubWF2ZW4uYXBhY2hlLm9yZy9tYXZlbjIvb3JnL2FwYWNoZS90b21jYXQvZW1iZWQvdG9tY2F0LWVtYmVkLXdlYnNvY2tldC8xMC4xLjQ4L3RvbWNhdC1lbWJlZC13ZWJzb2NrZXQtMTAuMS40OC5qYXIgKDI4NCBrQiBhdCA2NjAga0IvcykK"",""timestamp"":""2026-08-22T15:29:41.875663693Z""}"
"[INFO] Downloading from central: https://repo.maven.apache.org/maven2/org/springframework/boot/spring-boot/3.5.7/spring-boot-3.5.7.jar
",2026-08-22T15:29:41.875685575Z,info,"{""serviceId"":""87697b40-66d1-4a58-89e6-1068a09cbf8c"",""deploymentId"":""d6c8c3b8-3bb6-45c0-bc76-a9729ab89f82"",""deploymentInstanceId"":null}","{""level"":""info"",""source"":""buildkit"",""type"":""log"",""vertex"":""sha256:5123184c115415746b9e45a79609be5df6469d0b755767bd2a7f4b208b8cff02"",""stream"":1,""data"":""W0lORk9dIERvd25sb2FkaW5nIGZyb20gY2VudHJhbDogaHR0cHM6Ly9yZXBvLm1hdmVuLmFwYWNoZS5vcmcvbWF2ZW4yL29yZy9zcHJpbmdmcmFtZXdvcmsvYm9vdC9zcHJpbmctYm9vdC8zLjUuNy9zcHJpbmctYm9vdC0zLjUuNy5qYXIK"",""timestamp"":""2026-08-22T15:29:41.875685575Z""}"
"[INFO] Downloaded from central: https://repo.maven.apache.org/maven2/org/springframework/boot/spring-boot-devtools/3.5.7/spring-boot-devtools-3.5.7.jar (204 kB at 461 kB/s)
",2026-08-22T15:29:41.889170488Z,info,"{""serviceId"":""87697b40-66d1-4a58-89e6-1068a09cbf8c"",""deploymentId"":""d6c8c3b8-3bb6-45c0-bc76-a9729ab89f82"",""deploymentInstanceId"":null}","{""level"":""info"",""source"":""buildkit"",""type"":""log"",""vertex"":""sha256:5123184c115415746b9e45a79609be5df6469d0b755767bd2a7f4b208b8cff02"",""stream"":1,""data"":""W0lORk9dIERvd25sb2FkZWQgZnJvbSBjZW50cmFsOiBodHRwczovL3JlcG8ubWF2ZW4uYXBhY2hlLm9yZy9tYXZlbjIvb3JnL3NwcmluZ2ZyYW1ld29yay9ib290L3NwcmluZy1ib290LWRldnRvb2xzLzMuNS43L3NwcmluZy1ib290LWRldnRvb2xzLTMuNS43LmphciAoMjA0IGtCIGF0IDQ2MSBrQi9zKQo="",""timestamp"":""2026-08-22T15:29:41.889170488Z""}"
"[INFO] Downloading from central: https://repo.maven.apache.org/maven2/org/springframework/boot/spring-boot-autoconfigure/3.5.7/spring-boot-autoconfigure-3.5.7.jar
",2026-08-22T15:29:41.88919166Z,info,"{""serviceId"":""87697b40-66d1-4a58-89e6-1068a09cbf8c"",""deploymentId"":""d6c8c3b8-3bb6-45c0-bc76-a9729ab89f82"",""deploymentInstanceId"":null}","{""level"":""info"",""source"":""buildkit"",""type"":""log"",""vertex"":""sha256:5123184c115415746b9e45a79609be5df6469d0b755767bd2a7f4b208b8cff02"",""stream"":1,""data"":""W0lORk9dIERvd25sb2FkaW5nIGZyb20gY2VudHJhbDogaHR0cHM6Ly9yZXBvLm1hdmVuLmFwYWNoZS5vcmcvbWF2ZW4yL29yZy9zcHJpbmdmcmFtZXdvcmsvYm9vdC9zcHJpbmctYm9vdC1hdXRvY29uZmlndXJlLzMuNS43L3NwcmluZy1ib290LWF1dG9jb25maWd1cmUtMy41LjcuamFyCg=="",""timestamp"":""2026-08-22T15:29:41.88919166Z""}"
"[INFO] Downloaded from central: https://repo.maven.apache.org/maven2/org/springframework/spring-webmvc/6.2.12/spring-webmvc-6.2.12.jar (1.1 MB at 2.5 MB/s)
",2026-08-22T15:29:41.890407815Z,info,"{""serviceId"":""87697b40-66d1-4a58-89e6-1068a09cbf8c"",""deploymentId"":""d6c8c3b8-3bb6-45c0-bc76-a9729ab89f82"",""deploymentInstanceId"":null}","{""level"":""info"",""source"":""buildkit"",""type"":""log"",""vertex"":""sha256:5123184c115415746b9e45a79609be5df6469d0b755767bd2a7f4b208b8cff02"",""stream"":1,""data"":""W0lORk9dIERvd25sb2FkZWQgZnJvbSBjZW50cmFsOiBodHRwczovL3JlcG8ubWF2ZW4uYXBhY2hlLm9yZy9tYXZlbjIvb3JnL3NwcmluZ2ZyYW1ld29yay9zcHJpbmctd2VibXZjLzYuMi4xMi9zcHJpbmctd2VibXZjLTYuMi4xMi5qYXIgKDEuMSBNQiBhdCAyLjUgTUIvcykK"",""timestamp"":""2026-08-22T15:29:41.890407815Z""}"
"[INFO] Downloading from central: https://repo.maven.apache.org/maven2/org/springdoc/springdoc-openapi-starter-webmvc-ui/2.8.14/springdoc-openapi-starter-webmvc-ui-2.8.14.jar
",2026-08-22T15:29:41.89042493Z,info,"{""serviceId"":""87697b40-66d1-4a58-89e6-1068a09cbf8c"",""deploymentId"":""d6c8c3b8-3bb6-45c0-bc76-a9729ab89f82"",""deploymentInstanceId"":null}","{""level"":""info"",""source"":""buildkit"",""type"":""log"",""vertex"":""sha256:5123184c115415746b9e45a79609be5df6469d0b755767bd2a7f4b208b8cff02"",""stream"":1,""data"":""W0lORk9dIERvd25sb2FkaW5nIGZyb20gY2VudHJhbDogaHR0cHM6Ly9yZXBvLm1hdmVuLmFwYWNoZS5vcmcvbWF2ZW4yL29yZy9zcHJpbmdkb2Mvc3ByaW5nZG9jLW9wZW5hcGktc3RhcnRlci13ZWJtdmMtdWkvMi44LjE0L3NwcmluZ2RvYy1vcGVuYXBpLXN0YXJ0ZXItd2VibXZjLXVpLTIuOC4xNC5qYXIK"",""timestamp"":""2026-08-22T15:29:41.89042493Z""}"
"[INFO] Downloaded from central: https://repo.maven.apache.org/maven2/org/springframework/spring-web/6.2.12/spring-web-6.2.12.jar (2.1 MB at 4.6 MB/s)
",2026-08-22T15:29:41.902830363Z,info,"{""serviceId"":""87697b40-66d1-4a58-89e6-1068a09cbf8c"",""deploymentId"":""d6c8c3b8-3bb6-45c0-bc76-a9729ab89f82"",""deploymentInstanceId"":null}","{""level"":""info"",""source"":""buildkit"",""type"":""log"",""vertex"":""sha256:5123184c115415746b9e45a79609be5df6469d0b755767bd2a7f4b208b8cff02"",""stream"":1,""data"":""W0lORk9dIERvd25sb2FkZWQgZnJvbSBjZW50cmFsOiBodHRwczovL3JlcG8ubWF2ZW4uYXBhY2hlLm9yZy9tYXZlbjIvb3JnL3NwcmluZ2ZyYW1ld29yay9zcHJpbmctd2ViLzYuMi4xMi9zcHJpbmctd2ViLTYuMi4xMi5qYXIgKDIuMSBNQiBhdCA0LjYgTUIvcykK"",""timestamp"":""2026-08-22T15:29:41.902830363Z""}"
"[INFO] Downloading from central: https://repo.maven.apache.org/maven2/org/springdoc/springdoc-openapi-starter-webmvc-api/2.8.14/springdoc-openapi-starter-webmvc-api-2.8.14.jar
",2026-08-22T15:29:41.902858516Z,info,"{""serviceId"":""87697b40-66d1-4a58-89e6-1068a09cbf8c"",""deploymentId"":""d6c8c3b8-3bb6-45c0-bc76-a9729ab89f82"",""deploymentInstanceId"":null}","{""level"":""info"",""source"":""buildkit"",""type"":""log"",""vertex"":""sha256:5123184c115415746b9e45a79609be5df6469d0b755767bd2a7f4b208b8cff02"",""stream"":1,""data"":""W0lORk9dIERvd25sb2FkaW5nIGZyb20gY2VudHJhbDogaHR0cHM6Ly9yZXBvLm1hdmVuLmFwYWNoZS5vcmcvbWF2ZW4yL29yZy9zcHJpbmdkb2Mvc3ByaW5nZG9jLW9wZW5hcGktc3RhcnRlci13ZWJtdmMtYXBpLzIuOC4xNC9zcHJpbmdkb2Mtb3BlbmFwaS1zdGFydGVyLXdlYm12Yy1hcGktMi44LjE0Lmphcgo="",""timestamp"":""2026-08-22T15:29:41.902858516Z""}"
"[INFO] Downloaded from central: https://repo.maven.apache.org/maven2/org/apache/tomcat/embed/tomcat-embed-core/10.1.48/tomcat-embed-core-10.1.48.jar (3.7 MB at 7.9 MB/s)
[INFO] Downloading from central: https://repo.maven.apache.org/maven2/org/springdoc/springdoc-openapi-starter-common/2.8.14/springdoc-openapi-starter-common-2.8.14.jar
",2026-08-22T15:29:41.906049403Z,info,"{""serviceId"":""87697b40-66d1-4a58-89e6-1068a09cbf8c"",""deploymentId"":""d6c8c3b8-3bb6-45c0-bc76-a9729ab89f82"",""deploymentInstanceId"":null}","{""level"":""info"",""source"":""buildkit"",""type"":""log"",""vertex"":""sha256:5123184c115415746b9e45a79609be5df6469d0b755767bd2a7f4b208b8cff02"",""stream"":1,""data"":""W0lORk9dIERvd25sb2FkZWQgZnJvbSBjZW50cmFsOiBodHRwczovL3JlcG8ubWF2ZW4uYXBhY2hlLm9yZy9tYXZlbjIvb3JnL2FwYWNoZS90b21jYXQvZW1iZWQvdG9tY2F0LWVtYmVkLWNvcmUvMTAuMS40OC90b21jYXQtZW1iZWQtY29yZS0xMC4xLjQ4LmphciAoMy43IE1CIGF0IDcuOSBNQi9zKQpbSU5GT10gRG93bmxvYWRpbmcgZnJvbSBjZW50cmFsOiBodHRwczovL3JlcG8ubWF2ZW4uYXBhY2hlLm9yZy9tYXZlbjIvb3JnL3NwcmluZ2RvYy9zcHJpbmdkb2Mtb3BlbmFwaS1zdGFydGVyLWNvbW1vbi8yLjguMTQvc3ByaW5nZG9jLW9wZW5hcGktc3RhcnRlci1jb21tb24tMi44LjE0Lmphcgo="",""timestamp"":""2026-08-22T15:29:41.906049403Z""}"
"[INFO] Downloaded from central: https://repo.maven.apache.org/maven2/org/springframework/boot/spring-boot/3.5.7/spring-boot-3.5.7.jar (1.9 MB at 4.1 MB/s)
",2026-08-22T15:29:41.91208591Z,info,"{""serviceId"":""87697b40-66d1-4a58-89e6-1068a09cbf8c"",""deploymentId"":""d6c8c3b8-3bb6-45c0-bc76-a9729ab89f82"",""deploymentInstanceId"":null}","{""level"":""info"",""source"":""buildkit"",""type"":""log"",""vertex"":""sha256:5123184c115415746b9e45a79609be5df6469d0b755767bd2a7f4b208b8cff02"",""stream"":1,""data"":""W0lORk9dIERvd25sb2FkZWQgZnJvbSBjZW50cmFsOiBodHRwczovL3JlcG8ubWF2ZW4uYXBhY2hlLm9yZy9tYXZlbjIvb3JnL3NwcmluZ2ZyYW1ld29yay9ib290L3NwcmluZy1ib290LzMuNS43L3NwcmluZy1ib290LTMuNS43LmphciAoMS45IE1CIGF0IDQuMSBNQi9zKQo="",""timestamp"":""2026-08-22T15:29:41.91208591Z""}"
"[INFO] Downloading from central: https://repo.maven.apache.org/maven2/io/swagger/core/v3/swagger-core-jakarta/2.2.38/swagger-core-jakarta-2.2.38.jar
",2026-08-22T15:29:41.912101404Z,info,"{""serviceId"":""87697b40-66d1-4a58-89e6-1068a09cbf8c"",""deploymentId"":""d6c8c3b8-3bb6-45c0-bc76-a9729ab89f82"",""deploymentInstanceId"":null}","{""level"":""info"",""source"":""buildkit"",""type"":""log"",""vertex"":""sha256:5123184c115415746b9e45a79609be5df6469d0b755767bd2a7f4b208b8cff02"",""stream"":1,""data"":""W0lORk9dIERvd25sb2FkaW5nIGZyb20gY2VudHJhbDogaHR0cHM6Ly9yZXBvLm1hdmVuLmFwYWNoZS5vcmcvbWF2ZW4yL2lvL3N3YWdnZXIvY29yZS92My9zd2FnZ2VyLWNvcmUtamFrYXJ0YS8yLjIuMzgvc3dhZ2dlci1jb3JlLWpha2FydGEtMi4yLjM4Lmphcgo="",""timestamp"":""2026-08-22T15:29:41.912101404Z""}"
"[INFO] Downloaded from central: https://repo.maven.apache.org/maven2/org/springdoc/springdoc-openapi-starter-webmvc-ui/2.8.14/springdoc-openapi-starter-webmvc-ui-2.8.14.jar (23 kB at 50 kB/s)
[INFO] Downloading from central: https://repo.maven.apache.org/maven2/org/apache/commons/commons-lang3/3.17.0/commons-lang3-3.17.0.jar
",2026-08-22T15:29:41.916982357Z,info,"{""serviceId"":""87697b40-66d1-4a58-89e6-1068a09cbf8c"",""deploymentId"":""d6c8c3b8-3bb6-45c0-bc76-a9729ab89f82"",""deploymentInstanceId"":null}","{""level"":""info"",""source"":""buildkit"",""type"":""log"",""vertex"":""sha256:5123184c115415746b9e45a79609be5df6469d0b755767bd2a7f4b208b8cff02"",""stream"":1,""data"":""W0lORk9dIERvd25sb2FkZWQgZnJvbSBjZW50cmFsOiBodHRwczovL3JlcG8ubWF2ZW4uYXBhY2hlLm9yZy9tYXZlbjIvb3JnL3NwcmluZ2RvYy9zcHJpbmdkb2Mtb3BlbmFwaS1zdGFydGVyLXdlYm12Yy11aS8yLjguMTQvc3ByaW5nZG9jLW9wZW5hcGktc3RhcnRlci13ZWJtdmMtdWktMi44LjE0LmphciAoMjMga0IgYXQgNTAga0IvcykKW0lORk9dIERvd25sb2FkaW5nIGZyb20gY2VudHJhbDogaHR0cHM6Ly9yZXBvLm1hdmVuLmFwYWNoZS5vcmcvbWF2ZW4yL29yZy9hcGFjaGUvY29tbW9ucy9jb21tb25zLWxhbmczLzMuMTcuMC9jb21tb25zLWxhbmczLTMuMTcuMC5qYXIK"",""timestamp"":""2026-08-22T15:29:41.916982357Z""}"
"[INFO] Downloaded from central: https://repo.maven.apache.org/maven2/org/springframework/boot/spring-boot-autoconfigure/3.5.7/spring-boot-autoconfigure-3.5.7.jar (2.1 MB at 4.4 MB/s)
",2026-08-22T15:29:41.924365424Z,info,"{""serviceId"":""87697b40-66d1-4a58-89e6-1068a09cbf8c"",""deploymentId"":""d6c8c3b8-3bb6-45c0-bc76-a9729ab89f82"",""deploymentInstanceId"":null}","{""level"":""info"",""source"":""buildkit"",""type"":""log"",""vertex"":""sha256:5123184c115415746b9e45a79609be5df6469d0b755767bd2a7f4b208b8cff02"",""stream"":1,""data"":""W0lORk9dIERvd25sb2FkZWQgZnJvbSBjZW50cmFsOiBodHRwczovL3JlcG8ubWF2ZW4uYXBhY2hlLm9yZy9tYXZlbjIvb3JnL3NwcmluZ2ZyYW1ld29yay9ib290L3NwcmluZy1ib290LWF1dG9jb25maWd1cmUvMy41Ljcvc3ByaW5nLWJvb3QtYXV0b2NvbmZpZ3VyZS0zLjUuNy5qYXIgKDIuMSBNQiBhdCA0LjQgTUIvcykK"",""timestamp"":""2026-08-22T15:29:41.924365424Z""}"
"[INFO] Downloading from central: https://repo.maven.apache.org/maven2/io/swagger/core/v3/swagger-annotations-jakarta/2.2.38/swagger-annotations-jakarta-2.2.38.jar
",2026-08-22T15:29:41.924387598Z,info,"{""serviceId"":""87697b40-66d1-4a58-89e6-1068a09cbf8c"",""deploymentId"":""d6c8c3b8-3bb6-45c0-bc76-a9729ab89f82"",""deploymentInstanceId"":null}","{""level"":""info"",""source"":""buildkit"",""type"":""log"",""vertex"":""sha256:5123184c115415746b9e45a79609be5df6469d0b755767bd2a7f4b208b8cff02"",""stream"":1,""data"":""W0lORk9dIERvd25sb2FkaW5nIGZyb20gY2VudHJhbDogaHR0cHM6Ly9yZXBvLm1hdmVuLmFwYWNoZS5vcmcvbWF2ZW4yL2lvL3N3YWdnZXIvY29yZS92My9zd2FnZ2VyLWFubm90YXRpb25zLWpha2FydGEvMi4yLjM4L3N3YWdnZXItYW5ub3RhdGlvbnMtamFrYXJ0YS0yLjIuMzguamFyCg=="",""timestamp"":""2026-08-22T15:29:41.924387598Z""}"
"[INFO] Downloaded from central: https://repo.maven.apache.org/maven2/org/springdoc/springdoc-openapi-starter-webmvc-api/2.8.14/springdoc-openapi-starter-webmvc-api-2.8.14.jar (43 kB at 88 kB/s)
",2026-08-22T15:29:41.928817114Z,info,"{""serviceId"":""87697b40-66d1-4a58-89e6-1068a09cbf8c"",""deploymentId"":""d6c8c3b8-3bb6-45c0-bc76-a9729ab89f82"",""deploymentInstanceId"":null}","{""level"":""info"",""source"":""buildkit"",""type"":""log"",""vertex"":""sha256:5123184c115415746b9e45a79609be5df6469d0b755767bd2a7f4b208b8cff02"",""stream"":1,""data"":""W0lORk9dIERvd25sb2FkZWQgZnJvbSBjZW50cmFsOiBodHRwczovL3JlcG8ubWF2ZW4uYXBhY2hlLm9yZy9tYXZlbjIvb3JnL3NwcmluZ2RvYy9zcHJpbmdkb2Mtb3BlbmFwaS1zdGFydGVyLXdlYm12Yy1hcGkvMi44LjE0L3NwcmluZ2RvYy1vcGVuYXBpLXN0YXJ0ZXItd2VibXZjLWFwaS0yLjguMTQuamFyICg0MyBrQiBhdCA4OCBrQi9zKQo="",""timestamp"":""2026-08-22T15:29:41.928817114Z""}"
"[INFO] Downloading from central: https://repo.maven.apache.org/maven2/io/swagger/core/v3/swagger-models-jakarta/2.2.38/swagger-models-jakarta-2.2.38.jar
",2026-08-22T15:29:41.928843753Z,info,"{""serviceId"":""87697b40-66d1-4a58-89e6-1068a09cbf8c"",""deploymentId"":""d6c8c3b8-3bb6-45c0-bc76-a9729ab89f82"",""deploymentInstanceId"":null}","{""level"":""info"",""source"":""buildkit"",""type"":""log"",""vertex"":""sha256:5123184c115415746b9e45a79609be5df6469d0b755767bd2a7f4b208b8cff02"",""stream"":1,""data"":""W0lORk9dIERvd25sb2FkaW5nIGZyb20gY2VudHJhbDogaHR0cHM6Ly9yZXBvLm1hdmVuLmFwYWNoZS5vcmcvbWF2ZW4yL2lvL3N3YWdnZXIvY29yZS92My9zd2FnZ2VyLW1vZGVscy1qYWthcnRhLzIuMi4zOC9zd2FnZ2VyLW1vZGVscy1qYWthcnRhLTIuMi4zOC5qYXIK"",""timestamp"":""2026-08-22T15:29:41.928843753Z""}"
"[INFO] Downloaded from central: https://repo.maven.apache.org/maven2/org/springdoc/springdoc-openapi-starter-common/2.8.14/springdoc-openapi-starter-common-2.8.14.jar (542 kB at 1.1 MB/s)
",2026-08-22T15:29:41.932081381Z,info,"{""serviceId"":""87697b40-66d1-4a58-89e6-1068a09cbf8c"",""deploymentId"":""d6c8c3b8-3bb6-45c0-bc76-a9729ab89f82"",""deploymentInstanceId"":null}","{""level"":""info"",""source"":""buildkit"",""type"":""log"",""vertex"":""sha256:5123184c115415746b9e45a79609be5df6469d0b755767bd2a7f4b208b8cff02"",""stream"":1,""data"":""W0lORk9dIERvd25sb2FkZWQgZnJvbSBjZW50cmFsOiBodHRwczovL3JlcG8ubWF2ZW4uYXBhY2hlLm9yZy9tYXZlbjIvb3JnL3NwcmluZ2RvYy9zcHJpbmdkb2Mtb3BlbmFwaS1zdGFydGVyLWNvbW1vbi8yLjguMTQvc3ByaW5nZG9jLW9wZW5hcGktc3RhcnRlci1jb21tb24tMi44LjE0LmphciAoNTQyIGtCIGF0IDEuMSBNQi9zKQo="",""timestamp"":""2026-08-22T15:29:41.932081381Z""}"
"[INFO] Downloading from central: https://repo.maven.apache.org/maven2/com/fasterxml/jackson/dataformat/jackson-dataformat-yaml/2.19.2/jackson-dataformat-yaml-2.19.2.jar
",2026-08-22T15:29:41.932118778Z,info,"{""serviceId"":""87697b40-66d1-4a58-89e6-1068a09cbf8c"",""deploymentId"":""d6c8c3b8-3bb6-45c0-bc76-a9729ab89f82"",""deploymentInstanceId"":null}","{""level"":""info"",""source"":""buildkit"",""type"":""log"",""vertex"":""sha256:5123184c115415746b9e45a79609be5df6469d0b755767bd2a7f4b208b8cff02"",""stream"":1,""data"":""W0lORk9dIERvd25sb2FkaW5nIGZyb20gY2VudHJhbDogaHR0cHM6Ly9yZXBvLm1hdmVuLmFwYWNoZS5vcmcvbWF2ZW4yL2NvbS9mYXN0ZXJ4bWwvamFja3Nvbi9kYXRhZm9ybWF0L2phY2tzb24tZGF0YWZvcm1hdC15YW1sLzIuMTkuMi9qYWNrc29uLWRhdGFmb3JtYXQteWFtbC0yLjE5LjIuamFyCg=="",""timestamp"":""2026-08-22T15:29:41.932118778Z""}"
"[INFO] Downloaded from central: https://repo.maven.apache.org/maven2/io/swagger/core/v3/swagger-core-jakarta/2.2.38/swagger-core-jakarta-2.2.38.jar (252 kB at 515 kB/s)
[INFO] Downloading from central: https://repo.maven.apache.org/maven2/org/webjars/swagger-ui/5.30.1/swagger-ui-5.30.1.jar
",2026-08-22T15:29:41.934862304Z,info,"{""serviceId"":""87697b40-66d1-4a58-89e6-1068a09cbf8c"",""deploymentId"":""d6c8c3b8-3bb6-45c0-bc76-a9729ab89f82"",""deploymentInstanceId"":null}","{""level"":""info"",""source"":""buildkit"",""type"":""log"",""vertex"":""sha256:5123184c115415746b9e45a79609be5df6469d0b755767bd2a7f4b208b8cff02"",""stream"":1,""data"":""W0lORk9dIERvd25sb2FkZWQgZnJvbSBjZW50cmFsOiBodHRwczovL3JlcG8ubWF2ZW4uYXBhY2hlLm9yZy9tYXZlbjIvaW8vc3dhZ2dlci9jb3JlL3YzL3N3YWdnZXItY29yZS1qYWthcnRhLzIuMi4zOC9zd2FnZ2VyLWNvcmUtamFrYXJ0YS0yLjIuMzguamFyICgyNTIga0IgYXQgNTE1IGtCL3MpCltJTkZPXSBEb3dubG9hZGluZyBmcm9tIGNlbnRyYWw6IGh0dHBzOi8vcmVwby5tYXZlbi5hcGFjaGUub3JnL21hdmVuMi9vcmcvd2ViamFycy9zd2FnZ2VyLXVpLzUuMzAuMS9zd2FnZ2VyLXVpLTUuMzAuMS5qYXIK"",""timestamp"":""2026-08-22T15:29:41.934862304Z""}"
"[INFO] Downloaded from central: https://repo.maven.apache.org/maven2/io/swagger/core/v3/swagger-annotations-jakarta/2.2.38/swagger-annotations-jakarta-2.2.38.jar (51 kB at 101 kB/s)
[INFO] Downloaded from central: https://repo.maven.apache.org/maven2/org/apache/commons/commons-lang3/3.17.0/commons-lang3-3.17.0.jar (674 kB at 1.3 MB/s)
[INFO] Downloading from central: https://repo.maven.apache.org/maven2/org/webjars/webjars-locator-lite/1.1.2/webjars-locator-lite-1.1.2.jar
",2026-08-22T15:29:41.947133415Z,info,"{""serviceId"":""87697b40-66d1-4a58-89e6-1068a09cbf8c"",""deploymentId"":""d6c8c3b8-3bb6-45c0-bc76-a9729ab89f82"",""deploymentInstanceId"":null}","{""level"":""info"",""source"":""buildkit"",""type"":""log"",""vertex"":""sha256:5123184c115415746b9e45a79609be5df6469d0b755767bd2a7f4b208b8cff02"",""stream"":1,""data"":""W0lORk9dIERvd25sb2FkZWQgZnJvbSBjZW50cmFsOiBodHRwczovL3JlcG8ubWF2ZW4uYXBhY2hlLm9yZy9tYXZlbjIvaW8vc3dhZ2dlci9jb3JlL3YzL3N3YWdnZXItYW5ub3RhdGlvbnMtamFrYXJ0YS8yLjIuMzgvc3dhZ2dlci1hbm5vdGF0aW9ucy1qYWthcnRhLTIuMi4zOC5qYXIgKDUxIGtCIGF0IDEwMSBrQi9zKQpbSU5GT10gRG93bmxvYWRlZCBmcm9tIGNlbnRyYWw6IGh0dHBzOi8vcmVwby5tYXZlbi5hcGFjaGUub3JnL21hdmVuMi9vcmcvYXBhY2hlL2NvbW1vbnMvY29tbW9ucy1sYW5nMy8zLjE3LjAvY29tbW9ucy1sYW5nMy0zLjE3LjAuamFyICg2NzQga0IgYXQgMS4zIE1CL3MpCltJTkZPXSBEb3dubG9hZGluZyBmcm9tIGNlbnRyYWw6IGh0dHBzOi8vcmVwby5tYXZlbi5hcGFjaGUub3JnL21hdmVuMi9vcmcvd2ViamFycy93ZWJqYXJzLWxvY2F0b3ItbGl0ZS8xLjEuMi93ZWJqYXJzLWxvY2F0b3ItbGl0ZS0xLjEuMi5qYXIK"",""timestamp"":""2026-08-22T15:29:41.947133415Z""}"
"[INFO] Downloading from central: https://repo.maven.apache.org/maven2/org/jspecify/jspecify/1.0.0/jspecify-1.0.0.jar
",2026-08-22T15:29:41.947169529Z,info,"{""serviceId"":""87697b40-66d1-4a58-89e6-1068a09cbf8c"",""deploymentId"":""d6c8c3b8-3bb6-45c0-bc76-a9729ab89f82"",""deploymentInstanceId"":null}","{""level"":""info"",""source"":""buildkit"",""type"":""log"",""vertex"":""sha256:5123184c115415746b9e45a79609be5df6469d0b755767bd2a7f4b208b8cff02"",""stream"":1,""data"":""W0lORk9dIERvd25sb2FkaW5nIGZyb20gY2VudHJhbDogaHR0cHM6Ly9yZXBvLm1hdmVuLmFwYWNoZS5vcmcvbWF2ZW4yL29yZy9qc3BlY2lmeS9qc3BlY2lmeS8xLjAuMC9qc3BlY2lmeS0xLjAuMC5qYXIK"",""timestamp"":""2026-08-22T15:29:41.947169529Z""}"
"[INFO] Downloaded from central: https://repo.maven.apache.org/maven2/com/fasterxml/jackson/dataformat/jackson-dataformat-yaml/2.19.2/jackson-dataformat-yaml-2.19.2.jar (60 kB at 118 kB/s)
",2026-08-22T15:29:41.955143574Z,info,"{""serviceId"":""87697b40-66d1-4a58-89e6-1068a09cbf8c"",""deploymentId"":""d6c8c3b8-3bb6-45c0-bc76-a9729ab89f82"",""deploymentInstanceId"":null}","{""level"":""info"",""source"":""buildkit"",""type"":""log"",""vertex"":""sha256:5123184c115415746b9e45a79609be5df6469d0b755767bd2a7f4b208b8cff02"",""stream"":1,""data"":""W0lORk9dIERvd25sb2FkZWQgZnJvbSBjZW50cmFsOiBodHRwczovL3JlcG8ubWF2ZW4uYXBhY2hlLm9yZy9tYXZlbjIvY29tL2Zhc3RlcnhtbC9qYWNrc29uL2RhdGFmb3JtYXQvamFja3Nvbi1kYXRhZm9ybWF0LXlhbWwvMi4xOS4yL2phY2tzb24tZGF0YWZvcm1hdC15YW1sLTIuMTkuMi5qYXIgKDYwIGtCIGF0IDExOCBrQi9zKQo="",""timestamp"":""2026-08-22T15:29:41.955143574Z""}"
"[INFO] Downloading from central: https://repo.maven.apache.org/maven2/org/flywaydb/flyway-core/11.20.3/flyway-core-11.20.3.jar
",2026-08-22T15:29:41.955163544Z,info,"{""serviceId"":""87697b40-66d1-4a58-89e6-1068a09cbf8c"",""deploymentId"":""d6c8c3b8-3bb6-45c0-bc76-a9729ab89f82"",""deploymentInstanceId"":null}","{""level"":""info"",""source"":""buildkit"",""type"":""log"",""vertex"":""sha256:5123184c115415746b9e45a79609be5df6469d0b755767bd2a7f4b208b8cff02"",""stream"":1,""data"":""W0lORk9dIERvd25sb2FkaW5nIGZyb20gY2VudHJhbDogaHR0cHM6Ly9yZXBvLm1hdmVuLmFwYWNoZS5vcmcvbWF2ZW4yL29yZy9mbHl3YXlkYi9mbHl3YXktY29yZS8xMS4yMC4zL2ZseXdheS1jb3JlLTExLjIwLjMuamFyCg=="",""timestamp"":""2026-08-22T15:29:41.955163544Z""}"
"[INFO] Downloaded from central: https://repo.maven.apache.org/maven2/io/swagger/core/v3/swagger-models-jakarta/2.2.38/swagger-models-jakarta-2.2.38.jar (140 kB at 272 kB/s)
",2026-08-22T15:29:41.95977984Z,info,"{""serviceId"":""87697b40-66d1-4a58-89e6-1068a09cbf8c"",""deploymentId"":""d6c8c3b8-3bb6-45c0-bc76-a9729ab89f82"",""deploymentInstanceId"":null}","{""level"":""info"",""source"":""buildkit"",""type"":""log"",""vertex"":""sha256:5123184c115415746b9e45a79609be5df6469d0b755767bd2a7f4b208b8cff02"",""stream"":1,""data"":""W0lORk9dIERvd25sb2FkZWQgZnJvbSBjZW50cmFsOiBodHRwczovL3JlcG8ubWF2ZW4uYXBhY2hlLm9yZy9tYXZlbjIvaW8vc3dhZ2dlci9jb3JlL3YzL3N3YWdnZXItbW9kZWxzLWpha2FydGEvMi4yLjM4L3N3YWdnZXItbW9kZWxzLWpha2FydGEtMi4yLjM4LmphciAoMTQwIGtCIGF0IDI3MiBrQi9zKQo="",""timestamp"":""2026-08-22T15:29:41.95977984Z""}"
"[INFO] Downloading from central: https://repo.maven.apache.org/maven2/com/fasterxml/jackson/core/jackson-databind/2.19.2/jackson-databind-2.19.2.jar
",2026-08-22T15:29:41.959814091Z,info,"{""serviceId"":""87697b40-66d1-4a58-89e6-1068a09cbf8c"",""deploymentId"":""d6c8c3b8-3bb6-45c0-bc76-a9729ab89f82"",""deploymentInstanceId"":null}","{""level"":""info"",""source"":""buildkit"",""type"":""log"",""vertex"":""sha256:5123184c115415746b9e45a79609be5df6469d0b755767bd2a7f4b208b8cff02"",""stream"":1,""data"":""W0lORk9dIERvd25sb2FkaW5nIGZyb20gY2VudHJhbDogaHR0cHM6Ly9yZXBvLm1hdmVuLmFwYWNoZS5vcmcvbWF2ZW4yL2NvbS9mYXN0ZXJ4bWwvamFja3Nvbi9jb3JlL2phY2tzb24tZGF0YWJpbmQvMi4xOS4yL2phY2tzb24tZGF0YWJpbmQtMi4xOS4yLmphcgo="",""timestamp"":""2026-08-22T15:29:41.959814091Z""}"
"[INFO] Downloaded from central: https://repo.maven.apache.org/maven2/org/webjars/swagger-ui/5.30.1/swagger-ui-5.30.1.jar (1.2 MB at 2.2 MB/s)
[INFO] Downloading from central: https://repo.maven.apache.org/maven2/com/fasterxml/jackson/core/jackson-annotations/2.19.2/jackson-annotations-2.19.2.jar
",2026-08-22T15:29:41.96353243Z,info,"{""serviceId"":""87697b40-66d1-4a58-89e6-1068a09cbf8c"",""deploymentId"":""d6c8c3b8-3bb6-45c0-bc76-a9729ab89f82"",""deploymentInstanceId"":null}","{""level"":""info"",""source"":""buildkit"",""type"":""log"",""vertex"":""sha256:5123184c115415746b9e45a79609be5df6469d0b755767bd2a7f4b208b8cff02"",""stream"":1,""data"":""W0lORk9dIERvd25sb2FkZWQgZnJvbSBjZW50cmFsOiBodHRwczovL3JlcG8ubWF2ZW4uYXBhY2hlLm9yZy9tYXZlbjIvb3JnL3dlYmphcnMvc3dhZ2dlci11aS81LjMwLjEvc3dhZ2dlci11aS01LjMwLjEuamFyICgxLjIgTUIgYXQgMi4yIE1CL3MpCltJTkZPXSBEb3dubG9hZGluZyBmcm9tIGNlbnRyYWw6IGh0dHBzOi8vcmVwby5tYXZlbi5hcGFjaGUub3JnL21hdmVuMi9jb20vZmFzdGVyeG1sL2phY2tzb24vY29yZS9qYWNrc29uLWFubm90YXRpb25zLzIuMTkuMi9qYWNrc29uLWFubm90YXRpb25zLTIuMTkuMi5qYXIK"",""timestamp"":""2026-08-22T15:29:41.96353243Z""}"
"[INFO] Downloaded from central: https://repo.maven.apache.org/maven2/org/webjars/webjars-locator-lite/1.1.2/webjars-locator-lite-1.1.2.jar (8.6 kB at 16 kB/s)
",2026-08-22T15:29:41.97005061Z,info,"{""serviceId"":""87697b40-66d1-4a58-89e6-1068a09cbf8c"",""deploymentId"":""d6c8c3b8-3bb6-45c0-bc76-a9729ab89f82"",""deploymentInstanceId"":null}","{""level"":""info"",""source"":""buildkit"",""type"":""log"",""vertex"":""sha256:5123184c115415746b9e45a79609be5df6469d0b755767bd2a7f4b208b8cff02"",""stream"":1,""data"":""W0lORk9dIERvd25sb2FkZWQgZnJvbSBjZW50cmFsOiBodHRwczovL3JlcG8ubWF2ZW4uYXBhY2hlLm9yZy9tYXZlbjIvb3JnL3dlYmphcnMvd2ViamFycy1sb2NhdG9yLWxpdGUvMS4xLjIvd2ViamFycy1sb2NhdG9yLWxpdGUtMS4xLjIuamFyICg4LjYga0IgYXQgMTYga0IvcykK"",""timestamp"":""2026-08-22T15:29:41.97005061Z""}"
"[INFO] Downloading from central: https://repo.maven.apache.org/maven2/com/fasterxml/jackson/core/jackson-core/2.19.2/jackson-core-2.19.2.jar
",2026-08-22T15:29:41.970143389Z,info,"{""serviceId"":""87697b40-66d1-4a58-89e6-1068a09cbf8c"",""deploymentId"":""d6c8c3b8-3bb6-45c0-bc76-a9729ab89f82"",""deploymentInstanceId"":null}","{""level"":""info"",""source"":""buildkit"",""type"":""log"",""vertex"":""sha256:5123184c115415746b9e45a79609be5df6469d0b755767bd2a7f4b208b8cff02"",""stream"":1,""data"":""W0lORk9dIERvd25sb2FkaW5nIGZyb20gY2VudHJhbDogaHR0cHM6Ly9yZXBvLm1hdmVuLmFwYWNoZS5vcmcvbWF2ZW4yL2NvbS9mYXN0ZXJ4bWwvamFja3Nvbi9jb3JlL2phY2tzb24tY29yZS8yLjE5LjIvamFja3Nvbi1jb3JlLTIuMTkuMi5qYXIK"",""timestamp"":""2026-08-22T15:29:41.970143389Z""}"
"[INFO] Downloaded from central: https://repo.maven.apache.org/maven2/org/jspecify/jspecify/1.0.0/jspecify-1.0.0.jar (3.8 kB at 7.3 kB/s)
[INFO] Downloading from central: https://repo.maven.apache.org/maven2/org/flywaydb/flyway-mysql/11.20.3/flyway-mysql-11.20.3.jar
",2026-08-22T15:29:41.971512484Z,info,"{""serviceId"":""87697b40-66d1-4a58-89e6-1068a09cbf8c"",""deploymentId"":""d6c8c3b8-3bb6-45c0-bc76-a9729ab89f82"",""deploymentInstanceId"":null}","{""level"":""info"",""source"":""buildkit"",""type"":""log"",""vertex"":""sha256:5123184c115415746b9e45a79609be5df6469d0b755767bd2a7f4b208b8cff02"",""stream"":1,""data"":""W0lORk9dIERvd25sb2FkZWQgZnJvbSBjZW50cmFsOiBodHRwczovL3JlcG8ubWF2ZW4uYXBhY2hlLm9yZy9tYXZlbjIvb3JnL2pzcGVjaWZ5L2pzcGVjaWZ5LzEuMC4wL2pzcGVjaWZ5LTEuMC4wLmphciAoMy44IGtCIGF0IDcuMyBrQi9zKQpbSU5GT10gRG93bmxvYWRpbmcgZnJvbSBjZW50cmFsOiBodHRwczovL3JlcG8ubWF2ZW4uYXBhY2hlLm9yZy9tYXZlbjIvb3JnL2ZseXdheWRiL2ZseXdheS1teXNxbC8xMS4yMC4zL2ZseXdheS1teXNxbC0xMS4yMC4zLmphcgo="",""timestamp"":""2026-08-22T15:29:41.971512484Z""}"
"[INFO] Downloaded from central: https://repo.maven.apache.org/maven2/org/flywaydb/flyway-core/11.20.3/flyway-core-11.20.3.jar (750 kB at 1.4 MB/s)
[INFO] Downloading from central: https://repo.maven.apache.org/maven2/com/mysql/mysql-connector-j/9.4.0/mysql-connector-j-9.4.0.jar
",2026-08-22T15:29:41.983415643Z,info,"{""serviceId"":""87697b40-66d1-4a58-89e6-1068a09cbf8c"",""deploymentId"":""d6c8c3b8-3bb6-45c0-bc76-a9729ab89f82"",""deploymentInstanceId"":null}","{""level"":""info"",""source"":""buildkit"",""type"":""log"",""vertex"":""sha256:5123184c115415746b9e45a79609be5df6469d0b755767bd2a7f4b208b8cff02"",""stream"":1,""data"":""W0lORk9dIERvd25sb2FkZWQgZnJvbSBjZW50cmFsOiBodHRwczovL3JlcG8ubWF2ZW4uYXBhY2hlLm9yZy9tYXZlbjIvb3JnL2ZseXdheWRiL2ZseXdheS1jb3JlLzExLjIwLjMvZmx5d2F5LWNvcmUtMTEuMjAuMy5qYXIgKDc1MCBrQiBhdCAxLjQgTUIvcykKW0lORk9dIERvd25sb2FkaW5nIGZyb20gY2VudHJhbDogaHR0cHM6Ly9yZXBvLm1hdmVuLmFwYWNoZS5vcmcvbWF2ZW4yL2NvbS9teXNxbC9teXNxbC1jb25uZWN0b3Itai85LjQuMC9teXNxbC1jb25uZWN0b3Itai05LjQuMC5qYXIK"",""timestamp"":""2026-08-22T15:29:41.983415643Z""}"
"[INFO] Downloaded from central: https://repo.maven.apache.org/maven2/com/fasterxml/jackson/core/jackson-annotations/2.19.2/jackson-annotations-2.19.2.jar (79 kB at 146 kB/s)
[INFO] Downloading from central: https://repo.maven.apache.org/maven2/org/thymeleaf/extras/thymeleaf-extras-java8time/3.0.4.RELEASE/thymeleaf-extras-java8time-3.0.4.RELEASE.jar
",2026-08-22T15:29:41.987688023Z,info,"{""serviceId"":""87697b40-66d1-4a58-89e6-1068a09cbf8c"",""deploymentId"":""d6c8c3b8-3bb6-45c0-bc76-a9729ab89f82"",""deploymentInstanceId"":null}","{""level"":""info"",""source"":""buildkit"",""type"":""log"",""vertex"":""sha256:5123184c115415746b9e45a79609be5df6469d0b755767bd2a7f4b208b8cff02"",""stream"":1,""data"":""W0lORk9dIERvd25sb2FkZWQgZnJvbSBjZW50cmFsOiBodHRwczovL3JlcG8ubWF2ZW4uYXBhY2hlLm9yZy9tYXZlbjIvY29tL2Zhc3RlcnhtbC9qYWNrc29uL2NvcmUvamFja3Nvbi1hbm5vdGF0aW9ucy8yLjE5LjIvamFja3Nvbi1hbm5vdGF0aW9ucy0yLjE5LjIuamFyICg3OSBrQiBhdCAxNDYga0IvcykKW0lORk9dIERvd25sb2FkaW5nIGZyb20gY2VudHJhbDogaHR0cHM6Ly9yZXBvLm1hdmVuLmFwYWNoZS5vcmcvbWF2ZW4yL29yZy90aHltZWxlYWYvZXh0cmFzL3RoeW1lbGVhZi1leHRyYXMtamF2YTh0aW1lLzMuMC40LlJFTEVBU0UvdGh5bWVsZWFmLWV4dHJhcy1qYXZhOHRpbWUtMy4wLjQuUkVMRUFTRS5qYXIK"",""timestamp"":""2026-08-22T15:29:41.987688023Z""}"
"[INFO] Downloaded from central: https://repo.maven.apache.org/maven2/org/flywaydb/flyway-mysql/11.20.3/flyway-mysql-11.20.3.jar (30 kB at 54 kB/s)
[INFO] Downloading from central: https://repo.maven.apache.org/maven2/org/thymeleaf/thymeleaf/3.1.3.RELEASE/thymeleaf-3.1.3.RELEASE.jar
",2026-08-22T15:29:41.994757741Z,info,"{""serviceId"":""87697b40-66d1-4a58-89e6-1068a09cbf8c"",""deploymentId"":""d6c8c3b8-3bb6-45c0-bc76-a9729ab89f82"",""deploymentInstanceId"":null}","{""level"":""info"",""source"":""buildkit"",""type"":""log"",""vertex"":""sha256:5123184c115415746b9e45a79609be5df6469d0b755767bd2a7f4b208b8cff02"",""stream"":1,""data"":""W0lORk9dIERvd25sb2FkZWQgZnJvbSBjZW50cmFsOiBodHRwczovL3JlcG8ubWF2ZW4uYXBhY2hlLm9yZy9tYXZlbjIvb3JnL2ZseXdheWRiL2ZseXdheS1teXNxbC8xMS4yMC4zL2ZseXdheS1teXNxbC0xMS4yMC4zLmphciAoMzAga0IgYXQgNTQga0IvcykKW0lORk9dIERvd25sb2FkaW5nIGZyb20gY2VudHJhbDogaHR0cHM6Ly9yZXBvLm1hdmVuLmFwYWNoZS5vcmcvbWF2ZW4yL29yZy90aHltZWxlYWYvdGh5bWVsZWFmLzMuMS4zLlJFTEVBU0UvdGh5bWVsZWFmLTMuMS4zLlJFTEVBU0UuamFyCg=="",""timestamp"":""2026-08-22T15:29:41.994757741Z""}"
"[INFO] Downloaded from central: https://repo.maven.apache.org/maven2/com/fasterxml/jackson/core/jackson-core/2.19.2/jackson-core-2.19.2.jar (591 kB at 1.1 MB/s)
",2026-08-22T15:29:41.999155679Z,info,"{""serviceId"":""87697b40-66d1-4a58-89e6-1068a09cbf8c"",""deploymentId"":""d6c8c3b8-3bb6-45c0-bc76-a9729ab89f82"",""deploymentInstanceId"":null}","{""level"":""info"",""source"":""buildkit"",""type"":""log"",""vertex"":""sha256:5123184c115415746b9e45a79609be5df6469d0b755767bd2a7f4b208b8cff02"",""stream"":1,""data"":""W0lORk9dIERvd25sb2FkZWQgZnJvbSBjZW50cmFsOiBodHRwczovL3JlcG8ubWF2ZW4uYXBhY2hlLm9yZy9tYXZlbjIvY29tL2Zhc3RlcnhtbC9qYWNrc29uL2NvcmUvamFja3Nvbi1jb3JlLzIuMTkuMi9qYWNrc29uLWNvcmUtMi4xOS4yLmphciAoNTkxIGtCIGF0IDEuMSBNQi9zKQo="",""timestamp"":""2026-08-22T15:29:41.999155679Z""}"
"[INFO] Downloading from central: https://repo.maven.apache.org/maven2/ognl/ognl/3.3.4/ognl-3.3.4.jar
",2026-08-22T15:29:41.999201889Z,info,"{""serviceId"":""87697b40-66d1-4a58-89e6-1068a09cbf8c"",""deploymentId"":""d6c8c3b8-3bb6-45c0-bc76-a9729ab89f82"",""deploymentInstanceId"":null}","{""level"":""info"",""source"":""buildkit"",""type"":""log"",""vertex"":""sha256:5123184c115415746b9e45a79609be5df6469d0b755767bd2a7f4b208b8cff02"",""stream"":1,""data"":""W0lORk9dIERvd25sb2FkaW5nIGZyb20gY2VudHJhbDogaHR0cHM6Ly9yZXBvLm1hdmVuLmFwYWNoZS5vcmcvbWF2ZW4yL29nbmwvb2dubC8zLjMuNC9vZ25sLTMuMy40Lmphcgo="",""timestamp"":""2026-08-22T15:29:41.999201889Z""}"
"[INFO] Downloaded from central: https://repo.maven.apache.org/maven2/org/thymeleaf/extras/thymeleaf-extras-java8time/3.0.4.RELEASE/thymeleaf-extras-java8time-3.0.4.RELEASE.jar (40 kB at 71 kB/s)
[INFO] Downloading from central: https://repo.maven.apache.org/maven2/org/javassist/javassist/3.29.0-GA/javassist-3.29.0-GA.jar
",2026-08-22T15:29:42.009408192Z,info,"{""serviceId"":""87697b40-66d1-4a58-89e6-1068a09cbf8c"",""deploymentId"":""d6c8c3b8-3bb6-45c0-bc76-a9729ab89f82"",""deploymentInstanceId"":null}","{""level"":""info"",""source"":""buildkit"",""type"":""log"",""vertex"":""sha256:5123184c115415746b9e45a79609be5df6469d0b755767bd2a7f4b208b8cff02"",""stream"":1,""data"":""W0lORk9dIERvd25sb2FkZWQgZnJvbSBjZW50cmFsOiBodHRwczovL3JlcG8ubWF2ZW4uYXBhY2hlLm9yZy9tYXZlbjIvb3JnL3RoeW1lbGVhZi9leHRyYXMvdGh5bWVsZWFmLWV4dHJhcy1qYXZhOHRpbWUvMy4wLjQuUkVMRUFTRS90aHltZWxlYWYtZXh0cmFzLWphdmE4dGltZS0zLjAuNC5SRUxFQVNFLmphciAoNDAga0IgYXQgNzEga0IvcykKW0lORk9dIERvd25sb2FkaW5nIGZyb20gY2VudHJhbDogaHR0cHM6Ly9yZXBvLm1hdmVuLmFwYWNoZS5vcmcvbWF2ZW4yL29yZy9qYXZhc3Npc3QvamF2YXNzaXN0LzMuMjkuMC1HQS9qYXZhc3Npc3QtMy4yOS4wLUdBLmphcgo="",""timestamp"":""2026-08-22T15:29:42.009408192Z""}"
"[INFO] Downloaded from central: https://repo.maven.apache.org/maven2/com/fasterxml/jackson/core/jackson-databind/2.19.2/jackson-databind-2.19.2.jar (1.7 MB at 3.0 MB/s)
",2026-08-22T15:29:42.010775804Z,info,"{""serviceId"":""87697b40-66d1-4a58-89e6-1068a09cbf8c"",""deploymentId"":""d6c8c3b8-3bb6-45c0-bc76-a9729ab89f82"",""deploymentInstanceId"":null}","{""level"":""info"",""source"":""buildkit"",""type"":""log"",""vertex"":""sha256:5123184c115415746b9e45a79609be5df6469d0b755767bd2a7f4b208b8cff02"",""stream"":1,""data"":""W0lORk9dIERvd25sb2FkZWQgZnJvbSBjZW50cmFsOiBodHRwczovL3JlcG8ubWF2ZW4uYXBhY2hlLm9yZy9tYXZlbjIvY29tL2Zhc3RlcnhtbC9qYWNrc29uL2NvcmUvamFja3Nvbi1kYXRhYmluZC8yLjE5LjIvamFja3Nvbi1kYXRhYmluZC0yLjE5LjIuamFyICgxLjcgTUIgYXQgMy4wIE1CL3MpCg=="",""timestamp"":""2026-08-22T15:29:42.010775804Z""}"
"[INFO] Downloading from central: https://repo.maven.apache.org/maven2/org/attoparser/attoparser/2.0.7.RELEASE/attoparser-2.0.7.RELEASE.jar
",2026-08-22T15:29:42.010804867Z,info,"{""serviceId"":""87697b40-66d1-4a58-89e6-1068a09cbf8c"",""deploymentId"":""d6c8c3b8-3bb6-45c0-bc76-a9729ab89f82"",""deploymentInstanceId"":null}","{""level"":""info"",""source"":""buildkit"",""type"":""log"",""vertex"":""sha256:5123184c115415746b9e45a79609be5df6469d0b755767bd2a7f4b208b8cff02"",""stream"":1,""data"":""W0lORk9dIERvd25sb2FkaW5nIGZyb20gY2VudHJhbDogaHR0cHM6Ly9yZXBvLm1hdmVuLmFwYWNoZS5vcmcvbWF2ZW4yL29yZy9hdHRvcGFyc2VyL2F0dG9wYXJzZXIvMi4wLjcuUkVMRUFTRS9hdHRvcGFyc2VyLTIuMC43LlJFTEVBU0UuamFyCg=="",""timestamp"":""2026-08-22T15:29:42.010804867Z""}"
"[INFO] Downloaded from central: https://repo.maven.apache.org/maven2/ognl/ognl/3.3.4/ognl-3.3.4.jar (265 kB at 457 kB/s)
[INFO] Downloading from central: https://repo.maven.apache.org/maven2/org/unbescape/unbescape/1.1.6.RELEASE/unbescape-1.1.6.RELEASE.jar
",2026-08-22T15:29:42.024689279Z,info,"{""serviceId"":""87697b40-66d1-4a58-89e6-1068a09cbf8c"",""deploymentId"":""d6c8c3b8-3bb6-45c0-bc76-a9729ab89f82"",""deploymentInstanceId"":null}","{""level"":""info"",""source"":""buildkit"",""type"":""log"",""vertex"":""sha256:5123184c115415746b9e45a79609be5df6469d0b755767bd2a7f4b208b8cff02"",""stream"":1,""data"":""W0lORk9dIERvd25sb2FkZWQgZnJvbSBjZW50cmFsOiBodHRwczovL3JlcG8ubWF2ZW4uYXBhY2hlLm9yZy9tYXZlbjIvb2dubC9vZ25sLzMuMy40L29nbmwtMy4zLjQuamFyICgyNjUga0IgYXQgNDU3IGtCL3MpCltJTkZPXSBEb3dubG9hZGluZyBmcm9tIGNlbnRyYWw6IGh0dHBzOi8vcmVwby5tYXZlbi5hcGFjaGUub3JnL21hdmVuMi9vcmcvdW5iZXNjYXBlL3VuYmVzY2FwZS8xLjEuNi5SRUxFQVNFL3VuYmVzY2FwZS0xLjEuNi5SRUxFQVNFLmphcgo="",""timestamp"":""2026-08-22T15:29:42.024689279Z""}"
"[INFO] Downloaded from central: https://repo.maven.apache.org/maven2/com/mysql/mysql-connector-j/9.4.0/mysql-connector-j-9.4.0.jar (2.6 MB at 4.5 MB/s)
[INFO] Downloading from central: https://repo.maven.apache.org/maven2/org/slf4j/slf4j-api/2.0.17/slf4j-api-2.0.17.jar
",2026-08-22T15:29:42.026092755Z,info,"{""serviceId"":""87697b40-66d1-4a58-89e6-1068a09cbf8c"",""deploymentId"":""d6c8c3b8-3bb6-45c0-bc76-a9729ab89f82"",""deploymentInstanceId"":null}","{""level"":""info"",""source"":""buildkit"",""type"":""log"",""vertex"":""sha256:5123184c115415746b9e45a79609be5df6469d0b755767bd2a7f4b208b8cff02"",""stream"":1,""data"":""W0lORk9dIERvd25sb2FkZWQgZnJvbSBjZW50cmFsOiBodHRwczovL3JlcG8ubWF2ZW4uYXBhY2hlLm9yZy9tYXZlbjIvY29tL215c3FsL215c3FsLWNvbm5lY3Rvci1qLzkuNC4wL215c3FsLWNvbm5lY3Rvci1qLTkuNC4wLmphciAoMi42IE1CIGF0IDQuNSBNQi9zKQpbSU5GT10gRG93bmxvYWRpbmcgZnJvbSBjZW50cmFsOiBodHRwczovL3JlcG8ubWF2ZW4uYXBhY2hlLm9yZy9tYXZlbjIvb3JnL3NsZjRqL3NsZjRqLWFwaS8yLjAuMTcvc2xmNGotYXBpLTIuMC4xNy5qYXIK"",""timestamp"":""2026-08-22T15:29:42.026092755Z""}"
"[INFO] Downloaded from central: https://repo.maven.apache.org/maven2/org/thymeleaf/thymeleaf/3.1.3.RELEASE/thymeleaf-3.1.3.RELEASE.jar (939 kB at 1.6 MB/s)
",2026-08-22T15:29:42.026150722Z,info,"{""serviceId"":""87697b40-66d1-4a58-89e6-1068a09cbf8c"",""deploymentId"":""d6c8c3b8-3bb6-45c0-bc76-a9729ab89f82"",""deploymentInstanceId"":null}","{""level"":""info"",""source"":""buildkit"",""type"":""log"",""vertex"":""sha256:5123184c115415746b9e45a79609be5df6469d0b755767bd2a7f4b208b8cff02"",""stream"":1,""data"":""W0lORk9dIERvd25sb2FkZWQgZnJvbSBjZW50cmFsOiBodHRwczovL3JlcG8ubWF2ZW4uYXBhY2hlLm9yZy9tYXZlbjIvb3JnL3RoeW1lbGVhZi90aHltZWxlYWYvMy4xLjMuUkVMRUFTRS90aHltZWxlYWYtMy4xLjMuUkVMRUFTRS5qYXIgKDkzOSBrQiBhdCAxLjYgTUIvcykK"",""timestamp"":""2026-08-22T15:29:42.026150722Z""}"
"[INFO] Downloading from central: https://repo.maven.apache.org/maven2/org/springframework/boot/spring-boot-starter-test/3.5.7/spring-boot-starter-test-3.5.7.jar
",2026-08-22T15:29:42.026219535Z,info,"{""serviceId"":""87697b40-66d1-4a58-89e6-1068a09cbf8c"",""deploymentId"":""d6c8c3b8-3bb6-45c0-bc76-a9729ab89f82"",""deploymentInstanceId"":null}","{""level"":""info"",""source"":""buildkit"",""type"":""log"",""vertex"":""sha256:5123184c115415746b9e45a79609be5df6469d0b755767bd2a7f4b208b8cff02"",""stream"":1,""data"":""W0lORk9dIERvd25sb2FkaW5nIGZyb20gY2VudHJhbDogaHR0cHM6Ly9yZXBvLm1hdmVuLmFwYWNoZS5vcmcvbWF2ZW4yL29yZy9zcHJpbmdmcmFtZXdvcmsvYm9vdC9zcHJpbmctYm9vdC1zdGFydGVyLXRlc3QvMy41Ljcvc3ByaW5nLWJvb3Qtc3RhcnRlci10ZXN0LTMuNS43Lmphcgo="",""timestamp"":""2026-08-22T15:29:42.026219535Z""}"
"[INFO] Downloaded from central: https://repo.maven.apache.org/maven2/org/attoparser/attoparser/2.0.7.RELEASE/attoparser-2.0.7.RELEASE.jar (246 kB at 416 kB/s)
[INFO] Downloading from central: https://repo.maven.apache.org/maven2/org/springframework/boot/spring-boot-test/3.5.7/spring-boot-test-3.5.7.jar
",2026-08-22T15:29:42.038193141Z,info,"{""serviceId"":""87697b40-66d1-4a58-89e6-1068a09cbf8c"",""deploymentId"":""d6c8c3b8-3bb6-45c0-bc76-a9729ab89f82"",""deploymentInstanceId"":null}","{""level"":""info"",""source"":""buildkit"",""type"":""log"",""vertex"":""sha256:5123184c115415746b9e45a79609be5df6469d0b755767bd2a7f4b208b8cff02"",""stream"":1,""data"":""W0lORk9dIERvd25sb2FkZWQgZnJvbSBjZW50cmFsOiBodHRwczovL3JlcG8ubWF2ZW4uYXBhY2hlLm9yZy9tYXZlbjIvb3JnL2F0dG9wYXJzZXIvYXR0b3BhcnNlci8yLjAuNy5SRUxFQVNFL2F0dG9wYXJzZXItMi4wLjcuUkVMRUFTRS5qYXIgKDI0NiBrQiBhdCA0MTYga0IvcykKW0lORk9dIERvd25sb2FkaW5nIGZyb20gY2VudHJhbDogaHR0cHM6Ly9yZXBvLm1hdmVuLmFwYWNoZS5vcmcvbWF2ZW4yL29yZy9zcHJpbmdmcmFtZXdvcmsvYm9vdC9zcHJpbmctYm9vdC10ZXN0LzMuNS43L3NwcmluZy1ib290LXRlc3QtMy41LjcuamFyCg=="",""timestamp"":""2026-08-22T15:29:42.038193141Z""}"
"[INFO] Downloaded from central: https://repo.maven.apache.org/maven2/org/javassist/javassist/3.29.0-GA/javassist-3.29.0-GA.jar (794 kB at 1.3 MB/s)
[INFO] Downloading from central: https://repo.maven.apache.org/maven2/org/springframework/boot/spring-boot-test-autoconfigure/3.5.7/spring-boot-test-autoconfigure-3.5.7.jar
",2026-08-22T15:29:42.041026191Z,info,"{""serviceId"":""87697b40-66d1-4a58-89e6-1068a09cbf8c"",""deploymentId"":""d6c8c3b8-3bb6-45c0-bc76-a9729ab89f82"",""deploymentInstanceId"":null}","{""level"":""info"",""source"":""buildkit"",""type"":""log"",""vertex"":""sha256:5123184c115415746b9e45a79609be5df6469d0b755767bd2a7f4b208b8cff02"",""stream"":1,""data"":""W0lORk9dIERvd25sb2FkZWQgZnJvbSBjZW50cmFsOiBodHRwczovL3JlcG8ubWF2ZW4uYXBhY2hlLm9yZy9tYXZlbjIvb3JnL2phdmFzc2lzdC9qYXZhc3Npc3QvMy4yOS4wLUdBL2phdmFzc2lzdC0zLjI5LjAtR0EuamFyICg3OTQga0IgYXQgMS4zIE1CL3MpCltJTkZPXSBEb3dubG9hZGluZyBmcm9tIGNlbnRyYWw6IGh0dHBzOi8vcmVwby5tYXZlbi5hcGFjaGUub3JnL21hdmVuMi9vcmcvc3ByaW5nZnJhbWV3b3JrL2Jvb3Qvc3ByaW5nLWJvb3QtdGVzdC1hdXRvY29uZmlndXJlLzMuNS43L3NwcmluZy1ib290LXRlc3QtYXV0b2NvbmZpZ3VyZS0zLjUuNy5qYXIK"",""timestamp"":""2026-08-22T15:29:42.041026191Z""}"
"[INFO] Downloaded from central: https://repo.maven.apache.org/maven2/org/slf4j/slf4j-api/2.0.17/slf4j-api-2.0.17.jar (70 kB at 116 kB/s)
[INFO] Downloading from central: https://repo.maven.apache.org/maven2/com/jayway/jsonpath/json-path/2.9.0/json-path-2.9.0.jar
",2026-08-22T15:29:42.047968227Z,info,"{""serviceId"":""87697b40-66d1-4a58-89e6-1068a09cbf8c"",""deploymentId"":""d6c8c3b8-3bb6-45c0-bc76-a9729ab89f82"",""deploymentInstanceId"":null}","{""level"":""info"",""source"":""buildkit"",""type"":""log"",""vertex"":""sha256:5123184c115415746b9e45a79609be5df6469d0b755767bd2a7f4b208b8cff02"",""stream"":1,""data"":""W0lORk9dIERvd25sb2FkZWQgZnJvbSBjZW50cmFsOiBodHRwczovL3JlcG8ubWF2ZW4uYXBhY2hlLm9yZy9tYXZlbjIvb3JnL3NsZjRqL3NsZjRqLWFwaS8yLjAuMTcvc2xmNGotYXBpLTIuMC4xNy5qYXIgKDcwIGtCIGF0IDExNiBrQi9zKQpbSU5GT10gRG93bmxvYWRpbmcgZnJvbSBjZW50cmFsOiBodHRwczovL3JlcG8ubWF2ZW4uYXBhY2hlLm9yZy9tYXZlbjIvY29tL2pheXdheS9qc29ucGF0aC9qc29uLXBhdGgvMi45LjAvanNvbi1wYXRoLTIuOS4wLmphcgo="",""timestamp"":""2026-08-22T15:29:42.047968227Z""}"
"[INFO] Downloaded from central: https://repo.maven.apache.org/maven2/org/unbescape/unbescape/1.1.6.RELEASE/unbescape-1.1.6.RELEASE.jar (174 kB at 288 kB/s)
[INFO] Downloading from central: https://repo.maven.apache.org/maven2/jakarta/xml/bind/jakarta.xml.bind-api/4.0.4/jakarta.xml.bind-api-4.0.4.jar
",2026-08-22T15:29:42.049662239Z,info,"{""serviceId"":""87697b40-66d1-4a58-89e6-1068a09cbf8c"",""deploymentId"":""d6c8c3b8-3bb6-45c0-bc76-a9729ab89f82"",""deploymentInstanceId"":null}","{""level"":""info"",""source"":""buildkit"",""type"":""log"",""vertex"":""sha256:5123184c115415746b9e45a79609be5df6469d0b755767bd2a7f4b208b8cff02"",""stream"":1,""data"":""W0lORk9dIERvd25sb2FkZWQgZnJvbSBjZW50cmFsOiBodHRwczovL3JlcG8ubWF2ZW4uYXBhY2hlLm9yZy9tYXZlbjIvb3JnL3VuYmVzY2FwZS91bmJlc2NhcGUvMS4xLjYuUkVMRUFTRS91bmJlc2NhcGUtMS4xLjYuUkVMRUFTRS5qYXIgKDE3NCBrQiBhdCAyODgga0IvcykKW0lORk9dIERvd25sb2FkaW5nIGZyb20gY2VudHJhbDogaHR0cHM6Ly9yZXBvLm1hdmVuLmFwYWNoZS5vcmcvbWF2ZW4yL2pha2FydGEveG1sL2JpbmQvamFrYXJ0YS54bWwuYmluZC1hcGkvNC4wLjQvamFrYXJ0YS54bWwuYmluZC1hcGktNC4wLjQuamFyCg=="",""timestamp"":""2026-08-22T15:29:42.049662239Z""}"
"[INFO] Downloaded from central: https://repo.maven.apache.org/maven2/org/springframework/boot/spring-boot-starter-test/3.5.7/spring-boot-starter-test-3.5.7.jar (4.8 kB at 7.9 kB/s)
",2026-08-22T15:29:42.05482169Z,info,"{""serviceId"":""87697b40-66d1-4a58-89e6-1068a09cbf8c"",""deploymentId"":""d6c8c3b8-3bb6-45c0-bc76-a9729ab89f82"",""deploymentInstanceId"":null}","{""level"":""info"",""source"":""buildkit"",""type"":""log"",""vertex"":""sha256:5123184c115415746b9e45a79609be5df6469d0b755767bd2a7f4b208b8cff02"",""stream"":1,""data"":""W0lORk9dIERvd25sb2FkZWQgZnJvbSBjZW50cmFsOiBodHRwczovL3JlcG8ubWF2ZW4uYXBhY2hlLm9yZy9tYXZlbjIvb3JnL3NwcmluZ2ZyYW1ld29yay9ib290L3NwcmluZy1ib290LXN0YXJ0ZXItdGVzdC8zLjUuNy9zcHJpbmctYm9vdC1zdGFydGVyLXRlc3QtMy41LjcuamFyICg0Ljgga0IgYXQgNy45IGtCL3MpCg=="",""timestamp"":""2026-08-22T15:29:42.05482169Z""}"
"[INFO] Downloading from central: https://repo.maven.apache.org/maven2/jakarta/activation/jakarta.activation-api/2.1.4/jakarta.activation-api-2.1.4.jar
",2026-08-22T15:29:42.05484158Z,info,"{""serviceId"":""87697b40-66d1-4a58-89e6-1068a09cbf8c"",""deploymentId"":""d6c8c3b8-3bb6-45c0-bc76-a9729ab89f82"",""deploymentInstanceId"":null}","{""level"":""info"",""source"":""buildkit"",""type"":""log"",""vertex"":""sha256:5123184c115415746b9e45a79609be5df6469d0b755767bd2a7f4b208b8cff02"",""stream"":1,""data"":""W0lORk9dIERvd25sb2FkaW5nIGZyb20gY2VudHJhbDogaHR0cHM6Ly9yZXBvLm1hdmVuLmFwYWNoZS5vcmcvbWF2ZW4yL2pha2FydGEvYWN0aXZhdGlvbi9qYWthcnRhLmFjdGl2YXRpb24tYXBpLzIuMS40L2pha2FydGEuYWN0aXZhdGlvbi1hcGktMi4xLjQuamFyCg=="",""timestamp"":""2026-08-22T15:29:42.05484158Z""}"
"[INFO] Downloaded from central: https://repo.maven.apache.org/maven2/org/springframework/boot/spring-boot-test/3.5.7/spring-boot-test-3.5.7.jar (257 kB at 415 kB/s)
",2026-08-22T15:29:42.064395374Z,info,"{""serviceId"":""87697b40-66d1-4a58-89e6-1068a09cbf8c"",""deploymentId"":""d6c8c3b8-3bb6-45c0-bc76-a9729ab89f82"",""deploymentInstanceId"":null}","{""level"":""info"",""source"":""buildkit"",""type"":""log"",""vertex"":""sha256:5123184c115415746b9e45a79609be5df6469d0b755767bd2a7f4b208b8cff02"",""stream"":1,""data"":""W0lORk9dIERvd25sb2FkZWQgZnJvbSBjZW50cmFsOiBodHRwczovL3JlcG8ubWF2ZW4uYXBhY2hlLm9yZy9tYXZlbjIvb3JnL3NwcmluZ2ZyYW1ld29yay9ib290L3NwcmluZy1ib290LXRlc3QvMy41Ljcvc3ByaW5nLWJvb3QtdGVzdC0zLjUuNy5qYXIgKDI1NyBrQiBhdCA0MTUga0IvcykK"",""timestamp"":""2026-08-22T15:29:42.064395374Z""}"
"[INFO] Downloading from central: https://repo.maven.apache.org/maven2/net/minidev/json-smart/2.5.2/json-smart-2.5.2.jar
",2026-08-22T15:29:42.064423627Z,info,"{""serviceId"":""87697b40-66d1-4a58-89e6-1068a09cbf8c"",""deploymentId"":""d6c8c3b8-3bb6-45c0-bc76-a9729ab89f82"",""deploymentInstanceId"":null}","{""level"":""info"",""source"":""buildkit"",""type"":""log"",""vertex"":""sha256:5123184c115415746b9e45a79609be5df6469d0b755767bd2a7f4b208b8cff02"",""stream"":1,""data"":""W0lORk9dIERvd25sb2FkaW5nIGZyb20gY2VudHJhbDogaHR0cHM6Ly9yZXBvLm1hdmVuLmFwYWNoZS5vcmcvbWF2ZW4yL25ldC9taW5pZGV2L2pzb24tc21hcnQvMi41LjIvanNvbi1zbWFydC0yLjUuMi5qYXIK"",""timestamp"":""2026-08-22T15:29:42.064423627Z""}"
"[INFO] Downloaded from central: https://repo.maven.apache.org/maven2/org/springframework/boot/spring-boot-test-autoconfigure/3.5.7/spring-boot-test-autoconfigure-3.5.7.jar (230 kB at 371 kB/s)
",2026-08-22T15:29:42.065364889Z,info,"{""serviceId"":""87697b40-66d1-4a58-89e6-1068a09cbf8c"",""deploymentId"":""d6c8c3b8-3bb6-45c0-bc76-a9729ab89f82"",""deploymentInstanceId"":null}","{""level"":""info"",""source"":""buildkit"",""type"":""log"",""vertex"":""sha256:5123184c115415746b9e45a79609be5df6469d0b755767bd2a7f4b208b8cff02"",""stream"":1,""data"":""W0lORk9dIERvd25sb2FkZWQgZnJvbSBjZW50cmFsOiBodHRwczovL3JlcG8ubWF2ZW4uYXBhY2hlLm9yZy9tYXZlbjIvb3JnL3NwcmluZ2ZyYW1ld29yay9ib290L3NwcmluZy1ib290LXRlc3QtYXV0b2NvbmZpZ3VyZS8zLjUuNy9zcHJpbmctYm9vdC10ZXN0LWF1dG9jb25maWd1cmUtMy41LjcuamFyICgyMzAga0IgYXQgMzcxIGtCL3MpCg=="",""timestamp"":""2026-08-22T15:29:42.065364889Z""}"
"[INFO] Downloading from central: https://repo.maven.apache.org/maven2/net/minidev/accessors-smart/2.5.2/accessors-smart-2.5.2.jar
",2026-08-22T15:29:42.065628364Z,info,"{""serviceId"":""87697b40-66d1-4a58-89e6-1068a09cbf8c"",""deploymentId"":""d6c8c3b8-3bb6-45c0-bc76-a9729ab89f82"",""deploymentInstanceId"":null}","{""level"":""info"",""source"":""buildkit"",""type"":""log"",""vertex"":""sha256:5123184c115415746b9e45a79609be5df6469d0b755767bd2a7f4b208b8cff02"",""stream"":1,""data"":""W0lORk9dIERvd25sb2FkaW5nIGZyb20gY2VudHJhbDogaHR0cHM6Ly9yZXBvLm1hdmVuLmFwYWNoZS5vcmcvbWF2ZW4yL25ldC9taW5pZGV2L2FjY2Vzc29ycy1zbWFydC8yLjUuMi9hY2Nlc3NvcnMtc21hcnQtMi41LjIuamFyCg=="",""timestamp"":""2026-08-22T15:29:42.065628364Z""}"
"[INFO] Downloaded from central: https://repo.maven.apache.org/maven2/jakarta/activation/jakarta.activation-api/2.1.4/jakarta.activation-api-2.1.4.jar (67 kB at 107 kB/s)
[INFO] Downloaded from central: https://repo.maven.apache.org/maven2/com/jayway/jsonpath/json-path/2.9.0/json-path-2.9.0.jar (277 kB at 438 kB/s)
",2026-08-22T15:29:42.077748539Z,info,"{""serviceId"":""87697b40-66d1-4a58-89e6-1068a09cbf8c"",""deploymentId"":""d6c8c3b8-3bb6-45c0-bc76-a9729ab89f82"",""deploymentInstanceId"":null}","{""level"":""info"",""source"":""buildkit"",""type"":""log"",""vertex"":""sha256:5123184c115415746b9e45a79609be5df6469d0b755767bd2a7f4b208b8cff02"",""stream"":1,""data"":""W0lORk9dIERvd25sb2FkZWQgZnJvbSBjZW50cmFsOiBodHRwczovL3JlcG8ubWF2ZW4uYXBhY2hlLm9yZy9tYXZlbjIvamFrYXJ0YS9hY3RpdmF0aW9uL2pha2FydGEuYWN0aXZhdGlvbi1hcGkvMi4xLjQvamFrYXJ0YS5hY3RpdmF0aW9uLWFwaS0yLjEuNC5qYXIgKDY3IGtCIGF0IDEwNyBrQi9zKQpbSU5GT10gRG93bmxvYWRlZCBmcm9tIGNlbnRyYWw6IGh0dHBzOi8vcmVwby5tYXZlbi5hcGFjaGUub3JnL21hdmVuMi9jb20vamF5d2F5L2pzb25wYXRoL2pzb24tcGF0aC8yLjkuMC9qc29uLXBhdGgtMi45LjAuamFyICgyNzcga0IgYXQgNDM4IGtCL3MpCg=="",""timestamp"":""2026-08-22T15:29:42.077748539Z""}"
"[INFO] Downloading from central: https://repo.maven.apache.org/maven2/org/ow2/asm/asm/9.7.1/asm-9.7.1.jar
[INFO] Downloading from central: https://repo.maven.apache.org/maven2/org/assertj/assertj-core/3.27.6/assertj-core-3.27.6.jar
",2026-08-22T15:29:42.077959756Z,info,"{""serviceId"":""87697b40-66d1-4a58-89e6-1068a09cbf8c"",""deploymentId"":""d6c8c3b8-3bb6-45c0-bc76-a9729ab89f82"",""deploymentInstanceId"":null}","{""level"":""info"",""source"":""buildkit"",""type"":""log"",""vertex"":""sha256:5123184c115415746b9e45a79609be5df6469d0b755767bd2a7f4b208b8cff02"",""stream"":1,""data"":""W0lORk9dIERvd25sb2FkaW5nIGZyb20gY2VudHJhbDogaHR0cHM6Ly9yZXBvLm1hdmVuLmFwYWNoZS5vcmcvbWF2ZW4yL29yZy9vdzIvYXNtL2FzbS85LjcuMS9hc20tOS43LjEuamFyCltJTkZPXSBEb3dubG9hZGluZyBmcm9tIGNlbnRyYWw6IGh0dHBzOi8vcmVwby5tYXZlbi5hcGFjaGUub3JnL21hdmVuMi9vcmcvYXNzZXJ0ai9hc3NlcnRqLWNvcmUvMy4yNy42L2Fzc2VydGotY29yZS0zLjI3LjYuamFyCg=="",""timestamp"":""2026-08-22T15:29:42.077959756Z""}"
"[INFO] Downloaded from central: https://repo.maven.apache.org/maven2/jakarta/xml/bind/jakarta.xml.bind-api/4.0.4/jakarta.xml.bind-api-4.0.4.jar (131 kB at 207 kB/s)
[INFO] Downloading from central: https://repo.maven.apache.org/maven2/org/awaitility/awaitility/4.2.2/awaitility-4.2.2.jar
",2026-08-22T15:29:42.080629101Z,info,"{""serviceId"":""87697b40-66d1-4a58-89e6-1068a09cbf8c"",""deploymentId"":""d6c8c3b8-3bb6-45c0-bc76-a9729ab89f82"",""deploymentInstanceId"":null}","{""level"":""info"",""source"":""buildkit"",""type"":""log"",""vertex"":""sha256:5123184c115415746b9e45a79609be5df6469d0b755767bd2a7f4b208b8cff02"",""stream"":1,""data"":""W0lORk9dIERvd25sb2FkZWQgZnJvbSBjZW50cmFsOiBodHRwczovL3JlcG8ubWF2ZW4uYXBhY2hlLm9yZy9tYXZlbjIvamFrYXJ0YS94bWwvYmluZC9qYWthcnRhLnhtbC5iaW5kLWFwaS80LjAuNC9qYWthcnRhLnhtbC5iaW5kLWFwaS00LjAuNC5qYXIgKDEzMSBrQiBhdCAyMDcga0IvcykKW0lORk9dIERvd25sb2FkaW5nIGZyb20gY2VudHJhbDogaHR0cHM6Ly9yZXBvLm1hdmVuLmFwYWNoZS5vcmcvbWF2ZW4yL29yZy9hd2FpdGlsaXR5L2F3YWl0aWxpdHkvNC4yLjIvYXdhaXRpbGl0eS00LjIuMi5qYXIK"",""timestamp"":""2026-08-22T15:29:42.080629101Z""}"
"[INFO] Downloaded from central: https://repo.maven.apache.org/maven2/net/minidev/json-smart/2.5.2/json-smart-2.5.2.jar (122 kB at 191 kB/s)
[INFO] Downloading from central: https://repo.maven.apache.org/maven2/org/hamcrest/hamcrest/3.0/hamcrest-3.0.jar
",2026-08-22T15:29:42.085883936Z,info,"{""serviceId"":""87697b40-66d1-4a58-89e6-1068a09cbf8c"",""deploymentId"":""d6c8c3b8-3bb6-45c0-bc76-a9729ab89f82"",""deploymentInstanceId"":null}","{""level"":""info"",""source"":""buildkit"",""type"":""log"",""vertex"":""sha256:5123184c115415746b9e45a79609be5df6469d0b755767bd2a7f4b208b8cff02"",""stream"":1,""data"":""W0lORk9dIERvd25sb2FkZWQgZnJvbSBjZW50cmFsOiBodHRwczovL3JlcG8ubWF2ZW4uYXBhY2hlLm9yZy9tYXZlbjIvbmV0L21pbmlkZXYvanNvbi1zbWFydC8yLjUuMi9qc29uLXNtYXJ0LTIuNS4yLmphciAoMTIyIGtCIGF0IDE5MSBrQi9zKQpbSU5GT10gRG93bmxvYWRpbmcgZnJvbSBjZW50cmFsOiBodHRwczovL3JlcG8ubWF2ZW4uYXBhY2hlLm9yZy9tYXZlbjIvb3JnL2hhbWNyZXN0L2hhbWNyZXN0LzMuMC9oYW1jcmVzdC0zLjAuamFyCg=="",""timestamp"":""2026-08-22T15:29:42.085883936Z""}"
"[INFO] Downloaded from central: https://repo.maven.apache.org/maven2/net/minidev/accessors-smart/2.5.2/accessors-smart-2.5.2.jar (30 kB at 47 kB/s)
[INFO] Downloading from central: https://repo.maven.apache.org/maven2/org/junit/jupiter/junit-jupiter/5.12.2/junit-jupiter-5.12.2.jar
",2026-08-22T15:29:42.092523287Z,info,"{""serviceId"":""87697b40-66d1-4a58-89e6-1068a09cbf8c"",""deploymentId"":""d6c8c3b8-3bb6-45c0-bc76-a9729ab89f82"",""deploymentInstanceId"":null}","{""level"":""info"",""source"":""buildkit"",""type"":""log"",""vertex"":""sha256:5123184c115415746b9e45a79609be5df6469d0b755767bd2a7f4b208b8cff02"",""stream"":1,""data"":""W0lORk9dIERvd25sb2FkZWQgZnJvbSBjZW50cmFsOiBodHRwczovL3JlcG8ubWF2ZW4uYXBhY2hlLm9yZy9tYXZlbjIvbmV0L21pbmlkZXYvYWNjZXNzb3JzLXNtYXJ0LzIuNS4yL2FjY2Vzc29ycy1zbWFydC0yLjUuMi5qYXIgKDMwIGtCIGF0IDQ3IGtCL3MpCltJTkZPXSBEb3dubG9hZGluZyBmcm9tIGNlbnRyYWw6IGh0dHBzOi8vcmVwby5tYXZlbi5hcGFjaGUub3JnL21hdmVuMi9vcmcvanVuaXQvanVwaXRlci9qdW5pdC1qdXBpdGVyLzUuMTIuMi9qdW5pdC1qdXBpdGVyLTUuMTIuMi5qYXIK"",""timestamp"":""2026-08-22T15:29:42.092523287Z""}"
"[INFO] Downloaded from central: https://repo.maven.apache.org/maven2/org/awaitility/awaitility/4.2.2/awaitility-4.2.2.jar (97 kB at 148 kB/s)
[INFO] Downloading from central: https://repo.maven.apache.org/maven2/org/junit/jupiter/junit-jupiter-api/5.12.2/junit-jupiter-api-5.12.2.jar
",2026-08-22T15:29:42.102073486Z,info,"{""serviceId"":""87697b40-66d1-4a58-89e6-1068a09cbf8c"",""deploymentId"":""d6c8c3b8-3bb6-45c0-bc76-a9729ab89f82"",""deploymentInstanceId"":null}","{""level"":""info"",""source"":""buildkit"",""type"":""log"",""vertex"":""sha256:5123184c115415746b9e45a79609be5df6469d0b755767bd2a7f4b208b8cff02"",""stream"":1,""data"":""W0lORk9dIERvd25sb2FkZWQgZnJvbSBjZW50cmFsOiBodHRwczovL3JlcG8ubWF2ZW4uYXBhY2hlLm9yZy9tYXZlbjIvb3JnL2F3YWl0aWxpdHkvYXdhaXRpbGl0eS80LjIuMi9hd2FpdGlsaXR5LTQuMi4yLmphciAoOTcga0IgYXQgMTQ4IGtCL3MpCltJTkZPXSBEb3dubG9hZGluZyBmcm9tIGNlbnRyYWw6IGh0dHBzOi8vcmVwby5tYXZlbi5hcGFjaGUub3JnL21hdmVuMi9vcmcvanVuaXQvanVwaXRlci9qdW5pdC1qdXBpdGVyLWFwaS81LjEyLjIvanVuaXQtanVwaXRlci1hcGktNS4xMi4yLmphcgo="",""timestamp"":""2026-08-22T15:29:42.102073486Z""}"
"[INFO] Downloaded from central: https://repo.maven.apache.org/maven2/org/ow2/asm/asm/9.7.1/asm-9.7.1.jar (126 kB at 192 kB/s)
",2026-08-22T15:29:42.104320247Z,info,"{""serviceId"":""87697b40-66d1-4a58-89e6-1068a09cbf8c"",""deploymentId"":""d6c8c3b8-3bb6-45c0-bc76-a9729ab89f82"",""deploymentInstanceId"":null}","{""level"":""info"",""source"":""buildkit"",""type"":""log"",""vertex"":""sha256:5123184c115415746b9e45a79609be5df6469d0b755767bd2a7f4b208b8cff02"",""stream"":1,""data"":""W0lORk9dIERvd25sb2FkZWQgZnJvbSBjZW50cmFsOiBodHRwczovL3JlcG8ubWF2ZW4uYXBhY2hlLm9yZy9tYXZlbjIvb3JnL293Mi9hc20vYXNtLzkuNy4xL2FzbS05LjcuMS5qYXIgKDEyNiBrQiBhdCAxOTIga0IvcykK"",""timestamp"":""2026-08-22T15:29:42.104320247Z""}"
"[INFO] Downloading from central: https://repo.maven.apache.org/maven2/org/opentest4j/opentest4j/1.3.0/opentest4j-1.3.0.jar
",2026-08-22T15:29:42.10433546Z,info,"{""serviceId"":""87697b40-66d1-4a58-89e6-1068a09cbf8c"",""deploymentId"":""d6c8c3b8-3bb6-45c0-bc76-a9729ab89f82"",""deploymentInstanceId"":null}","{""level"":""info"",""source"":""buildkit"",""type"":""log"",""vertex"":""sha256:5123184c115415746b9e45a79609be5df6469d0b755767bd2a7f4b208b8cff02"",""stream"":1,""data"":""W0lORk9dIERvd25sb2FkaW5nIGZyb20gY2VudHJhbDogaHR0cHM6Ly9yZXBvLm1hdmVuLmFwYWNoZS5vcmcvbWF2ZW4yL29yZy9vcGVudGVzdDRqL29wZW50ZXN0NGovMS4zLjAvb3BlbnRlc3Q0ai0xLjMuMC5qYXIK"",""timestamp"":""2026-08-22T15:29:42.10433546Z""}"
"[INFO] Downloaded from central: https://repo.maven.apache.org/maven2/org/hamcrest/hamcrest/3.0/hamcrest-3.0.jar (126 kB at 191 kB/s)
[INFO] Downloading from central: https://repo.maven.apache.org/maven2/org/junit/platform/junit-platform-commons/1.12.2/junit-platform-commons-1.12.2.jar
",2026-08-22T15:29:42.108131155Z,info,"{""serviceId"":""87697b40-66d1-4a58-89e6-1068a09cbf8c"",""deploymentId"":""d6c8c3b8-3bb6-45c0-bc76-a9729ab89f82"",""deploymentInstanceId"":null}","{""level"":""info"",""source"":""buildkit"",""type"":""log"",""vertex"":""sha256:5123184c115415746b9e45a79609be5df6469d0b755767bd2a7f4b208b8cff02"",""stream"":1,""data"":""W0lORk9dIERvd25sb2FkZWQgZnJvbSBjZW50cmFsOiBodHRwczovL3JlcG8ubWF2ZW4uYXBhY2hlLm9yZy9tYXZlbjIvb3JnL2hhbWNyZXN0L2hhbWNyZXN0LzMuMC9oYW1jcmVzdC0zLjAuamFyICgxMjYga0IgYXQgMTkxIGtCL3MpCltJTkZPXSBEb3dubG9hZGluZyBmcm9tIGNlbnRyYWw6IGh0dHBzOi8vcmVwby5tYXZlbi5hcGFjaGUub3JnL21hdmVuMi9vcmcvanVuaXQvcGxhdGZvcm0vanVuaXQtcGxhdGZvcm0tY29tbW9ucy8xLjEyLjIvanVuaXQtcGxhdGZvcm0tY29tbW9ucy0xLjEyLjIuamFyCg=="",""timestamp"":""2026-08-22T15:29:42.108131155Z""}"
"[INFO] Downloaded from central: https://repo.maven.apache.org/maven2/org/assertj/assertj-core/3.27.6/assertj-core-3.27.6.jar (1.4 MB at 2.1 MB/s)
",2026-08-22T15:29:42.110867821Z,info,"{""serviceId"":""87697b40-66d1-4a58-89e6-1068a09cbf8c"",""deploymentId"":""d6c8c3b8-3bb6-45c0-bc76-a9729ab89f82"",""deploymentInstanceId"":null}","{""level"":""info"",""source"":""buildkit"",""type"":""log"",""vertex"":""sha256:5123184c115415746b9e45a79609be5df6469d0b755767bd2a7f4b208b8cff02"",""stream"":1,""data"":""W0lORk9dIERvd25sb2FkZWQgZnJvbSBjZW50cmFsOiBodHRwczovL3JlcG8ubWF2ZW4uYXBhY2hlLm9yZy9tYXZlbjIvb3JnL2Fzc2VydGovYXNzZXJ0ai1jb3JlLzMuMjcuNi9hc3NlcnRqLWNvcmUtMy4yNy42LmphciAoMS40IE1CIGF0IDIuMSBNQi9zKQo="",""timestamp"":""2026-08-22T15:29:42.110867821Z""}"
"[INFO] Downloading from central: https://repo.maven.apache.org/maven2/org/apiguardian/apiguardian-api/1.1.2/apiguardian-api-1.1.2.jar
",2026-08-22T15:29:42.110955503Z,info,"{""serviceId"":""87697b40-66d1-4a58-89e6-1068a09cbf8c"",""deploymentId"":""d6c8c3b8-3bb6-45c0-bc76-a9729ab89f82"",""deploymentInstanceId"":null}","{""level"":""info"",""source"":""buildkit"",""type"":""log"",""vertex"":""sha256:5123184c115415746b9e45a79609be5df6469d0b755767bd2a7f4b208b8cff02"",""stream"":1,""data"":""W0lORk9dIERvd25sb2FkaW5nIGZyb20gY2VudHJhbDogaHR0cHM6Ly9yZXBvLm1hdmVuLmFwYWNoZS5vcmcvbWF2ZW4yL29yZy9hcGlndWFyZGlhbi9hcGlndWFyZGlhbi1hcGkvMS4xLjIvYXBpZ3VhcmRpYW4tYXBpLTEuMS4yLmphcgo="",""timestamp"":""2026-08-22T15:29:42.110955503Z""}"
"[INFO] Downloaded from central: https://repo.maven.apache.org/maven2/org/junit/jupiter/junit-jupiter/5.12.2/junit-jupiter-5.12.2.jar (6.4 kB at 9.5 kB/s)
[INFO] Downloading from central: https://repo.maven.apache.org/maven2/org/junit/jupiter/junit-jupiter-params/5.12.2/junit-jupiter-params-5.12.2.jar
",2026-08-22T15:29:42.118861405Z,info,"{""serviceId"":""87697b40-66d1-4a58-89e6-1068a09cbf8c"",""deploymentId"":""d6c8c3b8-3bb6-45c0-bc76-a9729ab89f82"",""deploymentInstanceId"":null}","{""level"":""info"",""source"":""buildkit"",""type"":""log"",""vertex"":""sha256:5123184c115415746b9e45a79609be5df6469d0b755767bd2a7f4b208b8cff02"",""stream"":1,""data"":""W0lORk9dIERvd25sb2FkZWQgZnJvbSBjZW50cmFsOiBodHRwczovL3JlcG8ubWF2ZW4uYXBhY2hlLm9yZy9tYXZlbjIvb3JnL2p1bml0L2p1cGl0ZXIvanVuaXQtanVwaXRlci81LjEyLjIvanVuaXQtanVwaXRlci01LjEyLjIuamFyICg2LjQga0IgYXQgOS41IGtCL3MpCltJTkZPXSBEb3dubG9hZGluZyBmcm9tIGNlbnRyYWw6IGh0dHBzOi8vcmVwby5tYXZlbi5hcGFjaGUub3JnL21hdmVuMi9vcmcvanVuaXQvanVwaXRlci9qdW5pdC1qdXBpdGVyLXBhcmFtcy81LjEyLjIvanVuaXQtanVwaXRlci1wYXJhbXMtNS4xMi4yLmphcgo="",""timestamp"":""2026-08-22T15:29:42.118861405Z""}"
"[INFO] Downloaded from central: https://repo.maven.apache.org/maven2/org/junit/jupiter/junit-jupiter-api/5.12.2/junit-jupiter-api-5.12.2.jar (233 kB at 345 kB/s)
[INFO] Downloading from central: https://repo.maven.apache.org/maven2/org/junit/jupiter/junit-jupiter-engine/5.12.2/junit-jupiter-engine-5.12.2.jar
",2026-08-22T15:29:42.123403309Z,info,"{""serviceId"":""87697b40-66d1-4a58-89e6-1068a09cbf8c"",""deploymentId"":""d6c8c3b8-3bb6-45c0-bc76-a9729ab89f82"",""deploymentInstanceId"":null}","{""level"":""info"",""source"":""buildkit"",""type"":""log"",""vertex"":""sha256:5123184c115415746b9e45a79609be5df6469d0b755767bd2a7f4b208b8cff02"",""stream"":1,""data"":""W0lORk9dIERvd25sb2FkZWQgZnJvbSBjZW50cmFsOiBodHRwczovL3JlcG8ubWF2ZW4uYXBhY2hlLm9yZy9tYXZlbjIvb3JnL2p1bml0L2p1cGl0ZXIvanVuaXQtanVwaXRlci1hcGkvNS4xMi4yL2p1bml0LWp1cGl0ZXItYXBpLTUuMTIuMi5qYXIgKDIzMyBrQiBhdCAzNDUga0IvcykKW0lORk9dIERvd25sb2FkaW5nIGZyb20gY2VudHJhbDogaHR0cHM6Ly9yZXBvLm1hdmVuLmFwYWNoZS5vcmcvbWF2ZW4yL29yZy9qdW5pdC9qdXBpdGVyL2p1bml0LWp1cGl0ZXItZW5naW5lLzUuMTIuMi9qdW5pdC1qdXBpdGVyLWVuZ2luZS01LjEyLjIuamFyCg=="",""timestamp"":""2026-08-22T15:29:42.123403309Z""}"
"[INFO] Downloaded from central: https://repo.maven.apache.org/maven2/org/opentest4j/opentest4j/1.3.0/opentest4j-1.3.0.jar (14 kB at 21 kB/s)
",2026-08-22T15:29:42.126843782Z,info,"{""serviceId"":""87697b40-66d1-4a58-89e6-1068a09cbf8c"",""deploymentId"":""d6c8c3b8-3bb6-45c0-bc76-a9729ab89f82"",""deploymentInstanceId"":null}","{""level"":""info"",""source"":""buildkit"",""type"":""log"",""vertex"":""sha256:5123184c115415746b9e45a79609be5df6469d0b755767bd2a7f4b208b8cff02"",""stream"":1,""data"":""W0lORk9dIERvd25sb2FkZWQgZnJvbSBjZW50cmFsOiBodHRwczovL3JlcG8ubWF2ZW4uYXBhY2hlLm9yZy9tYXZlbjIvb3JnL29wZW50ZXN0NGovb3BlbnRlc3Q0ai8xLjMuMC9vcGVudGVzdDRqLTEuMy4wLmphciAoMTQga0IgYXQgMjEga0IvcykK"",""timestamp"":""2026-08-22T15:29:42.126843782Z""}"
"[INFO] Downloading from central: https://repo.maven.apache.org/maven2/org/junit/platform/junit-platform-engine/1.12.2/junit-platform-engine-1.12.2.jar
",2026-08-22T15:29:42.126921969Z,info,"{""serviceId"":""87697b40-66d1-4a58-89e6-1068a09cbf8c"",""deploymentId"":""d6c8c3b8-3bb6-45c0-bc76-a9729ab89f82"",""deploymentInstanceId"":null}","{""level"":""info"",""source"":""buildkit"",""type"":""log"",""vertex"":""sha256:5123184c115415746b9e45a79609be5df6469d0b755767bd2a7f4b208b8cff02"",""stream"":1,""data"":""W0lORk9dIERvd25sb2FkaW5nIGZyb20gY2VudHJhbDogaHR0cHM6Ly9yZXBvLm1hdmVuLmFwYWNoZS5vcmcvbWF2ZW4yL29yZy9qdW5pdC9wbGF0Zm9ybS9qdW5pdC1wbGF0Zm9ybS1lbmdpbmUvMS4xMi4yL2p1bml0LXBsYXRmb3JtLWVuZ2luZS0xLjEyLjIuamFyCg=="",""timestamp"":""2026-08-22T15:29:42.126921969Z""}"
"[INFO] Downloaded from central: https://repo.maven.apache.org/maven2/org/junit/platform/junit-platform-commons/1.12.2/junit-platform-commons-1.12.2.jar (152 kB at 223 kB/s)
",2026-08-22T15:29:42.128860838Z,info,"{""serviceId"":""87697b40-66d1-4a58-89e6-1068a09cbf8c"",""deploymentId"":""d6c8c3b8-3bb6-45c0-bc76-a9729ab89f82"",""deploymentInstanceId"":null}","{""level"":""info"",""source"":""buildkit"",""type"":""log"",""vertex"":""sha256:5123184c115415746b9e45a79609be5df6469d0b755767bd2a7f4b208b8cff02"",""stream"":1,""data"":""W0lORk9dIERvd25sb2FkZWQgZnJvbSBjZW50cmFsOiBodHRwczovL3JlcG8ubWF2ZW4uYXBhY2hlLm9yZy9tYXZlbjIvb3JnL2p1bml0L3BsYXRmb3JtL2p1bml0LXBsYXRmb3JtLWNvbW1vbnMvMS4xMi4yL2p1bml0LXBsYXRmb3JtLWNvbW1vbnMtMS4xMi4yLmphciAoMTUyIGtCIGF0IDIyMyBrQi9zKQo="",""timestamp"":""2026-08-22T15:29:42.128860838Z""}"
"[INFO] Downloading from central: https://repo.maven.apache.org/maven2/org/mockito/mockito-core/5.17.0/mockito-core-5.17.0.jar
",2026-08-22T15:29:42.128925875Z,info,"{""serviceId"":""87697b40-66d1-4a58-89e6-1068a09cbf8c"",""deploymentId"":""d6c8c3b8-3bb6-45c0-bc76-a9729ab89f82"",""deploymentInstanceId"":null}","{""level"":""info"",""source"":""buildkit"",""type"":""log"",""vertex"":""sha256:5123184c115415746b9e45a79609be5df6469d0b755767bd2a7f4b208b8cff02"",""stream"":1,""data"":""W0lORk9dIERvd25sb2FkaW5nIGZyb20gY2VudHJhbDogaHR0cHM6Ly9yZXBvLm1hdmVuLmFwYWNoZS5vcmcvbWF2ZW4yL29yZy9tb2NraXRvL21vY2tpdG8tY29yZS81LjE3LjAvbW9ja2l0by1jb3JlLTUuMTcuMC5qYXIK"",""timestamp"":""2026-08-22T15:29:42.128925875Z""}"
"[INFO] Downloaded from central: https://repo.maven.apache.org/maven2/org/apiguardian/apiguardian-api/1.1.2/apiguardian-api-1.1.2.jar (6.8 kB at 10.0 kB/s)
",2026-08-22T15:29:42.129950062Z,info,"{""serviceId"":""87697b40-66d1-4a58-89e6-1068a09cbf8c"",""deploymentId"":""d6c8c3b8-3bb6-45c0-bc76-a9729ab89f82"",""deploymentInstanceId"":null}","{""level"":""info"",""source"":""buildkit"",""type"":""log"",""vertex"":""sha256:5123184c115415746b9e45a79609be5df6469d0b755767bd2a7f4b208b8cff02"",""stream"":1,""data"":""W0lORk9dIERvd25sb2FkZWQgZnJvbSBjZW50cmFsOiBodHRwczovL3JlcG8ubWF2ZW4uYXBhY2hlLm9yZy9tYXZlbjIvb3JnL2FwaWd1YXJkaWFuL2FwaWd1YXJkaWFuLWFwaS8xLjEuMi9hcGlndWFyZGlhbi1hcGktMS4xLjIuamFyICg2Ljgga0IgYXQgMTAuMCBrQi9zKQo="",""timestamp"":""2026-08-22T15:29:42.129950062Z""}"
"[INFO] Downloading from central: https://repo.maven.apache.org/maven2/net/bytebuddy/byte-buddy-agent/1.17.8/byte-buddy-agent-1.17.8.jar
",2026-08-22T15:29:42.129966427Z,info,"{""serviceId"":""87697b40-66d1-4a58-89e6-1068a09cbf8c"",""deploymentId"":""d6c8c3b8-3bb6-45c0-bc76-a9729ab89f82"",""deploymentInstanceId"":null}","{""level"":""info"",""source"":""buildkit"",""type"":""log"",""vertex"":""sha256:5123184c115415746b9e45a79609be5df6469d0b755767bd2a7f4b208b8cff02"",""stream"":1,""data"":""W0lORk9dIERvd25sb2FkaW5nIGZyb20gY2VudHJhbDogaHR0cHM6Ly9yZXBvLm1hdmVuLmFwYWNoZS5vcmcvbWF2ZW4yL25ldC9ieXRlYnVkZHkvYnl0ZS1idWRkeS1hZ2VudC8xLjE3LjgvYnl0ZS1idWRkeS1hZ2VudC0xLjE3LjguamFyCg=="",""timestamp"":""2026-08-22T15:29:42.129966427Z""}"
"[INFO] Downloaded from central: https://repo.maven.apache.org/maven2/org/junit/jupiter/junit-jupiter-engine/5.12.2/junit-jupiter-engine-5.12.2.jar (292 kB at 418 kB/s)
[INFO] Downloading from central: https://repo.maven.apache.org/maven2/org/objenesis/objenesis/3.3/objenesis-3.3.jar
",2026-08-22T15:29:42.145563408Z,info,"{""serviceId"":""87697b40-66d1-4a58-89e6-1068a09cbf8c"",""deploymentId"":""d6c8c3b8-3bb6-45c0-bc76-a9729ab89f82"",""deploymentInstanceId"":null}","{""level"":""info"",""source"":""buildkit"",""type"":""log"",""vertex"":""sha256:5123184c115415746b9e45a79609be5df6469d0b755767bd2a7f4b208b8cff02"",""stream"":1,""data"":""W0lORk9dIERvd25sb2FkZWQgZnJvbSBjZW50cmFsOiBodHRwczovL3JlcG8ubWF2ZW4uYXBhY2hlLm9yZy9tYXZlbjIvb3JnL2p1bml0L2p1cGl0ZXIvanVuaXQtanVwaXRlci1lbmdpbmUvNS4xMi4yL2p1bml0LWp1cGl0ZXItZW5naW5lLTUuMTIuMi5qYXIgKDI5MiBrQiBhdCA0MTgga0IvcykKW0lORk9dIERvd25sb2FkaW5nIGZyb20gY2VudHJhbDogaHR0cHM6Ly9yZXBvLm1hdmVuLmFwYWNoZS5vcmcvbWF2ZW4yL29yZy9vYmplbmVzaXMvb2JqZW5lc2lzLzMuMy9vYmplbmVzaXMtMy4zLmphcgo="",""timestamp"":""2026-08-22T15:29:42.145563408Z""}"
"[INFO] Downloaded from central: https://repo.maven.apache.org/maven2/org/junit/jupiter/junit-jupiter-params/5.12.2/junit-jupiter-params-5.12.2.jar (602 kB at 857 kB/s)
[INFO] Downloading from central: https://repo.maven.apache.org/maven2/org/mockito/mockito-junit-jupiter/5.17.0/mockito-junit-jupiter-5.17.0.jar
",2026-08-22T15:29:42.148255428Z,info,"{""serviceId"":""87697b40-66d1-4a58-89e6-1068a09cbf8c"",""deploymentId"":""d6c8c3b8-3bb6-45c0-bc76-a9729ab89f82"",""deploymentInstanceId"":null}","{""level"":""info"",""source"":""buildkit"",""type"":""log"",""vertex"":""sha256:5123184c115415746b9e45a79609be5df6469d0b755767bd2a7f4b208b8cff02"",""stream"":1,""data"":""W0lORk9dIERvd25sb2FkZWQgZnJvbSBjZW50cmFsOiBodHRwczovL3JlcG8ubWF2ZW4uYXBhY2hlLm9yZy9tYXZlbjIvb3JnL2p1bml0L2p1cGl0ZXIvanVuaXQtanVwaXRlci1wYXJhbXMvNS4xMi4yL2p1bml0LWp1cGl0ZXItcGFyYW1zLTUuMTIuMi5qYXIgKDYwMiBrQiBhdCA4NTcga0IvcykKW0lORk9dIERvd25sb2FkaW5nIGZyb20gY2VudHJhbDogaHR0cHM6Ly9yZXBvLm1hdmVuLmFwYWNoZS5vcmcvbWF2ZW4yL29yZy9tb2NraXRvL21vY2tpdG8tanVuaXQtanVwaXRlci81LjE3LjAvbW9ja2l0by1qdW5pdC1qdXBpdGVyLTUuMTcuMC5qYXIK"",""timestamp"":""2026-08-22T15:29:42.148255428Z""}"
"[INFO] Downloaded from central: https://repo.maven.apache.org/maven2/org/junit/platform/junit-platform-engine/1.12.2/junit-platform-engine-1.12.2.jar (256 kB at 364 kB/s)
",2026-08-22T15:29:42.149268257Z,info,"{""serviceId"":""87697b40-66d1-4a58-89e6-1068a09cbf8c"",""deploymentId"":""d6c8c3b8-3bb6-45c0-bc76-a9729ab89f82"",""deploymentInstanceId"":null}","{""level"":""info"",""source"":""buildkit"",""type"":""log"",""vertex"":""sha256:5123184c115415746b9e45a79609be5df6469d0b755767bd2a7f4b208b8cff02"",""stream"":1,""data"":""W0lORk9dIERvd25sb2FkZWQgZnJvbSBjZW50cmFsOiBodHRwczovL3JlcG8ubWF2ZW4uYXBhY2hlLm9yZy9tYXZlbjIvb3JnL2p1bml0L3BsYXRmb3JtL2p1bml0LXBsYXRmb3JtLWVuZ2luZS8xLjEyLjIvanVuaXQtcGxhdGZvcm0tZW5naW5lLTEuMTIuMi5qYXIgKDI1NiBrQiBhdCAzNjQga0IvcykK"",""timestamp"":""2026-08-22T15:29:42.149268257Z""}"
"[INFO] Downloading from central: https://repo.maven.apache.org/maven2/org/skyscreamer/jsonassert/1.5.3/jsonassert-1.5.3.jar
",2026-08-22T15:29:42.14929701Z,info,"{""serviceId"":""87697b40-66d1-4a58-89e6-1068a09cbf8c"",""deploymentId"":""d6c8c3b8-3bb6-45c0-bc76-a9729ab89f82"",""deploymentInstanceId"":null}","{""level"":""info"",""source"":""buildkit"",""type"":""log"",""vertex"":""sha256:5123184c115415746b9e45a79609be5df6469d0b755767bd2a7f4b208b8cff02"",""stream"":1,""data"":""W0lORk9dIERvd25sb2FkaW5nIGZyb20gY2VudHJhbDogaHR0cHM6Ly9yZXBvLm1hdmVuLmFwYWNoZS5vcmcvbWF2ZW4yL29yZy9za3lzY3JlYW1lci9qc29uYXNzZXJ0LzEuNS4zL2pzb25hc3NlcnQtMS41LjMuamFyCg=="",""timestamp"":""2026-08-22T15:29:42.14929701Z""}"
"[INFO] Downloaded from central: https://repo.maven.apache.org/maven2/net/bytebuddy/byte-buddy-agent/1.17.8/byte-buddy-agent-1.17.8.jar (367 kB at 521 kB/s)
",2026-08-22T15:29:42.149873325Z,info,"{""serviceId"":""87697b40-66d1-4a58-89e6-1068a09cbf8c"",""deploymentId"":""d6c8c3b8-3bb6-45c0-bc76-a9729ab89f82"",""deploymentInstanceId"":null}","{""level"":""info"",""source"":""buildkit"",""type"":""log"",""vertex"":""sha256:5123184c115415746b9e45a79609be5df6469d0b755767bd2a7f4b208b8cff02"",""stream"":1,""data"":""W0lORk9dIERvd25sb2FkZWQgZnJvbSBjZW50cmFsOiBodHRwczovL3JlcG8ubWF2ZW4uYXBhY2hlLm9yZy9tYXZlbjIvbmV0L2J5dGVidWRkeS9ieXRlLWJ1ZGR5LWFnZW50LzEuMTcuOC9ieXRlLWJ1ZGR5LWFnZW50LTEuMTcuOC5qYXIgKDM2NyBrQiBhdCA1MjEga0IvcykK"",""timestamp"":""2026-08-22T15:29:42.149873325Z""}"
"[INFO] Downloading from central: https://repo.maven.apache.org/maven2/com/vaadin/external/google/android-json/0.0.20131108.vaadin1/android-json-0.0.20131108.vaadin1.jar
",2026-08-22T15:29:42.149952354Z,info,"{""serviceId"":""87697b40-66d1-4a58-89e6-1068a09cbf8c"",""deploymentId"":""d6c8c3b8-3bb6-45c0-bc76-a9729ab89f82"",""deploymentInstanceId"":null}","{""level"":""info"",""source"":""buildkit"",""type"":""log"",""vertex"":""sha256:5123184c115415746b9e45a79609be5df6469d0b755767bd2a7f4b208b8cff02"",""stream"":1,""data"":""W0lORk9dIERvd25sb2FkaW5nIGZyb20gY2VudHJhbDogaHR0cHM6Ly9yZXBvLm1hdmVuLmFwYWNoZS5vcmcvbWF2ZW4yL2NvbS92YWFkaW4vZXh0ZXJuYWwvZ29vZ2xlL2FuZHJvaWQtanNvbi8wLjAuMjAxMzExMDgudmFhZGluMS9hbmRyb2lkLWpzb24tMC4wLjIwMTMxMTA4LnZhYWRpbjEuamFyCg=="",""timestamp"":""2026-08-22T15:29:42.149952354Z""}"
"[INFO] Downloaded from central: https://repo.maven.apache.org/maven2/org/mockito/mockito-core/5.17.0/mockito-core-5.17.0.jar (709 kB at 999 kB/s)
[INFO] Downloading from central: https://repo.maven.apache.org/maven2/org/springframework/spring-core/6.2.12/spring-core-6.2.12.jar
",2026-08-22T15:29:42.156389091Z,info,"{""serviceId"":""87697b40-66d1-4a58-89e6-1068a09cbf8c"",""deploymentId"":""d6c8c3b8-3bb6-45c0-bc76-a9729ab89f82"",""deploymentInstanceId"":null}","{""level"":""info"",""source"":""buildkit"",""type"":""log"",""vertex"":""sha256:5123184c115415746b9e45a79609be5df6469d0b755767bd2a7f4b208b8cff02"",""stream"":1,""data"":""W0lORk9dIERvd25sb2FkZWQgZnJvbSBjZW50cmFsOiBodHRwczovL3JlcG8ubWF2ZW4uYXBhY2hlLm9yZy9tYXZlbjIvb3JnL21vY2tpdG8vbW9ja2l0by1jb3JlLzUuMTcuMC9tb2NraXRvLWNvcmUtNS4xNy4wLmphciAoNzA5IGtCIGF0IDk5OSBrQi9zKQpbSU5GT10gRG93bmxvYWRpbmcgZnJvbSBjZW50cmFsOiBodHRwczovL3JlcG8ubWF2ZW4uYXBhY2hlLm9yZy9tYXZlbjIvb3JnL3NwcmluZ2ZyYW1ld29yay9zcHJpbmctY29yZS82LjIuMTIvc3ByaW5nLWNvcmUtNi4yLjEyLmphcgo="",""timestamp"":""2026-08-22T15:29:42.156389091Z""}"
"[INFO] Downloaded from central: https://repo.maven.apache.org/maven2/org/objenesis/objenesis/3.3/objenesis-3.3.jar (49 kB at 69 kB/s)
[INFO] Downloading from central: https://repo.maven.apache.org/maven2/org/springframework/spring-jcl/6.2.12/spring-jcl-6.2.12.jar
",2026-08-22T15:29:42.167914844Z,info,"{""serviceId"":""87697b40-66d1-4a58-89e6-1068a09cbf8c"",""deploymentId"":""d6c8c3b8-3bb6-45c0-bc76-a9729ab89f82"",""deploymentInstanceId"":null}","{""level"":""info"",""source"":""buildkit"",""type"":""log"",""vertex"":""sha256:5123184c115415746b9e45a79609be5df6469d0b755767bd2a7f4b208b8cff02"",""stream"":1,""data"":""W0lORk9dIERvd25sb2FkZWQgZnJvbSBjZW50cmFsOiBodHRwczovL3JlcG8ubWF2ZW4uYXBhY2hlLm9yZy9tYXZlbjIvb3JnL29iamVuZXNpcy9vYmplbmVzaXMvMy4zL29iamVuZXNpcy0zLjMuamFyICg0OSBrQiBhdCA2OSBrQi9zKQpbSU5GT10gRG93bmxvYWRpbmcgZnJvbSBjZW50cmFsOiBodHRwczovL3JlcG8ubWF2ZW4uYXBhY2hlLm9yZy9tYXZlbjIvb3JnL3NwcmluZ2ZyYW1ld29yay9zcHJpbmctamNsLzYuMi4xMi9zcHJpbmctamNsLTYuMi4xMi5qYXIK"",""timestamp"":""2026-08-22T15:29:42.167914844Z""}"
"[INFO] Downloaded from central: https://repo.maven.apache.org/maven2/org/skyscreamer/jsonassert/1.5.3/jsonassert-1.5.3.jar (31 kB at 43 kB/s)
",2026-08-22T15:29:42.16910471Z,info,"{""serviceId"":""87697b40-66d1-4a58-89e6-1068a09cbf8c"",""deploymentId"":""d6c8c3b8-3bb6-45c0-bc76-a9729ab89f82"",""deploymentInstanceId"":null}","{""level"":""info"",""source"":""buildkit"",""type"":""log"",""vertex"":""sha256:5123184c115415746b9e45a79609be5df6469d0b755767bd2a7f4b208b8cff02"",""stream"":1,""data"":""W0lORk9dIERvd25sb2FkZWQgZnJvbSBjZW50cmFsOiBodHRwczovL3JlcG8ubWF2ZW4uYXBhY2hlLm9yZy9tYXZlbjIvb3JnL3NreXNjcmVhbWVyL2pzb25hc3NlcnQvMS41LjMvanNvbmFzc2VydC0xLjUuMy5qYXIgKDMxIGtCIGF0IDQzIGtCL3MpCg=="",""timestamp"":""2026-08-22T15:29:42.16910471Z""}"
"[INFO] Downloading from central: https://repo.maven.apache.org/maven2/org/springframework/spring-test/6.2.12/spring-test-6.2.12.jar
",2026-08-22T15:29:42.169140173Z,info,"{""serviceId"":""87697b40-66d1-4a58-89e6-1068a09cbf8c"",""deploymentId"":""d6c8c3b8-3bb6-45c0-bc76-a9729ab89f82"",""deploymentInstanceId"":null}","{""level"":""info"",""source"":""buildkit"",""type"":""log"",""vertex"":""sha256:5123184c115415746b9e45a79609be5df6469d0b755767bd2a7f4b208b8cff02"",""stream"":1,""data"":""W0lORk9dIERvd25sb2FkaW5nIGZyb20gY2VudHJhbDogaHR0cHM6Ly9yZXBvLm1hdmVuLmFwYWNoZS5vcmcvbWF2ZW4yL29yZy9zcHJpbmdmcmFtZXdvcmsvc3ByaW5nLXRlc3QvNi4yLjEyL3NwcmluZy10ZXN0LTYuMi4xMi5qYXIK"",""timestamp"":""2026-08-22T15:29:42.169140173Z""}"
"[INFO] Downloaded from central: https://repo.maven.apache.org/maven2/com/vaadin/external/google/android-json/0.0.20131108.vaadin1/android-json-0.0.20131108.vaadin1.jar (18 kB at 25 kB/s)
",2026-08-22T15:29:42.172146664Z,info,"{""serviceId"":""87697b40-66d1-4a58-89e6-1068a09cbf8c"",""deploymentId"":""d6c8c3b8-3bb6-45c0-bc76-a9729ab89f82"",""deploymentInstanceId"":null}","{""level"":""info"",""source"":""buildkit"",""type"":""log"",""vertex"":""sha256:5123184c115415746b9e45a79609be5df6469d0b755767bd2a7f4b208b8cff02"",""stream"":1,""data"":""W0lORk9dIERvd25sb2FkZWQgZnJvbSBjZW50cmFsOiBodHRwczovL3JlcG8ubWF2ZW4uYXBhY2hlLm9yZy9tYXZlbjIvY29tL3ZhYWRpbi9leHRlcm5hbC9nb29nbGUvYW5kcm9pZC1qc29uLzAuMC4yMDEzMTEwOC52YWFkaW4xL2FuZHJvaWQtanNvbi0wLjAuMjAxMzExMDgudmFhZGluMS5qYXIgKDE4IGtCIGF0IDI1IGtCL3MpCg=="",""timestamp"":""2026-08-22T15:29:42.172146664Z""}"
"[INFO] Downloading from central: https://repo.maven.apache.org/maven2/org/xmlunit/xmlunit-core/2.10.4/xmlunit-core-2.10.4.jar
",2026-08-22T15:29:42.17221767Z,info,"{""serviceId"":""87697b40-66d1-4a58-89e6-1068a09cbf8c"",""deploymentId"":""d6c8c3b8-3bb6-45c0-bc76-a9729ab89f82"",""deploymentInstanceId"":null}","{""level"":""info"",""source"":""buildkit"",""type"":""log"",""vertex"":""sha256:5123184c115415746b9e45a79609be5df6469d0b755767bd2a7f4b208b8cff02"",""stream"":1,""data"":""W0lORk9dIERvd25sb2FkaW5nIGZyb20gY2VudHJhbDogaHR0cHM6Ly9yZXBvLm1hdmVuLmFwYWNoZS5vcmcvbWF2ZW4yL29yZy94bWx1bml0L3htbHVuaXQtY29yZS8yLjEwLjQveG1sdW5pdC1jb3JlLTIuMTAuNC5qYXIK"",""timestamp"":""2026-08-22T15:29:42.17221767Z""}"
"[INFO] Downloaded from central: https://repo.maven.apache.org/maven2/org/mockito/mockito-junit-jupiter/5.17.0/mockito-junit-jupiter-5.17.0.jar (9.4 kB at 13 kB/s)
",2026-08-22T15:29:42.174872814Z,info,"{""serviceId"":""87697b40-66d1-4a58-89e6-1068a09cbf8c"",""deploymentId"":""d6c8c3b8-3bb6-45c0-bc76-a9729ab89f82"",""deploymentInstanceId"":null}","{""level"":""info"",""source"":""buildkit"",""type"":""log"",""vertex"":""sha256:5123184c115415746b9e45a79609be5df6469d0b755767bd2a7f4b208b8cff02"",""stream"":1,""data"":""W0lORk9dIERvd25sb2FkZWQgZnJvbSBjZW50cmFsOiBodHRwczovL3JlcG8ubWF2ZW4uYXBhY2hlLm9yZy9tYXZlbjIvb3JnL21vY2tpdG8vbW9ja2l0by1qdW5pdC1qdXBpdGVyLzUuMTcuMC9tb2NraXRvLWp1bml0LWp1cGl0ZXItNS4xNy4wLmphciAoOS40IGtCIGF0IDEzIGtCL3MpCg=="",""timestamp"":""2026-08-22T15:29:42.174872814Z""}"
"[INFO] Downloading from central: https://repo.maven.apache.org/maven2/org/springframework/security/spring-security-test/6.5.6/spring-security-test-6.5.6.jar
",2026-08-22T15:29:42.174921807Z,info,"{""serviceId"":""87697b40-66d1-4a58-89e6-1068a09cbf8c"",""deploymentId"":""d6c8c3b8-3bb6-45c0-bc76-a9729ab89f82"",""deploymentInstanceId"":null}","{""level"":""info"",""source"":""buildkit"",""type"":""log"",""vertex"":""sha256:5123184c115415746b9e45a79609be5df6469d0b755767bd2a7f4b208b8cff02"",""stream"":1,""data"":""W0lORk9dIERvd25sb2FkaW5nIGZyb20gY2VudHJhbDogaHR0cHM6Ly9yZXBvLm1hdmVuLmFwYWNoZS5vcmcvbWF2ZW4yL29yZy9zcHJpbmdmcmFtZXdvcmsvc2VjdXJpdHkvc3ByaW5nLXNlY3VyaXR5LXRlc3QvNi41LjYvc3ByaW5nLXNlY3VyaXR5LXRlc3QtNi41LjYuamFyCg=="",""timestamp"":""2026-08-22T15:29:42.174921807Z""}"
"[INFO] Downloaded from central: https://repo.maven.apache.org/maven2/org/springframework/spring-jcl/6.2.12/spring-jcl-6.2.12.jar (25 kB at 33 kB/s)
[INFO] Downloading from central: https://repo.maven.apache.org/maven2/org/springframework/security/spring-security-core/6.5.6/spring-security-core-6.5.6.jar
",2026-08-22T15:29:42.188484227Z,info,"{""serviceId"":""87697b40-66d1-4a58-89e6-1068a09cbf8c"",""deploymentId"":""d6c8c3b8-3bb6-45c0-bc76-a9729ab89f82"",""deploymentInstanceId"":null}","{""level"":""info"",""source"":""buildkit"",""type"":""log"",""vertex"":""sha256:5123184c115415746b9e45a79609be5df6469d0b755767bd2a7f4b208b8cff02"",""stream"":1,""data"":""W0lORk9dIERvd25sb2FkZWQgZnJvbSBjZW50cmFsOiBodHRwczovL3JlcG8ubWF2ZW4uYXBhY2hlLm9yZy9tYXZlbjIvb3JnL3NwcmluZ2ZyYW1ld29yay9zcHJpbmctamNsLzYuMi4xMi9zcHJpbmctamNsLTYuMi4xMi5qYXIgKDI1IGtCIGF0IDMzIGtCL3MpCltJTkZPXSBEb3dubG9hZGluZyBmcm9tIGNlbnRyYWw6IGh0dHBzOi8vcmVwby5tYXZlbi5hcGFjaGUub3JnL21hdmVuMi9vcmcvc3ByaW5nZnJhbWV3b3JrL3NlY3VyaXR5L3NwcmluZy1zZWN1cml0eS1jb3JlLzYuNS42L3NwcmluZy1zZWN1cml0eS1jb3JlLTYuNS42Lmphcgo="",""timestamp"":""2026-08-22T15:29:42.188484227Z""}"
"[INFO] Downloaded from central: https://repo.maven.apache.org/maven2/org/springframework/spring-core/6.2.12/spring-core-6.2.12.jar (2.0 MB at 2.6 MB/s)
[INFO] Downloading from central: https://repo.maven.apache.org/maven2/org/springframework/security/spring-security-crypto/6.5.6/spring-security-crypto-6.5.6.jar
",2026-08-22T15:29:42.194070238Z,info,"{""serviceId"":""87697b40-66d1-4a58-89e6-1068a09cbf8c"",""deploymentId"":""d6c8c3b8-3bb6-45c0-bc76-a9729ab89f82"",""deploymentInstanceId"":null}","{""level"":""info"",""source"":""buildkit"",""type"":""log"",""vertex"":""sha256:5123184c115415746b9e45a79609be5df6469d0b755767bd2a7f4b208b8cff02"",""stream"":1,""data"":""W0lORk9dIERvd25sb2FkZWQgZnJvbSBjZW50cmFsOiBodHRwczovL3JlcG8ubWF2ZW4uYXBhY2hlLm9yZy9tYXZlbjIvb3JnL3NwcmluZ2ZyYW1ld29yay9zcHJpbmctY29yZS82LjIuMTIvc3ByaW5nLWNvcmUtNi4yLjEyLmphciAoMi4wIE1CIGF0IDIuNiBNQi9zKQpbSU5GT10gRG93bmxvYWRpbmcgZnJvbSBjZW50cmFsOiBodHRwczovL3JlcG8ubWF2ZW4uYXBhY2hlLm9yZy9tYXZlbjIvb3JnL3NwcmluZ2ZyYW1ld29yay9zZWN1cml0eS9zcHJpbmctc2VjdXJpdHktY3J5cHRvLzYuNS42L3NwcmluZy1zZWN1cml0eS1jcnlwdG8tNi41LjYuamFyCg=="",""timestamp"":""2026-08-22T15:29:42.194070238Z""}"
"[INFO] Downloaded from central: https://repo.maven.apache.org/maven2/org/springframework/spring-test/6.2.12/spring-test-6.2.12.jar (1.0 MB at 1.4 MB/s)
",2026-08-22T15:29:42.196941586Z,info,"{""serviceId"":""87697b40-66d1-4a58-89e6-1068a09cbf8c"",""deploymentId"":""d6c8c3b8-3bb6-45c0-bc76-a9729ab89f82"",""deploymentInstanceId"":null}","{""level"":""info"",""source"":""buildkit"",""type"":""log"",""vertex"":""sha256:5123184c115415746b9e45a79609be5df6469d0b755767bd2a7f4b208b8cff02"",""stream"":1,""data"":""W0lORk9dIERvd25sb2FkZWQgZnJvbSBjZW50cmFsOiBodHRwczovL3JlcG8ubWF2ZW4uYXBhY2hlLm9yZy9tYXZlbjIvb3JnL3NwcmluZ2ZyYW1ld29yay9zcHJpbmctdGVzdC82LjIuMTIvc3ByaW5nLXRlc3QtNi4yLjEyLmphciAoMS4wIE1CIGF0IDEuNCBNQi9zKQo="",""timestamp"":""2026-08-22T15:29:42.196941586Z""}"
"[INFO] Downloaded from central: https://repo.maven.apache.org/maven2/org/xmlunit/xmlunit-core/2.10.4/xmlunit-core-2.10.4.jar (178 kB at 237 kB/s)
",2026-08-22T15:29:42.198003469Z,info,"{""serviceId"":""87697b40-66d1-4a58-89e6-1068a09cbf8c"",""deploymentId"":""d6c8c3b8-3bb6-45c0-bc76-a9729ab89f82"",""deploymentInstanceId"":null}","{""level"":""info"",""source"":""buildkit"",""type"":""log"",""vertex"":""sha256:5123184c115415746b9e45a79609be5df6469d0b755767bd2a7f4b208b8cff02"",""stream"":1,""data"":""W0lORk9dIERvd25sb2FkZWQgZnJvbSBjZW50cmFsOiBodHRwczovL3JlcG8ubWF2ZW4uYXBhY2hlLm9yZy9tYXZlbjIvb3JnL3htbHVuaXQveG1sdW5pdC1jb3JlLzIuMTAuNC94bWx1bml0LWNvcmUtMi4xMC40LmphciAoMTc4IGtCIGF0IDIzNyBrQi9zKQo="",""timestamp"":""2026-08-22T15:29:42.198003469Z""}"
"[INFO] Downloaded from central: https://repo.maven.apache.org/maven2/org/springframework/security/spring-security-test/6.5.6/spring-security-test-6.5.6.jar (136 kB at 180 kB/s)
",2026-08-22T15:29:42.203083271Z,info,"{""serviceId"":""87697b40-66d1-4a58-89e6-1068a09cbf8c"",""deploymentId"":""d6c8c3b8-3bb6-45c0-bc76-a9729ab89f82"",""deploymentInstanceId"":null}","{""level"":""info"",""source"":""buildkit"",""type"":""log"",""vertex"":""sha256:5123184c115415746b9e45a79609be5df6469d0b755767bd2a7f4b208b8cff02"",""stream"":1,""data"":""W0lORk9dIERvd25sb2FkZWQgZnJvbSBjZW50cmFsOiBodHRwczovL3JlcG8ubWF2ZW4uYXBhY2hlLm9yZy9tYXZlbjIvb3JnL3NwcmluZ2ZyYW1ld29yay9zZWN1cml0eS9zcHJpbmctc2VjdXJpdHktdGVzdC82LjUuNi9zcHJpbmctc2VjdXJpdHktdGVzdC02LjUuNi5qYXIgKDEzNiBrQiBhdCAxODAga0IvcykK"",""timestamp"":""2026-08-22T15:29:42.203083271Z""}"
"[INFO] Downloaded from central: https://repo.maven.apache.org/maven2/org/springframework/security/spring-security-core/6.5.6/spring-security-core-6.5.6.jar (623 kB at 812 kB/s)
",2026-08-22T15:29:42.213648082Z,info,"{""serviceId"":""87697b40-66d1-4a58-89e6-1068a09cbf8c"",""deploymentId"":""d6c8c3b8-3bb6-45c0-bc76-a9729ab89f82"",""deploymentInstanceId"":null}","{""level"":""info"",""source"":""buildkit"",""type"":""log"",""vertex"":""sha256:5123184c115415746b9e45a79609be5df6469d0b755767bd2a7f4b208b8cff02"",""stream"":1,""data"":""W0lORk9dIERvd25sb2FkZWQgZnJvbSBjZW50cmFsOiBodHRwczovL3JlcG8ubWF2ZW4uYXBhY2hlLm9yZy9tYXZlbjIvb3JnL3NwcmluZ2ZyYW1ld29yay9zZWN1cml0eS9zcHJpbmctc2VjdXJpdHktY29yZS82LjUuNi9zcHJpbmctc2VjdXJpdHktY29yZS02LjUuNi5qYXIgKDYyMyBrQiBhdCA4MTIga0IvcykK"",""timestamp"":""2026-08-22T15:29:42.213648082Z""}"
"[INFO] Downloaded from central: https://repo.maven.apache.org/maven2/org/springframework/security/spring-security-crypto/6.5.6/spring-security-crypto-6.5.6.jar (105 kB at 136 kB/s)
",2026-08-22T15:29:42.216723566Z,info,"{""serviceId"":""87697b40-66d1-4a58-89e6-1068a09cbf8c"",""deploymentId"":""d6c8c3b8-3bb6-45c0-bc76-a9729ab89f82"",""deploymentInstanceId"":null}","{""level"":""info"",""source"":""buildkit"",""type"":""log"",""vertex"":""sha256:5123184c115415746b9e45a79609be5df6469d0b755767bd2a7f4b208b8cff02"",""stream"":1,""data"":""W0lORk9dIERvd25sb2FkZWQgZnJvbSBjZW50cmFsOiBodHRwczovL3JlcG8ubWF2ZW4uYXBhY2hlLm9yZy9tYXZlbjIvb3JnL3NwcmluZ2ZyYW1ld29yay9zZWN1cml0eS9zcHJpbmctc2VjdXJpdHktY3J5cHRvLzYuNS42L3NwcmluZy1zZWN1cml0eS1jcnlwdG8tNi41LjYuamFyICgxMDUga0IgYXQgMTM2IGtCL3MpCg=="",""timestamp"":""2026-08-22T15:29:42.216723566Z""}"
"[INFO] 
[INFO] --- clean:3.4.1:clean (default-clean) @ lab-management-system ---
",2026-08-22T15:29:42.297967134Z,info,"{""serviceId"":""87697b40-66d1-4a58-89e6-1068a09cbf8c"",""deploymentId"":""d6c8c3b8-3bb6-45c0-bc76-a9729ab89f82"",""deploymentInstanceId"":null}","{""level"":""info"",""source"":""buildkit"",""type"":""log"",""vertex"":""sha256:5123184c115415746b9e45a79609be5df6469d0b755767bd2a7f4b208b8cff02"",""stream"":1,""data"":""W0lORk9dIApbSU5GT10gLS0tIGNsZWFuOjMuNC4xOmNsZWFuIChkZWZhdWx0LWNsZWFuKSBAIGxhYi1tYW5hZ2VtZW50LXN5c3RlbSAtLS0K"",""timestamp"":""2026-08-22T15:29:42.297967134Z""}"
"[INFO] Downloading from central: https://repo.maven.apache.org/maven2/org/codehaus/plexus/plexus-utils/4.0.1/plexus-utils-4.0.1.pom
",2026-08-22T15:29:42.305216941Z,info,"{""serviceId"":""87697b40-66d1-4a58-89e6-1068a09cbf8c"",""deploymentId"":""d6c8c3b8-3bb6-45c0-bc76-a9729ab89f82"",""deploymentInstanceId"":null}","{""level"":""info"",""source"":""buildkit"",""type"":""log"",""vertex"":""sha256:5123184c115415746b9e45a79609be5df6469d0b755767bd2a7f4b208b8cff02"",""stream"":1,""data"":""W0lORk9dIERvd25sb2FkaW5nIGZyb20gY2VudHJhbDogaHR0cHM6Ly9yZXBvLm1hdmVuLmFwYWNoZS5vcmcvbWF2ZW4yL29yZy9jb2RlaGF1cy9wbGV4dXMvcGxleHVzLXV0aWxzLzQuMC4xL3BsZXh1cy11dGlscy00LjAuMS5wb20K"",""timestamp"":""2026-08-22T15:29:42.305216941Z""}"
"[INFO] Downloaded from central: https://repo.maven.apache.org/maven2/org/codehaus/plexus/plexus-utils/4.0.1/plexus-utils-4.0.1.pom (7.8 kB at 313 kB/s)
",2026-08-22T15:29:42.329231182Z,info,"{""serviceId"":""87697b40-66d1-4a58-89e6-1068a09cbf8c"",""deploymentId"":""d6c8c3b8-3bb6-45c0-bc76-a9729ab89f82"",""deploymentInstanceId"":null}","{""level"":""info"",""source"":""buildkit"",""type"":""log"",""vertex"":""sha256:5123184c115415746b9e45a79609be5df6469d0b755767bd2a7f4b208b8cff02"",""stream"":1,""data"":""W0lORk9dIERvd25sb2FkZWQgZnJvbSBjZW50cmFsOiBodHRwczovL3JlcG8ubWF2ZW4uYXBhY2hlLm9yZy9tYXZlbjIvb3JnL2NvZGVoYXVzL3BsZXh1cy9wbGV4dXMtdXRpbHMvNC4wLjEvcGxleHVzLXV0aWxzLTQuMC4xLnBvbSAoNy44IGtCIGF0IDMxMyBrQi9zKQo="",""timestamp"":""2026-08-22T15:29:42.329231182Z""}"
"[INFO] Downloading from central: https://repo.maven.apache.org/maven2/org/codehaus/plexus/plexus/17/plexus-17.pom
",2026-08-22T15:29:42.332440858Z,info,"{""serviceId"":""87697b40-66d1-4a58-89e6-1068a09cbf8c"",""deploymentId"":""d6c8c3b8-3bb6-45c0-bc76-a9729ab89f82"",""deploymentInstanceId"":null}","{""level"":""info"",""source"":""buildkit"",""type"":""log"",""vertex"":""sha256:5123184c115415746b9e45a79609be5df6469d0b755767bd2a7f4b208b8cff02"",""stream"":1,""data"":""W0lORk9dIERvd25sb2FkaW5nIGZyb20gY2VudHJhbDogaHR0cHM6Ly9yZXBvLm1hdmVuLmFwYWNoZS5vcmcvbWF2ZW4yL29yZy9jb2RlaGF1cy9wbGV4dXMvcGxleHVzLzE3L3BsZXh1cy0xNy5wb20K"",""timestamp"":""2026-08-22T15:29:42.332440858Z""}"
"[INFO] Downloaded from central: https://repo.maven.apache.org/maven2/org/codehaus/plexus/plexus/17/plexus-17.pom (28 kB at 1.1 MB/s)
",2026-08-22T15:29:42.358827999Z,info,"{""serviceId"":""87697b40-66d1-4a58-89e6-1068a09cbf8c"",""deploymentId"":""d6c8c3b8-3bb6-45c0-bc76-a9729ab89f82"",""deploymentInstanceId"":null}","{""level"":""info"",""source"":""buildkit"",""type"":""log"",""vertex"":""sha256:5123184c115415746b9e45a79609be5df6469d0b755767bd2a7f4b208b8cff02"",""stream"":1,""data"":""W0lORk9dIERvd25sb2FkZWQgZnJvbSBjZW50cmFsOiBodHRwczovL3JlcG8ubWF2ZW4uYXBhY2hlLm9yZy9tYXZlbjIvb3JnL2NvZGVoYXVzL3BsZXh1cy9wbGV4dXMvMTcvcGxleHVzLTE3LnBvbSAoMjgga0IgYXQgMS4xIE1CL3MpCg=="",""timestamp"":""2026-08-22T15:29:42.358827999Z""}"
"[INFO] Downloading from central: https://repo.maven.apache.org/maven2/org/codehaus/plexus/plexus-utils/4.0.1/plexus-utils-4.0.1.jar
",2026-08-22T15:29:42.365286309Z,info,"{""serviceId"":""87697b40-66d1-4a58-89e6-1068a09cbf8c"",""deploymentId"":""d6c8c3b8-3bb6-45c0-bc76-a9729ab89f82"",""deploymentInstanceId"":null}","{""level"":""info"",""source"":""buildkit"",""type"":""log"",""vertex"":""sha256:5123184c115415746b9e45a79609be5df6469d0b755767bd2a7f4b208b8cff02"",""stream"":1,""data"":""W0lORk9dIERvd25sb2FkaW5nIGZyb20gY2VudHJhbDogaHR0cHM6Ly9yZXBvLm1hdmVuLmFwYWNoZS5vcmcvbWF2ZW4yL29yZy9jb2RlaGF1cy9wbGV4dXMvcGxleHVzLXV0aWxzLzQuMC4xL3BsZXh1cy11dGlscy00LjAuMS5qYXIK"",""timestamp"":""2026-08-22T15:29:42.365286309Z""}"
"[INFO] Downloaded from central: https://repo.maven.apache.org/maven2/org/codehaus/plexus/plexus-utils/4.0.1/plexus-utils-4.0.1.jar (193 kB at 8.4 MB/s)
",2026-08-22T15:29:42.389181992Z,info,"{""serviceId"":""87697b40-66d1-4a58-89e6-1068a09cbf8c"",""deploymentId"":""d6c8c3b8-3bb6-45c0-bc76-a9729ab89f82"",""deploymentInstanceId"":null}","{""level"":""info"",""source"":""buildkit"",""type"":""log"",""vertex"":""sha256:5123184c115415746b9e45a79609be5df6469d0b755767bd2a7f4b208b8cff02"",""stream"":1,""data"":""W0lORk9dIERvd25sb2FkZWQgZnJvbSBjZW50cmFsOiBodHRwczovL3JlcG8ubWF2ZW4uYXBhY2hlLm9yZy9tYXZlbjIvb3JnL2NvZGVoYXVzL3BsZXh1cy9wbGV4dXMtdXRpbHMvNC4wLjEvcGxleHVzLXV0aWxzLTQuMC4xLmphciAoMTkzIGtCIGF0IDguNCBNQi9zKQo="",""timestamp"":""2026-08-22T15:29:42.389181992Z""}"
"[INFO] 
[INFO] --- dependency:3.8.1:list (default-cli) @ lab-management-system ---
",2026-08-22T15:29:42.452268396Z,info,"{""serviceId"":""87697b40-66d1-4a58-89e6-1068a09cbf8c"",""deploymentId"":""d6c8c3b8-3bb6-45c0-bc76-a9729ab89f82"",""deploymentInstanceId"":null}","{""level"":""info"",""source"":""buildkit"",""type"":""log"",""vertex"":""sha256:5123184c115415746b9e45a79609be5df6469d0b755767bd2a7f4b208b8cff02"",""stream"":1,""data"":""W0lORk9dIApbSU5GT10gLS0tIGRlcGVuZGVuY3k6My44LjE6bGlzdCAoZGVmYXVsdC1jbGkpIEAgbGFiLW1hbmFnZW1lbnQtc3lzdGVtIC0tLQo="",""timestamp"":""2026-08-22T15:29:42.452268396Z""}"
"[INFO] Downloading from central: https://repo.maven.apache.org/maven2/org/apache/maven/doxia/doxia-sink-api/2.0.0/doxia-sink-api-2.0.0.pom
",2026-08-22T15:29:42.455862359Z,info,"{""serviceId"":""87697b40-66d1-4a58-89e6-1068a09cbf8c"",""deploymentId"":""d6c8c3b8-3bb6-45c0-bc76-a9729ab89f82"",""deploymentInstanceId"":null}","{""level"":""info"",""source"":""buildkit"",""type"":""log"",""vertex"":""sha256:5123184c115415746b9e45a79609be5df6469d0b755767bd2a7f4b208b8cff02"",""stream"":1,""data"":""W0lORk9dIERvd25sb2FkaW5nIGZyb20gY2VudHJhbDogaHR0cHM6Ly9yZXBvLm1hdmVuLmFwYWNoZS5vcmcvbWF2ZW4yL29yZy9hcGFjaGUvbWF2ZW4vZG94aWEvZG94aWEtc2luay1hcGkvMi4wLjAvZG94aWEtc2luay1hcGktMi4wLjAucG9tCg=="",""timestamp"":""2026-08-22T15:29:42.455862359Z""}"
"[INFO] Downloaded from central: https://repo.maven.apache.org/maven2/org/apache/maven/doxia/doxia-sink-api/2.0.0/doxia-sink-api-2.0.0.pom (1.4 kB at 48 kB/s)
",2026-08-22T15:29:42.484559566Z,info,"{""serviceId"":""87697b40-66d1-4a58-89e6-1068a09cbf8c"",""deploymentId"":""d6c8c3b8-3bb6-45c0-bc76-a9729ab89f82"",""deploymentInstanceId"":null}","{""level"":""info"",""source"":""buildkit"",""type"":""log"",""vertex"":""sha256:5123184c115415746b9e45a79609be5df6469d0b755767bd2a7f4b208b8cff02"",""stream"":1,""data"":""W0lORk9dIERvd25sb2FkZWQgZnJvbSBjZW50cmFsOiBodHRwczovL3JlcG8ubWF2ZW4uYXBhY2hlLm9yZy9tYXZlbjIvb3JnL2FwYWNoZS9tYXZlbi9kb3hpYS9kb3hpYS1zaW5rLWFwaS8yLjAuMC9kb3hpYS1zaW5rLWFwaS0yLjAuMC5wb20gKDEuNCBrQiBhdCA0OCBrQi9zKQo="",""timestamp"":""2026-08-22T15:29:42.484559566Z""}"
"[INFO] Downloading from central: https://repo.maven.apache.org/maven2/org/apache/maven/doxia/doxia/2.0.0/doxia-2.0.0.pom
",2026-08-22T15:29:42.486843453Z,info,"{""serviceId"":""87697b40-66d1-4a58-89e6-1068a09cbf8c"",""deploymentId"":""d6c8c3b8-3bb6-45c0-bc76-a9729ab89f82"",""deploymentInstanceId"":null}","{""level"":""info"",""source"":""buildkit"",""type"":""log"",""vertex"":""sha256:5123184c115415746b9e45a79609be5df6469d0b755767bd2a7f4b208b8cff02"",""stream"":1,""data"":""W0lORk9dIERvd25sb2FkaW5nIGZyb20gY2VudHJhbDogaHR0cHM6Ly9yZXBvLm1hdmVuLmFwYWNoZS5vcmcvbWF2ZW4yL29yZy9hcGFjaGUvbWF2ZW4vZG94aWEvZG94aWEvMi4wLjAvZG94aWEtMi4wLjAucG9tCg=="",""timestamp"":""2026-08-22T15:29:42.486843453Z""}"
"[INFO] Downloaded from central: https://repo.maven.apache.org/maven2/org/apache/maven/doxia/doxia/2.0.0/doxia-2.0.0.pom (17 kB at 689 kB/s)
",2026-08-22T15:29:42.511939206Z,info,"{""serviceId"":""87697b40-66d1-4a58-89e6-1068a09cbf8c"",""deploymentId"":""d6c8c3b8-3bb6-45c0-bc76-a9729ab89f82"",""deploymentInstanceId"":null}","{""level"":""info"",""source"":""buildkit"",""type"":""log"",""vertex"":""sha256:5123184c115415746b9e45a79609be5df6469d0b755767bd2a7f4b208b8cff02"",""stream"":1,""data"":""W0lORk9dIERvd25sb2FkZWQgZnJvbSBjZW50cmFsOiBodHRwczovL3JlcG8ubWF2ZW4uYXBhY2hlLm9yZy9tYXZlbjIvb3JnL2FwYWNoZS9tYXZlbi9kb3hpYS9kb3hpYS8yLjAuMC9kb3hpYS0yLjAuMC5wb20gKDE3IGtCIGF0IDY4OSBrQi9zKQo="",""timestamp"":""2026-08-22T15:29:42.511939206Z""}"
"[INFO] Downloading from central: https://repo.maven.apache.org/maven2/org/junit/junit-bom/5.11.1/junit-bom-5.11.1.pom
",2026-08-22T15:29:42.516711446Z,info,"{""serviceId"":""87697b40-66d1-4a58-89e6-1068a09cbf8c"",""deploymentId"":""d6c8c3b8-3bb6-45c0-bc76-a9729ab89f82"",""deploymentInstanceId"":null}","{""level"":""info"",""source"":""buildkit"",""type"":""log"",""vertex"":""sha256:5123184c115415746b9e45a79609be5df6469d0b755767bd2a7f4b208b8cff02"",""stream"":1,""data"":""W0lORk9dIERvd25sb2FkaW5nIGZyb20gY2VudHJhbDogaHR0cHM6Ly9yZXBvLm1hdmVuLmFwYWNoZS5vcmcvbWF2ZW4yL29yZy9qdW5pdC9qdW5pdC1ib20vNS4xMS4xL2p1bml0LWJvbS01LjExLjEucG9tCg=="",""timestamp"":""2026-08-22T15:29:42.516711446Z""}"
"[INFO] Downloaded from central: https://repo.maven.apache.org/maven2/org/junit/junit-bom/5.11.1/junit-bom-5.11.1.pom (5.6 kB at 209 kB/s)
",2026-08-22T15:29:42.54371999Z,info,"{""serviceId"":""87697b40-66d1-4a58-89e6-1068a09cbf8c"",""deploymentId"":""d6c8c3b8-3bb6-45c0-bc76-a9729ab89f82"",""deploymentInstanceId"":null}","{""level"":""info"",""source"":""buildkit"",""type"":""log"",""vertex"":""sha256:5123184c115415746b9e45a79609be5df6469d0b755767bd2a7f4b208b8cff02"",""stream"":1,""data"":""W0lORk9dIERvd25sb2FkZWQgZnJvbSBjZW50cmFsOiBodHRwczovL3JlcG8ubWF2ZW4uYXBhY2hlLm9yZy9tYXZlbjIvb3JnL2p1bml0L2p1bml0LWJvbS81LjExLjEvanVuaXQtYm9tLTUuMTEuMS5wb20gKDUuNiBrQiBhdCAyMDkga0IvcykK"",""timestamp"":""2026-08-22T15:29:42.54371999Z""}"
"[INFO] Downloading from central: https://repo.maven.apache.org/maven2/org/apache/maven/reporting/maven-reporting-api/4.0.0/maven-reporting-api-4.0.0.pom
",2026-08-22T15:29:42.547008133Z,info,"{""serviceId"":""87697b40-66d1-4a58-89e6-1068a09cbf8c"",""deploymentId"":""d6c8c3b8-3bb6-45c0-bc76-a9729ab89f82"",""deploymentInstanceId"":null}","{""level"":""info"",""source"":""buildkit"",""type"":""log"",""vertex"":""sha256:5123184c115415746b9e45a79609be5df6469d0b755767bd2a7f4b208b8cff02"",""stream"":1,""data"":""W0lORk9dIERvd25sb2FkaW5nIGZyb20gY2VudHJhbDogaHR0cHM6Ly9yZXBvLm1hdmVuLmFwYWNoZS5vcmcvbWF2ZW4yL29yZy9hcGFjaGUvbWF2ZW4vcmVwb3J0aW5nL21hdmVuLXJlcG9ydGluZy1hcGkvNC4wLjAvbWF2ZW4tcmVwb3J0aW5nLWFwaS00LjAuMC5wb20K"",""timestamp"":""2026-08-22T15:29:42.547008133Z""}"
"[INFO] Downloaded from central: https://repo.maven.apache.org/maven2/org/apache/maven/reporting/maven-reporting-api/4.0.0/maven-reporting-api-4.0.0.pom (2.8 kB at 87 kB/s)
",2026-08-22T15:29:42.578529317Z,info,"{""serviceId"":""87697b40-66d1-4a58-89e6-1068a09cbf8c"",""deploymentId"":""d6c8c3b8-3bb6-45c0-bc76-a9729ab89f82"",""deploymentInstanceId"":null}","{""level"":""info"",""source"":""buildkit"",""type"":""log"",""vertex"":""sha256:5123184c115415746b9e45a79609be5df6469d0b755767bd2a7f4b208b8cff02"",""stream"":1,""data"":""W0lORk9dIERvd25sb2FkZWQgZnJvbSBjZW50cmFsOiBodHRwczovL3JlcG8ubWF2ZW4uYXBhY2hlLm9yZy9tYXZlbjIvb3JnL2FwYWNoZS9tYXZlbi9yZXBvcnRpbmcvbWF2ZW4tcmVwb3J0aW5nLWFwaS80LjAuMC9tYXZlbi1yZXBvcnRpbmctYXBpLTQuMC4wLnBvbSAoMi44IGtCIGF0IDg3IGtCL3MpCg=="",""timestamp"":""2026-08-22T15:29:42.578529317Z""}"
"[INFO] Downloading from central: https://repo.maven.apache.org/maven2/org/apache/maven/shared/maven-shared-components/43/maven-shared-components-43.pom
",2026-08-22T15:29:42.580747566Z,info,"{""serviceId"":""87697b40-66d1-4a58-89e6-1068a09cbf8c"",""deploymentId"":""d6c8c3b8-3bb6-45c0-bc76-a9729ab89f82"",""deploymentInstanceId"":null}","{""level"":""info"",""source"":""buildkit"",""type"":""log"",""vertex"":""sha256:5123184c115415746b9e45a79609be5df6469d0b755767bd2a7f4b208b8cff02"",""stream"":1,""data"":""W0lORk9dIERvd25sb2FkaW5nIGZyb20gY2VudHJhbDogaHR0cHM6Ly9yZXBvLm1hdmVuLmFwYWNoZS5vcmcvbWF2ZW4yL29yZy9hcGFjaGUvbWF2ZW4vc2hhcmVkL21hdmVuLXNoYXJlZC1jb21wb25lbnRzLzQzL21hdmVuLXNoYXJlZC1jb21wb25lbnRzLTQzLnBvbQo="",""timestamp"":""2026-08-22T15:29:42.580747566Z""}"
"[INFO] Downloaded from central: https://repo.maven.apache.org/maven2/org/apache/maven/shared/maven-shared-components/43/maven-shared-components-43.pom (3.8 kB at 140 kB/s)
",2026-08-22T15:29:42.608065573Z,info,"{""serviceId"":""87697b40-66d1-4a58-89e6-1068a09cbf8c"",""deploymentId"":""d6c8c3b8-3bb6-45c0-bc76-a9729ab89f82"",""deploymentInstanceId"":null}","{""level"":""info"",""source"":""buildkit"",""type"":""log"",""vertex"":""sha256:5123184c115415746b9e45a79609be5df6469d0b755767bd2a7f4b208b8cff02"",""stream"":1,""data"":""W0lORk9dIERvd25sb2FkZWQgZnJvbSBjZW50cmFsOiBodHRwczovL3JlcG8ubWF2ZW4uYXBhY2hlLm9yZy9tYXZlbjIvb3JnL2FwYWNoZS9tYXZlbi9zaGFyZWQvbWF2ZW4tc2hhcmVkLWNvbXBvbmVudHMvNDMvbWF2ZW4tc2hhcmVkLWNvbXBvbmVudHMtNDMucG9tICgzLjgga0IgYXQgMTQwIGtCL3MpCg=="",""timestamp"":""2026-08-22T15:29:42.608065573Z""}"
"[INFO] Downloading from central: https://repo.maven.apache.org/maven2/org/apache/maven/reporting/maven-reporting-impl/4.0.0/maven-reporting-impl-4.0.0.pom
",2026-08-22T15:29:42.613273367Z,info,"{""serviceId"":""87697b40-66d1-4a58-89e6-1068a09cbf8c"",""deploymentId"":""d6c8c3b8-3bb6-45c0-bc76-a9729ab89f82"",""deploymentInstanceId"":null}","{""level"":""info"",""source"":""buildkit"",""type"":""log"",""vertex"":""sha256:5123184c115415746b9e45a79609be5df6469d0b755767bd2a7f4b208b8cff02"",""stream"":1,""data"":""W0lORk9dIERvd25sb2FkaW5nIGZyb20gY2VudHJhbDogaHR0cHM6Ly9yZXBvLm1hdmVuLmFwYWNoZS5vcmcvbWF2ZW4yL29yZy9hcGFjaGUvbWF2ZW4vcmVwb3J0aW5nL21hdmVuLXJlcG9ydGluZy1pbXBsLzQuMC4wL21hdmVuLXJlcG9ydGluZy1pbXBsLTQuMC4wLnBvbQo="",""timestamp"":""2026-08-22T15:29:42.613273367Z""}"
"[INFO] Downloaded from central: https://repo.maven.apache.org/maven2/org/apache/maven/reporting/maven-reporting-impl/4.0.0/maven-reporting-impl-4.0.0.pom (8.8 kB at 351 kB/s)
",2026-08-22T15:29:42.639007939Z,info,"{""serviceId"":""87697b40-66d1-4a58-89e6-1068a09cbf8c"",""deploymentId"":""d6c8c3b8-3bb6-45c0-bc76-a9729ab89f82"",""deploymentInstanceId"":null}","{""level"":""info"",""source"":""buildkit"",""type"":""log"",""vertex"":""sha256:5123184c115415746b9e45a79609be5df6469d0b755767bd2a7f4b208b8cff02"",""stream"":1,""data"":""W0lORk9dIERvd25sb2FkZWQgZnJvbSBjZW50cmFsOiBodHRwczovL3JlcG8ubWF2ZW4uYXBhY2hlLm9yZy9tYXZlbjIvb3JnL2FwYWNoZS9tYXZlbi9yZXBvcnRpbmcvbWF2ZW4tcmVwb3J0aW5nLWltcGwvNC4wLjAvbWF2ZW4tcmVwb3J0aW5nLWltcGwtNC4wLjAucG9tICg4Ljgga0IgYXQgMzUxIGtCL3MpCg=="",""timestamp"":""2026-08-22T15:29:42.639007939Z""}"
"[INFO] Downloading from central: https://repo.maven.apache.org/maven2/org/junit/junit-bom/5.11.2/junit-bom-5.11.2.pom
",2026-08-22T15:29:42.644835934Z,info,"{""serviceId"":""87697b40-66d1-4a58-89e6-1068a09cbf8c"",""deploymentId"":""d6c8c3b8-3bb6-45c0-bc76-a9729ab89f82"",""deploymentInstanceId"":null}","{""level"":""info"",""source"":""buildkit"",""type"":""log"",""vertex"":""sha256:5123184c115415746b9e45a79609be5df6469d0b755767bd2a7f4b208b8cff02"",""stream"":1,""data"":""W0lORk9dIERvd25sb2FkaW5nIGZyb20gY2VudHJhbDogaHR0cHM6Ly9yZXBvLm1hdmVuLmFwYWNoZS5vcmcvbWF2ZW4yL29yZy9qdW5pdC9qdW5pdC1ib20vNS4xMS4yL2p1bml0LWJvbS01LjExLjIucG9tCg=="",""timestamp"":""2026-08-22T15:29:42.644835934Z""}"
"[INFO] Downloaded from central: https://repo.maven.apache.org/maven2/org/junit/junit-bom/5.11.2/junit-bom-5.11.2.pom (5.6 kB at 226 kB/s)
",2026-08-22T15:29:42.669523344Z,info,"{""serviceId"":""87697b40-66d1-4a58-89e6-1068a09cbf8c"",""deploymentId"":""d6c8c3b8-3bb6-45c0-bc76-a9729ab89f82"",""deploymentInstanceId"":null}","{""level"":""info"",""source"":""buildkit"",""type"":""log"",""vertex"":""sha256:5123184c115415746b9e45a79609be5df6469d0b755767bd2a7f4b208b8cff02"",""stream"":1,""data"":""W0lORk9dIERvd25sb2FkZWQgZnJvbSBjZW50cmFsOiBodHRwczovL3JlcG8ubWF2ZW4uYXBhY2hlLm9yZy9tYXZlbjIvb3JnL2p1bml0L2p1bml0LWJvbS81LjExLjIvanVuaXQtYm9tLTUuMTEuMi5wb20gKDUuNiBrQiBhdCAyMjYga0IvcykK"",""timestamp"":""2026-08-22T15:29:42.669523344Z""}"
"[INFO] Downloading from central: https://repo.maven.apache.org/maven2/org/apache/maven/shared/maven-shared-utils/3.4.2/maven-shared-utils-3.4.2.pom
",2026-08-22T15:29:42.673301253Z,info,"{""serviceId"":""87697b40-66d1-4a58-89e6-1068a09cbf8c"",""deploymentId"":""d6c8c3b8-3bb6-45c0-bc76-a9729ab89f82"",""deploymentInstanceId"":null}","{""level"":""info"",""source"":""buildkit"",""type"":""log"",""vertex"":""sha256:5123184c115415746b9e45a79609be5df6469d0b755767bd2a7f4b208b8cff02"",""stream"":1,""data"":""W0lORk9dIERvd25sb2FkaW5nIGZyb20gY2VudHJhbDogaHR0cHM6Ly9yZXBvLm1hdmVuLmFwYWNoZS5vcmcvbWF2ZW4yL29yZy9hcGFjaGUvbWF2ZW4vc2hhcmVkL21hdmVuLXNoYXJlZC11dGlscy8zLjQuMi9tYXZlbi1zaGFyZWQtdXRpbHMtMy40LjIucG9tCg=="",""timestamp"":""2026-08-22T15:29:42.673301253Z""}"
"[INFO] Downloaded from central: https://repo.maven.apache.org/maven2/org/apache/maven/shared/maven-shared-utils/3.4.2/maven-shared-utils-3.4.2.pom (5.9 kB at 227 kB/s)
",2026-08-22T15:29:42.699952159Z,info,"{""serviceId"":""87697b40-66d1-4a58-89e6-1068a09cbf8c"",""deploymentId"":""d6c8c3b8-3bb6-45c0-bc76-a9729ab89f82"",""deploymentInstanceId"":null}","{""level"":""info"",""source"":""buildkit"",""type"":""log"",""vertex"":""sha256:5123184c115415746b9e45a79609be5df6469d0b755767bd2a7f4b208b8cff02"",""stream"":1,""data"":""W0lORk9dIERvd25sb2FkZWQgZnJvbSBjZW50cmFsOiBodHRwczovL3JlcG8ubWF2ZW4uYXBhY2hlLm9yZy9tYXZlbjIvb3JnL2FwYWNoZS9tYXZlbi9zaGFyZWQvbWF2ZW4tc2hhcmVkLXV0aWxzLzMuNC4yL21hdmVuLXNoYXJlZC11dGlscy0zLjQuMi5wb20gKDUuOSBrQiBhdCAyMjcga0IvcykK"",""timestamp"":""2026-08-22T15:29:42.699952159Z""}"
"[INFO] Downloading from central: https://repo.maven.apache.org/maven2/org/apache/maven/shared/maven-shared-components/39/maven-shared-components-39.pom
",2026-08-22T15:29:42.702675546Z,info,"{""serviceId"":""87697b40-66d1-4a58-89e6-1068a09cbf8c"",""deploymentId"":""d6c8c3b8-3bb6-45c0-bc76-a9729ab89f82"",""deploymentInstanceId"":null}","{""level"":""info"",""source"":""buildkit"",""type"":""log"",""vertex"":""sha256:5123184c115415746b9e45a79609be5df6469d0b755767bd2a7f4b208b8cff02"",""stream"":1,""data"":""W0lORk9dIERvd25sb2FkaW5nIGZyb20gY2VudHJhbDogaHR0cHM6Ly9yZXBvLm1hdmVuLmFwYWNoZS5vcmcvbWF2ZW4yL29yZy9hcGFjaGUvbWF2ZW4vc2hhcmVkL21hdmVuLXNoYXJlZC1jb21wb25lbnRzLzM5L21hdmVuLXNoYXJlZC1jb21wb25lbnRzLTM5LnBvbQo="",""timestamp"":""2026-08-22T15:29:42.702675546Z""}"
"[INFO] Downloaded from central: https://repo.maven.apache.org/maven2/org/apache/maven/shared/maven-shared-components/39/maven-shared-components-39.pom (3.2 kB at 134 kB/s)
",2026-08-22T15:29:42.726407733Z,info,"{""serviceId"":""87697b40-66d1-4a58-89e6-1068a09cbf8c"",""deploymentId"":""d6c8c3b8-3bb6-45c0-bc76-a9729ab89f82"",""deploymentInstanceId"":null}","{""level"":""info"",""source"":""buildkit"",""type"":""log"",""vertex"":""sha256:5123184c115415746b9e45a79609be5df6469d0b755767bd2a7f4b208b8cff02"",""stream"":1,""data"":""W0lORk9dIERvd25sb2FkZWQgZnJvbSBjZW50cmFsOiBodHRwczovL3JlcG8ubWF2ZW4uYXBhY2hlLm9yZy9tYXZlbjIvb3JnL2FwYWNoZS9tYXZlbi9zaGFyZWQvbWF2ZW4tc2hhcmVkLWNvbXBvbmVudHMvMzkvbWF2ZW4tc2hhcmVkLWNvbXBvbmVudHMtMzkucG9tICgzLjIga0IgYXQgMTM0IGtCL3MpCg=="",""timestamp"":""2026-08-22T15:29:42.726407733Z""}"
"[INFO] Downloading from central: https://repo.maven.apache.org/maven2/org/slf4j/slf4j-api/1.7.36/slf4j-api-1.7.36.pom
",2026-08-22T15:29:42.730812152Z,info,"{""serviceId"":""87697b40-66d1-4a58-89e6-1068a09cbf8c"",""deploymentId"":""d6c8c3b8-3bb6-45c0-bc76-a9729ab89f82"",""deploymentInstanceId"":null}","{""level"":""info"",""source"":""buildkit"",""type"":""log"",""vertex"":""sha256:5123184c115415746b9e45a79609be5df6469d0b755767bd2a7f4b208b8cff02"",""stream"":1,""data"":""W0lORk9dIERvd25sb2FkaW5nIGZyb20gY2VudHJhbDogaHR0cHM6Ly9yZXBvLm1hdmVuLmFwYWNoZS5vcmcvbWF2ZW4yL29yZy9zbGY0ai9zbGY0ai1hcGkvMS43LjM2L3NsZjRqLWFwaS0xLjcuMzYucG9tCg=="",""timestamp"":""2026-08-22T15:29:42.730812152Z""}"
"[INFO] Downloaded from central: https://repo.maven.apache.org/maven2/org/slf4j/slf4j-api/1.7.36/slf4j-api-1.7.36.pom (2.7 kB at 110 kB/s)
",2026-08-22T15:29:42.755611941Z,info,"{""serviceId"":""87697b40-66d1-4a58-89e6-1068a09cbf8c"",""deploymentId"":""d6c8c3b8-3bb6-45c0-bc76-a9729ab89f82"",""deploymentInstanceId"":null}","{""level"":""info"",""source"":""buildkit"",""type"":""log"",""vertex"":""sha256:5123184c115415746b9e45a79609be5df6469d0b755767bd2a7f4b208b8cff02"",""stream"":1,""data"":""W0lORk9dIERvd25sb2FkZWQgZnJvbSBjZW50cmFsOiBodHRwczovL3JlcG8ubWF2ZW4uYXBhY2hlLm9yZy9tYXZlbjIvb3JnL3NsZjRqL3NsZjRqLWFwaS8xLjcuMzYvc2xmNGotYXBpLTEuNy4zNi5wb20gKDIuNyBrQiBhdCAxMTAga0IvcykK"",""timestamp"":""2026-08-22T15:29:42.755611941Z""}"
"[INFO] Downloading from central: https://repo.maven.apache.org/maven2/org/slf4j/slf4j-parent/1.7.36/slf4j-parent-1.7.36.pom
",2026-08-22T15:29:42.758288707Z,info,"{""serviceId"":""87697b40-66d1-4a58-89e6-1068a09cbf8c"",""deploymentId"":""d6c8c3b8-3bb6-45c0-bc76-a9729ab89f82"",""deploymentInstanceId"":null}","{""level"":""info"",""source"":""buildkit"",""type"":""log"",""vertex"":""sha256:5123184c115415746b9e45a79609be5df6469d0b755767bd2a7f4b208b8cff02"",""stream"":1,""data"":""W0lORk9dIERvd25sb2FkaW5nIGZyb20gY2VudHJhbDogaHR0cHM6Ly9yZXBvLm1hdmVuLmFwYWNoZS5vcmcvbWF2ZW4yL29yZy9zbGY0ai9zbGY0ai1wYXJlbnQvMS43LjM2L3NsZjRqLXBhcmVudC0xLjcuMzYucG9tCg=="",""timestamp"":""2026-08-22T15:29:42.758288707Z""}"
"[INFO] Downloaded from central: https://repo.maven.apache.org/maven2/org/slf4j/slf4j-parent/1.7.36/slf4j-parent-1.7.36.pom (14 kB at 613 kB/s)
",2026-08-22T15:29:42.781829307Z,info,"{""serviceId"":""87697b40-66d1-4a58-89e6-1068a09cbf8c"",""deploymentId"":""d6c8c3b8-3bb6-45c0-bc76-a9729ab89f82"",""deploymentInstanceId"":null}","{""level"":""info"",""source"":""buildkit"",""type"":""log"",""vertex"":""sha256:5123184c115415746b9e45a79609be5df6469d0b755767bd2a7f4b208b8cff02"",""stream"":1,""data"":""W0lORk9dIERvd25sb2FkZWQgZnJvbSBjZW50cmFsOiBodHRwczovL3JlcG8ubWF2ZW4uYXBhY2hlLm9yZy9tYXZlbjIvb3JnL3NsZjRqL3NsZjRqLXBhcmVudC8xLjcuMzYvc2xmNGotcGFyZW50LTEuNy4zNi5wb20gKDE0IGtCIGF0IDYxMyBrQi9zKQo="",""timestamp"":""2026-08-22T15:29:42.781829307Z""}"
"[INFO] Downloading from central: https://repo.maven.apache.org/maven2/commons-io/commons-io/2.11.0/commons-io-2.11.0.pom
",2026-08-22T15:29:42.785879194Z,info,"{""serviceId"":""87697b40-66d1-4a58-89e6-1068a09cbf8c"",""deploymentId"":""d6c8c3b8-3bb6-45c0-bc76-a9729ab89f82"",""deploymentInstanceId"":null}","{""level"":""info"",""source"":""buildkit"",""type"":""log"",""vertex"":""sha256:5123184c115415746b9e45a79609be5df6469d0b755767bd2a7f4b208b8cff02"",""stream"":1,""data"":""W0lORk9dIERvd25sb2FkaW5nIGZyb20gY2VudHJhbDogaHR0cHM6Ly9yZXBvLm1hdmVuLmFwYWNoZS5vcmcvbWF2ZW4yL2NvbW1vbnMtaW8vY29tbW9ucy1pby8yLjExLjAvY29tbW9ucy1pby0yLjExLjAucG9tCg=="",""timestamp"":""2026-08-22T15:29:42.785879194Z""}"
"[INFO] Downloaded from central: https://repo.maven.apache.org/maven2/commons-io/commons-io/2.11.0/commons-io-2.11.0.pom (20 kB at 636 kB/s)
",2026-08-22T15:29:42.816604634Z,info,"{""serviceId"":""87697b40-66d1-4a58-89e6-1068a09cbf8c"",""deploymentId"":""d6c8c3b8-3bb6-45c0-bc76-a9729ab89f82"",""deploymentInstanceId"":null}","{""level"":""info"",""source"":""buildkit"",""type"":""log"",""vertex"":""sha256:5123184c115415746b9e45a79609be5df6469d0b755767bd2a7f4b208b8cff02"",""stream"":1,""data"":""W0lORk9dIERvd25sb2FkZWQgZnJvbSBjZW50cmFsOiBodHRwczovL3JlcG8ubWF2ZW4uYXBhY2hlLm9yZy9tYXZlbjIvY29tbW9ucy1pby9jb21tb25zLWlvLzIuMTEuMC9jb21tb25zLWlvLTIuMTEuMC5wb20gKDIwIGtCIGF0IDYzNiBrQi9zKQo="",""timestamp"":""2026-08-22T15:29:42.816604634Z""}"
"[INFO] Downloading from central: https://repo.maven.apache.org/maven2/org/apache/commons/commons-parent/52/commons-parent-52.pom
",2026-08-22T15:29:42.820309843Z,info,"{""serviceId"":""87697b40-66d1-4a58-89e6-1068a09cbf8c"",""deploymentId"":""d6c8c3b8-3bb6-45c0-bc76-a9729ab89f82"",""deploymentInstanceId"":null}","{""level"":""info"",""source"":""buildkit"",""type"":""log"",""vertex"":""sha256:5123184c115415746b9e45a79609be5df6469d0b755767bd2a7f4b208b8cff02"",""stream"":1,""data"":""W0lORk9dIERvd25sb2FkaW5nIGZyb20gY2VudHJhbDogaHR0cHM6Ly9yZXBvLm1hdmVuLmFwYWNoZS5vcmcvbWF2ZW4yL29yZy9hcGFjaGUvY29tbW9ucy9jb21tb25zLXBhcmVudC81Mi9jb21tb25zLXBhcmVudC01Mi5wb20K"",""timestamp"":""2026-08-22T15:29:42.820309843Z""}"
"[INFO] Downloaded from central: https://repo.maven.apache.org/maven2/org/apache/commons/commons-parent/52/commons-parent-52.pom (79 kB at 2.8 MB/s)
",2026-08-22T15:29:42.848489564Z,info,"{""serviceId"":""87697b40-66d1-4a58-89e6-1068a09cbf8c"",""deploymentId"":""d6c8c3b8-3bb6-45c0-bc76-a9729ab89f82"",""deploymentInstanceId"":null}","{""level"":""info"",""source"":""buildkit"",""type"":""log"",""vertex"":""sha256:5123184c115415746b9e45a79609be5df6469d0b755767bd2a7f4b208b8cff02"",""stream"":1,""data"":""W0lORk9dIERvd25sb2FkZWQgZnJvbSBjZW50cmFsOiBodHRwczovL3JlcG8ubWF2ZW4uYXBhY2hlLm9yZy9tYXZlbjIvb3JnL2FwYWNoZS9jb21tb25zL2NvbW1vbnMtcGFyZW50LzUyL2NvbW1vbnMtcGFyZW50LTUyLnBvbSAoNzkga0IgYXQgMi44IE1CL3MpCg=="",""timestamp"":""2026-08-22T15:29:42.848489564Z""}"
"[INFO] Downloading from central: https://repo.maven.apache.org/maven2/org/apache/apache/23/apache-23.pom
",2026-08-22T15:29:42.863133766Z,info,"{""serviceId"":""87697b40-66d1-4a58-89e6-1068a09cbf8c"",""deploymentId"":""d6c8c3b8-3bb6-45c0-bc76-a9729ab89f82"",""deploymentInstanceId"":null}","{""level"":""info"",""source"":""buildkit"",""type"":""log"",""vertex"":""sha256:5123184c115415746b9e45a79609be5df6469d0b755767bd2a7f4b208b8cff02"",""stream"":1,""data"":""W0lORk9dIERvd25sb2FkaW5nIGZyb20gY2VudHJhbDogaHR0cHM6Ly9yZXBvLm1hdmVuLmFwYWNoZS5vcmcvbWF2ZW4yL29yZy9hcGFjaGUvYXBhY2hlLzIzL2FwYWNoZS0yMy5wb20K"",""timestamp"":""2026-08-22T15:29:42.863133766Z""}"
"[INFO] Downloaded from central: https://repo.maven.apache.org/maven2/org/apache/apache/23/apache-23.pom (18 kB at 737 kB/s)
",2026-08-22T15:29:42.887559324Z,info,"{""serviceId"":""87697b40-66d1-4a58-89e6-1068a09cbf8c"",""deploymentId"":""d6c8c3b8-3bb6-45c0-bc76-a9729ab89f82"",""deploymentInstanceId"":null}","{""level"":""info"",""source"":""buildkit"",""type"":""log"",""vertex"":""sha256:5123184c115415746b9e45a79609be5df6469d0b755767bd2a7f4b208b8cff02"",""stream"":1,""data"":""W0lORk9dIERvd25sb2FkZWQgZnJvbSBjZW50cmFsOiBodHRwczovL3JlcG8ubWF2ZW4uYXBhY2hlLm9yZy9tYXZlbjIvb3JnL2FwYWNoZS9hcGFjaGUvMjMvYXBhY2hlLTIzLnBvbSAoMTgga0IgYXQgNzM3IGtCL3MpCg=="",""timestamp"":""2026-08-22T15:29:42.887559324Z""}"
"[INFO] Downloading from central: https://repo.maven.apache.org/maven2/org/junit/junit-bom/5.7.2/junit-bom-5.7.2.pom
",2026-08-22T15:29:42.89292859Z,info,"{""serviceId"":""87697b40-66d1-4a58-89e6-1068a09cbf8c"",""deploymentId"":""d6c8c3b8-3bb6-45c0-bc76-a9729ab89f82"",""deploymentInstanceId"":null}","{""level"":""info"",""source"":""buildkit"",""type"":""log"",""vertex"":""sha256:5123184c115415746b9e45a79609be5df6469d0b755767bd2a7f4b208b8cff02"",""stream"":1,""data"":""W0lORk9dIERvd25sb2FkaW5nIGZyb20gY2VudHJhbDogaHR0cHM6Ly9yZXBvLm1hdmVuLmFwYWNoZS5vcmcvbWF2ZW4yL29yZy9qdW5pdC9qdW5pdC1ib20vNS43LjIvanVuaXQtYm9tLTUuNy4yLnBvbQo="",""timestamp"":""2026-08-22T15:29:42.89292859Z""}"
"[INFO] Downloaded from central: https://repo.maven.apache.org/maven2/org/junit/junit-bom/5.7.2/junit-bom-5.7.2.pom (5.1 kB at 196 kB/s)
",2026-08-22T15:29:42.918239917Z,info,"{""serviceId"":""87697b40-66d1-4a58-89e6-1068a09cbf8c"",""deploymentId"":""d6c8c3b8-3bb6-45c0-bc76-a9729ab89f82"",""deploymentInstanceId"":null}","{""level"":""info"",""source"":""buildkit"",""type"":""log"",""vertex"":""sha256:5123184c115415746b9e45a79609be5df6469d0b755767bd2a7f4b208b8cff02"",""stream"":1,""data"":""W0lORk9dIERvd25sb2FkZWQgZnJvbSBjZW50cmFsOiBodHRwczovL3JlcG8ubWF2ZW4uYXBhY2hlLm9yZy9tYXZlbjIvb3JnL2p1bml0L2p1bml0LWJvbS81LjcuMi9qdW5pdC1ib20tNS43LjIucG9tICg1LjEga0IgYXQgMTk2IGtCL3MpCg=="",""timestamp"":""2026-08-22T15:29:42.918239917Z""}"
"[INFO] Downloading from central: https://repo.maven.apache.org/maven2/org/apache/maven/doxia/doxia-site-model/2.0.0/doxia-site-model-2.0.0.pom
",2026-08-22T15:29:42.920089983Z,info,"{""serviceId"":""87697b40-66d1-4a58-89e6-1068a09cbf8c"",""deploymentId"":""d6c8c3b8-3bb6-45c0-bc76-a9729ab89f82"",""deploymentInstanceId"":null}","{""level"":""info"",""source"":""buildkit"",""type"":""log"",""vertex"":""sha256:5123184c115415746b9e45a79609be5df6469d0b755767bd2a7f4b208b8cff02"",""stream"":1,""data"":""W0lORk9dIERvd25sb2FkaW5nIGZyb20gY2VudHJhbDogaHR0cHM6Ly9yZXBvLm1hdmVuLmFwYWNoZS5vcmcvbWF2ZW4yL29yZy9hcGFjaGUvbWF2ZW4vZG94aWEvZG94aWEtc2l0ZS1tb2RlbC8yLjAuMC9kb3hpYS1zaXRlLW1vZGVsLTIuMC4wLnBvbQo="",""timestamp"":""2026-08-22T15:29:42.920089983Z""}"
"[INFO] Downloaded from central: https://repo.maven.apache.org/maven2/org/apache/maven/doxia/doxia-site-model/2.0.0/doxia-site-model-2.0.0.pom (5.8 kB at 171 kB/s)
",2026-08-22T15:29:42.95413281Z,info,"{""serviceId"":""87697b40-66d1-4a58-89e6-1068a09cbf8c"",""deploymentId"":""d6c8c3b8-3bb6-45c0-bc76-a9729ab89f82"",""deploymentInstanceId"":null}","{""level"":""info"",""source"":""buildkit"",""type"":""log"",""vertex"":""sha256:5123184c115415746b9e45a79609be5df6469d0b755767bd2a7f4b208b8cff02"",""stream"":1,""data"":""W0lORk9dIERvd25sb2FkZWQgZnJvbSBjZW50cmFsOiBodHRwczovL3JlcG8ubWF2ZW4uYXBhY2hlLm9yZy9tYXZlbjIvb3JnL2FwYWNoZS9tYXZlbi9kb3hpYS9kb3hpYS1zaXRlLW1vZGVsLzIuMC4wL2RveGlhLXNpdGUtbW9kZWwtMi4wLjAucG9tICg1Ljgga0IgYXQgMTcxIGtCL3MpCg=="",""timestamp"":""2026-08-22T15:29:42.95413281Z""}"
"[INFO] Downloading from central: https://repo.maven.apache.org/maven2/org/apache/maven/doxia/doxia-sitetools/2.0.0/doxia-sitetools-2.0.0.pom
",2026-08-22T15:29:42.956373973Z,info,"{""serviceId"":""87697b40-66d1-4a58-89e6-1068a09cbf8c"",""deploymentId"":""d6c8c3b8-3bb6-45c0-bc76-a9729ab89f82"",""deploymentInstanceId"":null}","{""level"":""info"",""source"":""buildkit"",""type"":""log"",""vertex"":""sha256:5123184c115415746b9e45a79609be5df6469d0b755767bd2a7f4b208b8cff02"",""stream"":1,""data"":""W0lORk9dIERvd25sb2FkaW5nIGZyb20gY2VudHJhbDogaHR0cHM6Ly9yZXBvLm1hdmVuLmFwYWNoZS5vcmcvbWF2ZW4yL29yZy9hcGFjaGUvbWF2ZW4vZG94aWEvZG94aWEtc2l0ZXRvb2xzLzIuMC4wL2RveGlhLXNpdGV0b29scy0yLjAuMC5wb20K"",""timestamp"":""2026-08-22T15:29:42.956373973Z""}"
"[INFO] Downloaded from central: https://repo.maven.apache.org/maven2/org/apache/maven/doxia/doxia-sitetools/2.0.0/doxia-sitetools-2.0.0.pom (12 kB at 443 kB/s)
",2026-08-22T15:29:42.983730759Z,info,"{""serviceId"":""87697b40-66d1-4a58-89e6-1068a09cbf8c"",""deploymentId"":""d6c8c3b8-3bb6-45c0-bc76-a9729ab89f82"",""deploymentInstanceId"":null}","{""level"":""info"",""source"":""buildkit"",""type"":""log"",""vertex"":""sha256:5123184c115415746b9e45a79609be5df6469d0b755767bd2a7f4b208b8cff02"",""stream"":1,""data"":""W0lORk9dIERvd25sb2FkZWQgZnJvbSBjZW50cmFsOiBodHRwczovL3JlcG8ubWF2ZW4uYXBhY2hlLm9yZy9tYXZlbjIvb3JnL2FwYWNoZS9tYXZlbi9kb3hpYS9kb3hpYS1zaXRldG9vbHMvMi4wLjAvZG94aWEtc2l0ZXRvb2xzLTIuMC4wLnBvbSAoMTIga0IgYXQgNDQzIGtCL3MpCg=="",""timestamp"":""2026-08-22T15:29:42.983730759Z""}"
"[INFO] Downloading from central: https://repo.maven.apache.org/maven2/org/eclipse/sisu/org.eclipse.sisu.plexus/0.9.0.M3/org.eclipse.sisu.plexus-0.9.0.M3.pom
",2026-08-22T15:29:42.988164862Z,info,"{""serviceId"":""87697b40-66d1-4a58-89e6-1068a09cbf8c"",""deploymentId"":""d6c8c3b8-3bb6-45c0-bc76-a9729ab89f82"",""deploymentInstanceId"":null}","{""level"":""info"",""source"":""buildkit"",""type"":""log"",""vertex"":""sha256:5123184c115415746b9e45a79609be5df6469d0b755767bd2a7f4b208b8cff02"",""stream"":1,""data"":""W0lORk9dIERvd25sb2FkaW5nIGZyb20gY2VudHJhbDogaHR0cHM6Ly9yZXBvLm1hdmVuLmFwYWNoZS5vcmcvbWF2ZW4yL29yZy9lY2xpcHNlL3Npc3Uvb3JnLmVjbGlwc2Uuc2lzdS5wbGV4dXMvMC45LjAuTTMvb3JnLmVjbGlwc2Uuc2lzdS5wbGV4dXMtMC45LjAuTTMucG9tCg=="",""timestamp"":""2026-08-22T15:29:42.988164862Z""}"
"[INFO] Downloaded from central: https://repo.maven.apache.org/maven2/org/eclipse/sisu/org.eclipse.sisu.plexus/0.9.0.M3/org.eclipse.sisu.plexus-0.9.0.M3.pom (17 kB at 655 kB/s)
",2026-08-22T15:29:43.014202228Z,info,"{""serviceId"":""87697b40-66d1-4a58-89e6-1068a09cbf8c"",""deploymentId"":""d6c8c3b8-3bb6-45c0-bc76-a9729ab89f82"",""deploymentInstanceId"":null}","{""level"":""info"",""source"":""buildkit"",""type"":""log"",""vertex"":""sha256:5123184c115415746b9e45a79609be5df6469d0b755767bd2a7f4b208b8cff02"",""stream"":1,""data"":""W0lORk9dIERvd25sb2FkZWQgZnJvbSBjZW50cmFsOiBodHRwczovL3JlcG8ubWF2ZW4uYXBhY2hlLm9yZy9tYXZlbjIvb3JnL2VjbGlwc2Uvc2lzdS9vcmcuZWNsaXBzZS5zaXN1LnBsZXh1cy8wLjkuMC5NMy9vcmcuZWNsaXBzZS5zaXN1LnBsZXh1cy0wLjkuMC5NMy5wb20gKDE3IGtCIGF0IDY1NSBrQi9zKQo="",""timestamp"":""2026-08-22T15:29:43.014202228Z""}"
"[INFO] Downloading from central: https://repo.maven.apache.org/maven2/org/eclipse/sisu/sisu-inject/0.9.0.M3/sisu-inject-0.9.0.M3.pom
",2026-08-22T15:29:43.016590702Z,info,"{""serviceId"":""87697b40-66d1-4a58-89e6-1068a09cbf8c"",""deploymentId"":""d6c8c3b8-3bb6-45c0-bc76-a9729ab89f82"",""deploymentInstanceId"":null}","{""level"":""info"",""source"":""buildkit"",""type"":""log"",""vertex"":""sha256:5123184c115415746b9e45a79609be5df6469d0b755767bd2a7f4b208b8cff02"",""stream"":1,""data"":""W0lORk9dIERvd25sb2FkaW5nIGZyb20gY2VudHJhbDogaHR0cHM6Ly9yZXBvLm1hdmVuLmFwYWNoZS5vcmcvbWF2ZW4yL29yZy9lY2xpcHNlL3Npc3Uvc2lzdS1pbmplY3QvMC45LjAuTTMvc2lzdS1pbmplY3QtMC45LjAuTTMucG9tCg=="",""timestamp"":""2026-08-22T15:29:43.016590702Z""}"
"[INFO] Downloaded from central: https://repo.maven.apache.org/maven2/org/eclipse/sisu/sisu-inject/0.9.0.M3/sisu-inject-0.9.0.M3.pom (24 kB at 904 kB/s)
",2026-08-22T15:29:43.042784062Z,info,"{""serviceId"":""87697b40-66d1-4a58-89e6-1068a09cbf8c"",""deploymentId"":""d6c8c3b8-3bb6-45c0-bc76-a9729ab89f82"",""deploymentInstanceId"":null}","{""level"":""info"",""source"":""buildkit"",""type"":""log"",""vertex"":""sha256:5123184c115415746b9e45a79609be5df6469d0b755767bd2a7f4b208b8cff02"",""stream"":1,""data"":""W0lORk9dIERvd25sb2FkZWQgZnJvbSBjZW50cmFsOiBodHRwczovL3JlcG8ubWF2ZW4uYXBhY2hlLm9yZy9tYXZlbjIvb3JnL2VjbGlwc2Uvc2lzdS9zaXN1LWluamVjdC8wLjkuMC5NMy9zaXN1LWluamVjdC0wLjkuMC5NMy5wb20gKDI0IGtCIGF0IDkwNCBrQi9zKQo="",""timestamp"":""2026-08-22T15:29:43.042784062Z""}"
"[INFO] Downloading from central: https://repo.maven.apache.org/maven2/org/eclipse/sisu/org.eclipse.sisu.inject/0.9.0.M3/org.eclipse.sisu.inject-0.9.0.M3.pom
",2026-08-22T15:29:43.046682682Z,info,"{""serviceId"":""87697b40-66d1-4a58-89e6-1068a09cbf8c"",""deploymentId"":""d6c8c3b8-3bb6-45c0-bc76-a9729ab89f82"",""deploymentInstanceId"":null}","{""level"":""info"",""source"":""buildkit"",""type"":""log"",""vertex"":""sha256:5123184c115415746b9e45a79609be5df6469d0b755767bd2a7f4b208b8cff02"",""stream"":1,""data"":""W0lORk9dIERvd25sb2FkaW5nIGZyb20gY2VudHJhbDogaHR0cHM6Ly9yZXBvLm1hdmVuLmFwYWNoZS5vcmcvbWF2ZW4yL29yZy9lY2xpcHNlL3Npc3Uvb3JnLmVjbGlwc2Uuc2lzdS5pbmplY3QvMC45LjAuTTMvb3JnLmVjbGlwc2Uuc2lzdS5pbmplY3QtMC45LjAuTTMucG9tCg=="",""timestamp"":""2026-08-22T15:29:43.046682682Z""}"
"[INFO] Downloaded from central: https://repo.maven.apache.org/maven2/org/eclipse/sisu/org.eclipse.sisu.inject/0.9.0.M3/org.eclipse.sisu.inject-0.9.0.M3.pom (20 kB at 817 kB/s)
",2026-08-22T15:29:43.071192506Z,info,"{""serviceId"":""87697b40-66d1-4a58-89e6-1068a09cbf8c"",""deploymentId"":""d6c8c3b8-3bb6-45c0-bc76-a9729ab89f82"",""deploymentInstanceId"":null}","{""level"":""info"",""source"":""buildkit"",""type"":""log"",""vertex"":""sha256:5123184c115415746b9e45a79609be5df6469d0b755767bd2a7f4b208b8cff02"",""stream"":1,""data"":""W0lORk9dIERvd25sb2FkZWQgZnJvbSBjZW50cmFsOiBodHRwczovL3JlcG8ubWF2ZW4uYXBhY2hlLm9yZy9tYXZlbjIvb3JnL2VjbGlwc2Uvc2lzdS9vcmcuZWNsaXBzZS5zaXN1LmluamVjdC8wLjkuMC5NMy9vcmcuZWNsaXBzZS5zaXN1LmluamVjdC0wLjkuMC5NMy5wb20gKDIwIGtCIGF0IDgxNyBrQi9zKQo="",""timestamp"":""2026-08-22T15:29:43.071192506Z""}"
"[INFO] Downloading from central: https://repo.maven.apache.org/maven2/org/codehaus/plexus/plexus-component-annotations/2.1.0/plexus-component-annotations-2.1.0.pom
",2026-08-22T15:29:43.074822833Z,info,"{""serviceId"":""87697b40-66d1-4a58-89e6-1068a09cbf8c"",""deploymentId"":""d6c8c3b8-3bb6-45c0-bc76-a9729ab89f82"",""deploymentInstanceId"":null}","{""level"":""info"",""source"":""buildkit"",""type"":""log"",""vertex"":""sha256:5123184c115415746b9e45a79609be5df6469d0b755767bd2a7f4b208b8cff02"",""stream"":1,""data"":""W0lORk9dIERvd25sb2FkaW5nIGZyb20gY2VudHJhbDogaHR0cHM6Ly9yZXBvLm1hdmVuLmFwYWNoZS5vcmcvbWF2ZW4yL29yZy9jb2RlaGF1cy9wbGV4dXMvcGxleHVzLWNvbXBvbmVudC1hbm5vdGF0aW9ucy8yLjEuMC9wbGV4dXMtY29tcG9uZW50LWFubm90YXRpb25zLTIuMS4wLnBvbQo="",""timestamp"":""2026-08-22T15:29:43.074822833Z""}"
"[INFO] Downloaded from central: https://repo.maven.apache.org/maven2/org/codehaus/plexus/plexus-component-annotations/2.1.0/plexus-component-annotations-2.1.0.pom (750 B at 30 kB/s)
",2026-08-22T15:29:43.100152007Z,info,"{""serviceId"":""87697b40-66d1-4a58-89e6-1068a09cbf8c"",""deploymentId"":""d6c8c3b8-3bb6-45c0-bc76-a9729ab89f82"",""deploymentInstanceId"":null}","{""level"":""info"",""source"":""buildkit"",""type"":""log"",""vertex"":""sha256:5123184c115415746b9e45a79609be5df6469d0b755767bd2a7f4b208b8cff02"",""stream"":1,""data"":""W0lORk9dIERvd25sb2FkZWQgZnJvbSBjZW50cmFsOiBodHRwczovL3JlcG8ubWF2ZW4uYXBhY2hlLm9yZy9tYXZlbjIvb3JnL2NvZGVoYXVzL3BsZXh1cy9wbGV4dXMtY29tcG9uZW50LWFubm90YXRpb25zLzIuMS4wL3BsZXh1cy1jb21wb25lbnQtYW5ub3RhdGlvbnMtMi4xLjAucG9tICg3NTAgQiBhdCAzMCBrQi9zKQo="",""timestamp"":""2026-08-22T15:29:43.100152007Z""}"
"[INFO] Downloading from central: https://repo.maven.apache.org/maven2/org/codehaus/plexus/plexus-containers/2.1.0/plexus-containers-2.1.0.pom
",2026-08-22T15:29:43.101948532Z,info,"{""serviceId"":""87697b40-66d1-4a58-89e6-1068a09cbf8c"",""deploymentId"":""d6c8c3b8-3bb6-45c0-bc76-a9729ab89f82"",""deploymentInstanceId"":null}","{""level"":""info"",""source"":""buildkit"",""type"":""log"",""vertex"":""sha256:5123184c115415746b9e45a79609be5df6469d0b755767bd2a7f4b208b8cff02"",""stream"":1,""data"":""W0lORk9dIERvd25sb2FkaW5nIGZyb20gY2VudHJhbDogaHR0cHM6Ly9yZXBvLm1hdmVuLmFwYWNoZS5vcmcvbWF2ZW4yL29yZy9jb2RlaGF1cy9wbGV4dXMvcGxleHVzLWNvbnRhaW5lcnMvMi4xLjAvcGxleHVzLWNvbnRhaW5lcnMtMi4xLjAucG9tCg=="",""timestamp"":""2026-08-22T15:29:43.101948532Z""}"
"[INFO] Downloaded from central: https://repo.maven.apache.org/maven2/org/codehaus/plexus/plexus-containers/2.1.0/plexus-containers-2.1.0.pom (4.8 kB at 218 kB/s)
",2026-08-22T15:29:43.123703303Z,info,"{""serviceId"":""87697b40-66d1-4a58-89e6-1068a09cbf8c"",""deploymentId"":""d6c8c3b8-3bb6-45c0-bc76-a9729ab89f82"",""deploymentInstanceId"":null}","{""level"":""info"",""source"":""buildkit"",""type"":""log"",""vertex"":""sha256:5123184c115415746b9e45a79609be5df6469d0b755767bd2a7f4b208b8cff02"",""stream"":1,""data"":""W0lORk9dIERvd25sb2FkZWQgZnJvbSBjZW50cmFsOiBodHRwczovL3JlcG8ubWF2ZW4uYXBhY2hlLm9yZy9tYXZlbjIvb3JnL2NvZGVoYXVzL3BsZXh1cy9wbGV4dXMtY29udGFpbmVycy8yLjEuMC9wbGV4dXMtY29udGFpbmVycy0yLjEuMC5wb20gKDQuOCBrQiBhdCAyMTgga0IvcykK"",""timestamp"":""2026-08-22T15:29:43.123703303Z""}"
"[INFO] Downloading from central: https://repo.maven.apache.org/maven2/org/codehaus/plexus/plexus/5.1/plexus-5.1.pom
",2026-08-22T15:29:43.125420379Z,info,"{""serviceId"":""87697b40-66d1-4a58-89e6-1068a09cbf8c"",""deploymentId"":""d6c8c3b8-3bb6-45c0-bc76-a9729ab89f82"",""deploymentInstanceId"":null}","{""level"":""info"",""source"":""buildkit"",""type"":""log"",""vertex"":""sha256:5123184c115415746b9e45a79609be5df6469d0b755767bd2a7f4b208b8cff02"",""stream"":1,""data"":""W0lORk9dIERvd25sb2FkaW5nIGZyb20gY2VudHJhbDogaHR0cHM6Ly9yZXBvLm1hdmVuLmFwYWNoZS5vcmcvbWF2ZW4yL29yZy9jb2RlaGF1cy9wbGV4dXMvcGxleHVzLzUuMS9wbGV4dXMtNS4xLnBvbQo="",""timestamp"":""2026-08-22T15:29:43.125420379Z""}"
"[INFO] Downloaded from central: https://repo.maven.apache.org/maven2/org/codehaus/plexus/plexus/5.1/plexus-5.1.pom (23 kB at 978 kB/s)
",2026-08-22T15:29:43.148409953Z,info,"{""serviceId"":""87697b40-66d1-4a58-89e6-1068a09cbf8c"",""deploymentId"":""d6c8c3b8-3bb6-45c0-bc76-a9729ab89f82"",""deploymentInstanceId"":null}","{""level"":""info"",""source"":""buildkit"",""type"":""log"",""vertex"":""sha256:5123184c115415746b9e45a79609be5df6469d0b755767bd2a7f4b208b8cff02"",""stream"":1,""data"":""W0lORk9dIERvd25sb2FkZWQgZnJvbSBjZW50cmFsOiBodHRwczovL3JlcG8ubWF2ZW4uYXBhY2hlLm9yZy9tYXZlbjIvb3JnL2NvZGVoYXVzL3BsZXh1cy9wbGV4dXMvNS4xL3BsZXh1cy01LjEucG9tICgyMyBrQiBhdCA5Nzgga0IvcykK"",""timestamp"":""2026-08-22T15:29:43.148409953Z""}"
"[INFO] Downloading from central: https://repo.maven.apache.org/maven2/org/codehaus/plexus/plexus-classworlds/2.6.0/plexus-classworlds-2.6.0.pom
",2026-08-22T15:29:43.151892238Z,info,"{""serviceId"":""87697b40-66d1-4a58-89e6-1068a09cbf8c"",""deploymentId"":""d6c8c3b8-3bb6-45c0-bc76-a9729ab89f82"",""deploymentInstanceId"":null}","{""level"":""info"",""source"":""buildkit"",""type"":""log"",""vertex"":""sha256:5123184c115415746b9e45a79609be5df6469d0b755767bd2a7f4b208b8cff02"",""stream"":1,""data"":""W0lORk9dIERvd25sb2FkaW5nIGZyb20gY2VudHJhbDogaHR0cHM6Ly9yZXBvLm1hdmVuLmFwYWNoZS5vcmcvbWF2ZW4yL29yZy9jb2RlaGF1cy9wbGV4dXMvcGxleHVzLWNsYXNzd29ybGRzLzIuNi4wL3BsZXh1cy1jbGFzc3dvcmxkcy0yLjYuMC5wb20K"",""timestamp"":""2026-08-22T15:29:43.151892238Z""}"
"[INFO] Downloaded from central: https://repo.maven.apache.org/maven2/org/codehaus/plexus/plexus-classworlds/2.6.0/plexus-classworlds-2.6.0.pom (7.9 kB at 316 kB/s)
",2026-08-22T15:29:43.176299167Z,info,"{""serviceId"":""87697b40-66d1-4a58-89e6-1068a09cbf8c"",""deploymentId"":""d6c8c3b8-3bb6-45c0-bc76-a9729ab89f82"",""deploymentInstanceId"":null}","{""level"":""info"",""source"":""buildkit"",""type"":""log"",""vertex"":""sha256:5123184c115415746b9e45a79609be5df6469d0b755767bd2a7f4b208b8cff02"",""stream"":1,""data"":""W0lORk9dIERvd25sb2FkZWQgZnJvbSBjZW50cmFsOiBodHRwczovL3JlcG8ubWF2ZW4uYXBhY2hlLm9yZy9tYXZlbjIvb3JnL2NvZGVoYXVzL3BsZXh1cy9wbGV4dXMtY2xhc3N3b3JsZHMvMi42LjAvcGxleHVzLWNsYXNzd29ybGRzLTIuNi4wLnBvbSAoNy45IGtCIGF0IDMxNiBrQi9zKQo="",""timestamp"":""2026-08-22T15:29:43.176299167Z""}"
"[INFO] Downloading from central: https://repo.maven.apache.org/maven2/org/codehaus/plexus/plexus-xml/3.0.1/plexus-xml-3.0.1.pom
",2026-08-22T15:29:43.179746971Z,info,"{""serviceId"":""87697b40-66d1-4a58-89e6-1068a09cbf8c"",""deploymentId"":""d6c8c3b8-3bb6-45c0-bc76-a9729ab89f82"",""deploymentInstanceId"":null}","{""level"":""info"",""source"":""buildkit"",""type"":""log"",""vertex"":""sha256:5123184c115415746b9e45a79609be5df6469d0b755767bd2a7f4b208b8cff02"",""stream"":1,""data"":""W0lORk9dIERvd25sb2FkaW5nIGZyb20gY2VudHJhbDogaHR0cHM6Ly9yZXBvLm1hdmVuLmFwYWNoZS5vcmcvbWF2ZW4yL29yZy9jb2RlaGF1cy9wbGV4dXMvcGxleHVzLXhtbC8zLjAuMS9wbGV4dXMteG1sLTMuMC4xLnBvbQo="",""timestamp"":""2026-08-22T15:29:43.179746971Z""}"
"[INFO] Downloaded from central: https://repo.maven.apache.org/maven2/org/codehaus/plexus/plexus-xml/3.0.1/plexus-xml-3.0.1.pom (3.7 kB at 142 kB/s)
",2026-08-22T15:29:43.205515514Z,info,"{""serviceId"":""87697b40-66d1-4a58-89e6-1068a09cbf8c"",""deploymentId"":""d6c8c3b8-3bb6-45c0-bc76-a9729ab89f82"",""deploymentInstanceId"":null}","{""level"":""info"",""source"":""buildkit"",""type"":""log"",""vertex"":""sha256:5123184c115415746b9e45a79609be5df6469d0b755767bd2a7f4b208b8cff02"",""stream"":1,""data"":""W0lORk9dIERvd25sb2FkZWQgZnJvbSBjZW50cmFsOiBodHRwczovL3JlcG8ubWF2ZW4uYXBhY2hlLm9yZy9tYXZlbjIvb3JnL2NvZGVoYXVzL3BsZXh1cy9wbGV4dXMteG1sLzMuMC4xL3BsZXh1cy14bWwtMy4wLjEucG9tICgzLjcga0IgYXQgMTQyIGtCL3MpCg=="",""timestamp"":""2026-08-22T15:29:43.205515514Z""}"
"[INFO] Downloading from central: https://repo.maven.apache.org/maven2/org/codehaus/plexus/plexus/18/plexus-18.pom
",2026-08-22T15:29:43.207458959Z,info,"{""serviceId"":""87697b40-66d1-4a58-89e6-1068a09cbf8c"",""deploymentId"":""d6c8c3b8-3bb6-45c0-bc76-a9729ab89f82"",""deploymentInstanceId"":null}","{""level"":""info"",""source"":""buildkit"",""type"":""log"",""vertex"":""sha256:5123184c115415746b9e45a79609be5df6469d0b755767bd2a7f4b208b8cff02"",""stream"":1,""data"":""W0lORk9dIERvd25sb2FkaW5nIGZyb20gY2VudHJhbDogaHR0cHM6Ly9yZXBvLm1hdmVuLmFwYWNoZS5vcmcvbWF2ZW4yL29yZy9jb2RlaGF1cy9wbGV4dXMvcGxleHVzLzE4L3BsZXh1cy0xOC5wb20K"",""timestamp"":""2026-08-22T15:29:43.207458959Z""}"
"[INFO] Downloaded from central: https://repo.maven.apache.org/maven2/org/codehaus/plexus/plexus/18/plexus-18.pom (29 kB at 1.3 MB/s)
",2026-08-22T15:29:43.231111117Z,info,"{""serviceId"":""87697b40-66d1-4a58-89e6-1068a09cbf8c"",""deploymentId"":""d6c8c3b8-3bb6-45c0-bc76-a9729ab89f82"",""deploymentInstanceId"":null}","{""level"":""info"",""source"":""buildkit"",""type"":""log"",""vertex"":""sha256:5123184c115415746b9e45a79609be5df6469d0b755767bd2a7f4b208b8cff02"",""stream"":1,""data"":""W0lORk9dIERvd25sb2FkZWQgZnJvbSBjZW50cmFsOiBodHRwczovL3JlcG8ubWF2ZW4uYXBhY2hlLm9yZy9tYXZlbjIvb3JnL2NvZGVoYXVzL3BsZXh1cy9wbGV4dXMvMTgvcGxleHVzLTE4LnBvbSAoMjkga0IgYXQgMS4zIE1CL3MpCg=="",""timestamp"":""2026-08-22T15:29:43.231111117Z""}"
"[INFO] Downloading from central: https://repo.maven.apache.org/maven2/javax/inject/javax.inject/1/javax.inject-1.pom
",2026-08-22T15:29:43.234913893Z,info,"{""serviceId"":""87697b40-66d1-4a58-89e6-1068a09cbf8c"",""deploymentId"":""d6c8c3b8-3bb6-45c0-bc76-a9729ab89f82"",""deploymentInstanceId"":null}","{""level"":""info"",""source"":""buildkit"",""type"":""log"",""vertex"":""sha256:5123184c115415746b9e45a79609be5df6469d0b755767bd2a7f4b208b8cff02"",""stream"":1,""data"":""W0lORk9dIERvd25sb2FkaW5nIGZyb20gY2VudHJhbDogaHR0cHM6Ly9yZXBvLm1hdmVuLmFwYWNoZS5vcmcvbWF2ZW4yL2phdmF4L2luamVjdC9qYXZheC5pbmplY3QvMS9qYXZheC5pbmplY3QtMS5wb20K"",""timestamp"":""2026-08-22T15:29:43.234913893Z""}"
"[INFO] Downloaded from central: https://repo.maven.apache.org/maven2/javax/inject/javax.inject/1/javax.inject-1.pom (612 B at 23 kB/s)
",2026-08-22T15:29:43.261676677Z,info,"{""serviceId"":""87697b40-66d1-4a58-89e6-1068a09cbf8c"",""deploymentId"":""d6c8c3b8-3bb6-45c0-bc76-a9729ab89f82"",""deploymentInstanceId"":null}","{""level"":""info"",""source"":""buildkit"",""type"":""log"",""vertex"":""sha256:5123184c115415746b9e45a79609be5df6469d0b755767bd2a7f4b208b8cff02"",""stream"":1,""data"":""W0lORk9dIERvd25sb2FkZWQgZnJvbSBjZW50cmFsOiBodHRwczovL3JlcG8ubWF2ZW4uYXBhY2hlLm9yZy9tYXZlbjIvamF2YXgvaW5qZWN0L2phdmF4LmluamVjdC8xL2phdmF4LmluamVjdC0xLnBvbSAoNjEyIEIgYXQgMjMga0IvcykK"",""timestamp"":""2026-08-22T15:29:43.261676677Z""}"
"[INFO] Downloading from central: https://repo.maven.apache.org/maven2/org/apache/maven/doxia/doxia-core/2.0.0/doxia-core-2.0.0.pom
",2026-08-22T15:29:43.264427795Z,info,"{""serviceId"":""87697b40-66d1-4a58-89e6-1068a09cbf8c"",""deploymentId"":""d6c8c3b8-3bb6-45c0-bc76-a9729ab89f82"",""deploymentInstanceId"":null}","{""level"":""info"",""source"":""buildkit"",""type"":""log"",""vertex"":""sha256:5123184c115415746b9e45a79609be5df6469d0b755767bd2a7f4b208b8cff02"",""stream"":1,""data"":""W0lORk9dIERvd25sb2FkaW5nIGZyb20gY2VudHJhbDogaHR0cHM6Ly9yZXBvLm1hdmVuLmFwYWNoZS5vcmcvbWF2ZW4yL29yZy9hcGFjaGUvbWF2ZW4vZG94aWEvZG94aWEtY29yZS8yLjAuMC9kb3hpYS1jb3JlLTIuMC4wLnBvbQo="",""timestamp"":""2026-08-22T15:29:43.264427795Z""}"
"[INFO] Downloaded from central: https://repo.maven.apache.org/maven2/org/apache/maven/doxia/doxia-core/2.0.0/doxia-core-2.0.0.pom (3.9 kB at 178 kB/s)
",2026-08-22T15:29:43.287075475Z,info,"{""serviceId"":""87697b40-66d1-4a58-89e6-1068a09cbf8c"",""deploymentId"":""d6c8c3b8-3bb6-45c0-bc76-a9729ab89f82"",""deploymentInstanceId"":null}","{""level"":""info"",""source"":""buildkit"",""type"":""log"",""vertex"":""sha256:5123184c115415746b9e45a79609be5df6469d0b755767bd2a7f4b208b8cff02"",""stream"":1,""data"":""W0lORk9dIERvd25sb2FkZWQgZnJvbSBjZW50cmFsOiBodHRwczovL3JlcG8ubWF2ZW4uYXBhY2hlLm9yZy9tYXZlbjIvb3JnL2FwYWNoZS9tYXZlbi9kb3hpYS9kb3hpYS1jb3JlLzIuMC4wL2RveGlhLWNvcmUtMi4wLjAucG9tICgzLjkga0IgYXQgMTc4IGtCL3MpCg=="",""timestamp"":""2026-08-22T15:29:43.287075475Z""}"
"[INFO] Downloading from central: https://repo.maven.apache.org/maven2/commons-io/commons-io/2.17.0/commons-io-2.17.0.pom
",2026-08-22T15:29:43.291527325Z,info,"{""serviceId"":""87697b40-66d1-4a58-89e6-1068a09cbf8c"",""deploymentId"":""d6c8c3b8-3bb6-45c0-bc76-a9729ab89f82"",""deploymentInstanceId"":null}","{""level"":""info"",""source"":""buildkit"",""type"":""log"",""vertex"":""sha256:5123184c115415746b9e45a79609be5df6469d0b755767bd2a7f4b208b8cff02"",""stream"":1,""data"":""W0lORk9dIERvd25sb2FkaW5nIGZyb20gY2VudHJhbDogaHR0cHM6Ly9yZXBvLm1hdmVuLmFwYWNoZS5vcmcvbWF2ZW4yL2NvbW1vbnMtaW8vY29tbW9ucy1pby8yLjE3LjAvY29tbW9ucy1pby0yLjE3LjAucG9tCg=="",""timestamp"":""2026-08-22T15:29:43.291527325Z""}"
"[INFO] Downloaded from central: https://repo.maven.apache.org/maven2/commons-io/commons-io/2.17.0/commons-io-2.17.0.pom (20 kB at 954 kB/s)
",2026-08-22T15:29:43.312176026Z,info,"{""serviceId"":""87697b40-66d1-4a58-89e6-1068a09cbf8c"",""deploymentId"":""d6c8c3b8-3bb6-45c0-bc76-a9729ab89f82"",""deploymentInstanceId"":null}","{""level"":""info"",""source"":""buildkit"",""type"":""log"",""vertex"":""sha256:5123184c115415746b9e45a79609be5df6469d0b755767bd2a7f4b208b8cff02"",""stream"":1,""data"":""W0lORk9dIERvd25sb2FkZWQgZnJvbSBjZW50cmFsOiBodHRwczovL3JlcG8ubWF2ZW4uYXBhY2hlLm9yZy9tYXZlbjIvY29tbW9ucy1pby9jb21tb25zLWlvLzIuMTcuMC9jb21tb25zLWlvLTIuMTcuMC5wb20gKDIwIGtCIGF0IDk1NCBrQi9zKQo="",""timestamp"":""2026-08-22T15:29:43.312176026Z""}"
"[INFO] Downloading from central: https://repo.maven.apache.org/maven2/org/apache/commons/commons-parent/74/commons-parent-74.pom
",2026-08-22T15:29:43.314972843Z,info,"{""serviceId"":""87697b40-66d1-4a58-89e6-1068a09cbf8c"",""deploymentId"":""d6c8c3b8-3bb6-45c0-bc76-a9729ab89f82"",""deploymentInstanceId"":null}","{""level"":""info"",""source"":""buildkit"",""type"":""log"",""vertex"":""sha256:5123184c115415746b9e45a79609be5df6469d0b755767bd2a7f4b208b8cff02"",""stream"":1,""data"":""W0lORk9dIERvd25sb2FkaW5nIGZyb20gY2VudHJhbDogaHR0cHM6Ly9yZXBvLm1hdmVuLmFwYWNoZS5vcmcvbWF2ZW4yL29yZy9hcGFjaGUvY29tbW9ucy9jb21tb25zLXBhcmVudC83NC9jb21tb25zLXBhcmVudC03NC5wb20K"",""timestamp"":""2026-08-22T15:29:43.314972843Z""}"
"[INFO] Downloaded from central: https://repo.maven.apache.org/maven2/org/apache/commons/commons-parent/74/commons-parent-74.pom (78 kB at 2.8 MB/s)
",2026-08-22T15:29:43.34231735Z,info,"{""serviceId"":""87697b40-66d1-4a58-89e6-1068a09cbf8c"",""deploymentId"":""d6c8c3b8-3bb6-45c0-bc76-a9729ab89f82"",""deploymentInstanceId"":null}","{""level"":""info"",""source"":""buildkit"",""type"":""log"",""vertex"":""sha256:5123184c115415746b9e45a79609be5df6469d0b755767bd2a7f4b208b8cff02"",""stream"":1,""data"":""W0lORk9dIERvd25sb2FkZWQgZnJvbSBjZW50cmFsOiBodHRwczovL3JlcG8ubWF2ZW4uYXBhY2hlLm9yZy9tYXZlbjIvb3JnL2FwYWNoZS9jb21tb25zL2NvbW1vbnMtcGFyZW50Lzc0L2NvbW1vbnMtcGFyZW50LTc0LnBvbSAoNzgga0IgYXQgMi44IE1CL3MpCg=="",""timestamp"":""2026-08-22T15:29:43.34231735Z""}"
"[INFO] Downloading from central: https://repo.maven.apache.org/maven2/org/apache/commons/commons-text/1.12.0/commons-text-1.12.0.pom
",2026-08-22T15:29:43.348479225Z,info,"{""serviceId"":""87697b40-66d1-4a58-89e6-1068a09cbf8c"",""deploymentId"":""d6c8c3b8-3bb6-45c0-bc76-a9729ab89f82"",""deploymentInstanceId"":null}","{""level"":""info"",""source"":""buildkit"",""type"":""log"",""vertex"":""sha256:5123184c115415746b9e45a79609be5df6469d0b755767bd2a7f4b208b8cff02"",""stream"":1,""data"":""W0lORk9dIERvd25sb2FkaW5nIGZyb20gY2VudHJhbDogaHR0cHM6Ly9yZXBvLm1hdmVuLmFwYWNoZS5vcmcvbWF2ZW4yL29yZy9hcGFjaGUvY29tbW9ucy9jb21tb25zLXRleHQvMS4xMi4wL2NvbW1vbnMtdGV4dC0xLjEyLjAucG9tCg=="",""timestamp"":""2026-08-22T15:29:43.348479225Z""}"
"[INFO] Downloaded from central: https://repo.maven.apache.org/maven2/org/apache/commons/commons-text/1.12.0/commons-text-1.12.0.pom (20 kB at 684 kB/s)
",2026-08-22T15:29:43.377724144Z,info,"{""serviceId"":""87697b40-66d1-4a58-89e6-1068a09cbf8c"",""deploymentId"":""d6c8c3b8-3bb6-45c0-bc76-a9729ab89f82"",""deploymentInstanceId"":null}","{""level"":""info"",""source"":""buildkit"",""type"":""log"",""vertex"":""sha256:5123184c115415746b9e45a79609be5df6469d0b755767bd2a7f4b208b8cff02"",""stream"":1,""data"":""W0lORk9dIERvd25sb2FkZWQgZnJvbSBjZW50cmFsOiBodHRwczovL3JlcG8ubWF2ZW4uYXBhY2hlLm9yZy9tYXZlbjIvb3JnL2FwYWNoZS9jb21tb25zL2NvbW1vbnMtdGV4dC8xLjEyLjAvY29tbW9ucy10ZXh0LTEuMTIuMC5wb20gKDIwIGtCIGF0IDY4NCBrQi9zKQo="",""timestamp"":""2026-08-22T15:29:43.377724144Z""}"
"[INFO] Downloading from central: https://repo.maven.apache.org/maven2/org/apache/commons/commons-parent/69/commons-parent-69.pom
",2026-08-22T15:29:43.380890786Z,info,"{""serviceId"":""87697b40-66d1-4a58-89e6-1068a09cbf8c"",""deploymentId"":""d6c8c3b8-3bb6-45c0-bc76-a9729ab89f82"",""deploymentInstanceId"":null}","{""level"":""info"",""source"":""buildkit"",""type"":""log"",""vertex"":""sha256:5123184c115415746b9e45a79609be5df6469d0b755767bd2a7f4b208b8cff02"",""stream"":1,""data"":""W0lORk9dIERvd25sb2FkaW5nIGZyb20gY2VudHJhbDogaHR0cHM6Ly9yZXBvLm1hdmVuLmFwYWNoZS5vcmcvbWF2ZW4yL29yZy9hcGFjaGUvY29tbW9ucy9jb21tb25zLXBhcmVudC82OS9jb21tb25zLXBhcmVudC02OS5wb20K"",""timestamp"":""2026-08-22T15:29:43.380890786Z""}"
"[INFO] Downloaded from central: https://repo.maven.apache.org/maven2/org/apache/commons/commons-parent/69/commons-parent-69.pom (77 kB at 2.1 MB/s)
",2026-08-22T15:29:43.417540354Z,info,"{""serviceId"":""87697b40-66d1-4a58-89e6-1068a09cbf8c"",""deploymentId"":""d6c8c3b8-3bb6-45c0-bc76-a9729ab89f82"",""deploymentInstanceId"":null}","{""level"":""info"",""source"":""buildkit"",""type"":""log"",""vertex"":""sha256:5123184c115415746b9e45a79609be5df6469d0b755767bd2a7f4b208b8cff02"",""stream"":1,""data"":""W0lORk9dIERvd25sb2FkZWQgZnJvbSBjZW50cmFsOiBodHRwczovL3JlcG8ubWF2ZW4uYXBhY2hlLm9yZy9tYXZlbjIvb3JnL2FwYWNoZS9jb21tb25zL2NvbW1vbnMtcGFyZW50LzY5L2NvbW1vbnMtcGFyZW50LTY5LnBvbSAoNzcga0IgYXQgMi4xIE1CL3MpCg=="",""timestamp"":""2026-08-22T15:29:43.417540354Z""}"
"[INFO] Downloading from central: https://repo.maven.apache.org/maven2/org/apache/apache/31/apache-31.pom
",2026-08-22T15:29:43.421901237Z,info,"{""serviceId"":""87697b40-66d1-4a58-89e6-1068a09cbf8c"",""deploymentId"":""d6c8c3b8-3bb6-45c0-bc76-a9729ab89f82"",""deploymentInstanceId"":null}","{""level"":""info"",""source"":""buildkit"",""type"":""log"",""vertex"":""sha256:5123184c115415746b9e45a79609be5df6469d0b755767bd2a7f4b208b8cff02"",""stream"":1,""data"":""W0lORk9dIERvd25sb2FkaW5nIGZyb20gY2VudHJhbDogaHR0cHM6Ly9yZXBvLm1hdmVuLmFwYWNoZS5vcmcvbWF2ZW4yL29yZy9hcGFjaGUvYXBhY2hlLzMxL2FwYWNoZS0zMS5wb20K"",""timestamp"":""2026-08-22T15:29:43.421901237Z""}"
"[INFO] Downloaded from central: https://repo.maven.apache.org/maven2/org/apache/apache/31/apache-31.pom (24 kB at 980 kB/s)
",2026-08-22T15:29:43.446160336Z,info,"{""serviceId"":""87697b40-66d1-4a58-89e6-1068a09cbf8c"",""deploymentId"":""d6c8c3b8-3bb6-45c0-bc76-a9729ab89f82"",""deploymentInstanceId"":null}","{""level"":""info"",""source"":""buildkit"",""type"":""log"",""vertex"":""sha256:5123184c115415746b9e45a79609be5df6469d0b755767bd2a7f4b208b8cff02"",""stream"":1,""data"":""W0lORk9dIERvd25sb2FkZWQgZnJvbSBjZW50cmFsOiBodHRwczovL3JlcG8ubWF2ZW4uYXBhY2hlLm9yZy9tYXZlbjIvb3JnL2FwYWNoZS9hcGFjaGUvMzEvYXBhY2hlLTMxLnBvbSAoMjQga0IgYXQgOTgwIGtCL3MpCg=="",""timestamp"":""2026-08-22T15:29:43.446160336Z""}"
"[INFO] Downloading from central: https://repo.maven.apache.org/maven2/org/apache/commons/commons-lang3/3.14.0/commons-lang3-3.14.0.pom
",2026-08-22T15:29:43.450581038Z,info,"{""serviceId"":""87697b40-66d1-4a58-89e6-1068a09cbf8c"",""deploymentId"":""d6c8c3b8-3bb6-45c0-bc76-a9729ab89f82"",""deploymentInstanceId"":null}","{""level"":""info"",""source"":""buildkit"",""type"":""log"",""vertex"":""sha256:5123184c115415746b9e45a79609be5df6469d0b755767bd2a7f4b208b8cff02"",""stream"":1,""data"":""W0lORk9dIERvd25sb2FkaW5nIGZyb20gY2VudHJhbDogaHR0cHM6Ly9yZXBvLm1hdmVuLmFwYWNoZS5vcmcvbWF2ZW4yL29yZy9hcGFjaGUvY29tbW9ucy9jb21tb25zLWxhbmczLzMuMTQuMC9jb21tb25zLWxhbmczLTMuMTQuMC5wb20K"",""timestamp"":""2026-08-22T15:29:43.450581038Z""}"
"[INFO] Downloaded from central: https://repo.maven.apache.org/maven2/org/apache/commons/commons-lang3/3.14.0/commons-lang3-3.14.0.pom (31 kB at 1.2 MB/s)
",2026-08-22T15:29:43.475269881Z,info,"{""serviceId"":""87697b40-66d1-4a58-89e6-1068a09cbf8c"",""deploymentId"":""d6c8c3b8-3bb6-45c0-bc76-a9729ab89f82"",""deploymentInstanceId"":null}","{""level"":""info"",""source"":""buildkit"",""type"":""log"",""vertex"":""sha256:5123184c115415746b9e45a79609be5df6469d0b755767bd2a7f4b208b8cff02"",""stream"":1,""data"":""W0lORk9dIERvd25sb2FkZWQgZnJvbSBjZW50cmFsOiBodHRwczovL3JlcG8ubWF2ZW4uYXBhY2hlLm9yZy9tYXZlbjIvb3JnL2FwYWNoZS9jb21tb25zL2NvbW1vbnMtbGFuZzMvMy4xNC4wL2NvbW1vbnMtbGFuZzMtMy4xNC4wLnBvbSAoMzEga0IgYXQgMS4yIE1CL3MpCg=="",""timestamp"":""2026-08-22T15:29:43.475269881Z""}"
"[INFO] Downloading from central: https://repo.maven.apache.org/maven2/org/apache/commons/commons-parent/64/commons-parent-64.pom
",2026-08-22T15:29:43.478635741Z,info,"{""serviceId"":""87697b40-66d1-4a58-89e6-1068a09cbf8c"",""deploymentId"":""d6c8c3b8-3bb6-45c0-bc76-a9729ab89f82"",""deploymentInstanceId"":null}","{""level"":""info"",""source"":""buildkit"",""type"":""log"",""vertex"":""sha256:5123184c115415746b9e45a79609be5df6469d0b755767bd2a7f4b208b8cff02"",""stream"":1,""data"":""W0lORk9dIERvd25sb2FkaW5nIGZyb20gY2VudHJhbDogaHR0cHM6Ly9yZXBvLm1hdmVuLmFwYWNoZS5vcmcvbWF2ZW4yL29yZy9hcGFjaGUvY29tbW9ucy9jb21tb25zLXBhcmVudC82NC9jb21tb25zLXBhcmVudC02NC5wb20K"",""timestamp"":""2026-08-22T15:29:43.478635741Z""}"
"[INFO] Downloaded from central: https://repo.maven.apache.org/maven2/org/apache/commons/commons-parent/64/commons-parent-64.pom (78 kB at 3.1 MB/s)
",2026-08-22T15:29:43.503905846Z,info,"{""serviceId"":""87697b40-66d1-4a58-89e6-1068a09cbf8c"",""deploymentId"":""d6c8c3b8-3bb6-45c0-bc76-a9729ab89f82"",""deploymentInstanceId"":null}","{""level"":""info"",""source"":""buildkit"",""type"":""log"",""vertex"":""sha256:5123184c115415746b9e45a79609be5df6469d0b755767bd2a7f4b208b8cff02"",""stream"":1,""data"":""W0lORk9dIERvd25sb2FkZWQgZnJvbSBjZW50cmFsOiBodHRwczovL3JlcG8ubWF2ZW4uYXBhY2hlLm9yZy9tYXZlbjIvb3JnL2FwYWNoZS9jb21tb25zL2NvbW1vbnMtcGFyZW50LzY0L2NvbW1vbnMtcGFyZW50LTY0LnBvbSAoNzgga0IgYXQgMy4xIE1CL3MpCg=="",""timestamp"":""2026-08-22T15:29:43.503905846Z""}"
"[INFO] Downloading from central: https://repo.maven.apache.org/maven2/org/apache/apache/30/apache-30.pom
",2026-08-22T15:29:43.508308151Z,info,"{""serviceId"":""87697b40-66d1-4a58-89e6-1068a09cbf8c"",""deploymentId"":""d6c8c3b8-3bb6-45c0-bc76-a9729ab89f82"",""deploymentInstanceId"":null}","{""level"":""info"",""source"":""buildkit"",""type"":""log"",""vertex"":""sha256:5123184c115415746b9e45a79609be5df6469d0b755767bd2a7f4b208b8cff02"",""stream"":1,""data"":""W0lORk9dIERvd25sb2FkaW5nIGZyb20gY2VudHJhbDogaHR0cHM6Ly9yZXBvLm1hdmVuLmFwYWNoZS5vcmcvbWF2ZW4yL29yZy9hcGFjaGUvYXBhY2hlLzMwL2FwYWNoZS0zMC5wb20K"",""timestamp"":""2026-08-22T15:29:43.508308151Z""}"
"[INFO] Downloaded from central: https://repo.maven.apache.org/maven2/org/apache/apache/30/apache-30.pom (23 kB at 1.0 MB/s)
",2026-08-22T15:29:43.531543213Z,info,"{""serviceId"":""87697b40-66d1-4a58-89e6-1068a09cbf8c"",""deploymentId"":""d6c8c3b8-3bb6-45c0-bc76-a9729ab89f82"",""deploymentInstanceId"":null}","{""level"":""info"",""source"":""buildkit"",""type"":""log"",""vertex"":""sha256:5123184c115415746b9e45a79609be5df6469d0b755767bd2a7f4b208b8cff02"",""stream"":1,""data"":""W0lORk9dIERvd25sb2FkZWQgZnJvbSBjZW50cmFsOiBodHRwczovL3JlcG8ubWF2ZW4uYXBhY2hlLm9yZy9tYXZlbjIvb3JnL2FwYWNoZS9hcGFjaGUvMzAvYXBhY2hlLTMwLnBvbSAoMjMga0IgYXQgMS4wIE1CL3MpCg=="",""timestamp"":""2026-08-22T15:29:43.531543213Z""}"
"[INFO] Downloading from central: https://repo.maven.apache.org/maven2/org/junit/junit-bom/5.10.0/junit-bom-5.10.0.pom
",2026-08-22T15:29:43.535541713Z,info,"{""serviceId"":""87697b40-66d1-4a58-89e6-1068a09cbf8c"",""deploymentId"":""d6c8c3b8-3bb6-45c0-bc76-a9729ab89f82"",""deploymentInstanceId"":null}","{""level"":""info"",""source"":""buildkit"",""type"":""log"",""vertex"":""sha256:5123184c115415746b9e45a79609be5df6469d0b755767bd2a7f4b208b8cff02"",""stream"":1,""data"":""W0lORk9dIERvd25sb2FkaW5nIGZyb20gY2VudHJhbDogaHR0cHM6Ly9yZXBvLm1hdmVuLmFwYWNoZS5vcmcvbWF2ZW4yL29yZy9qdW5pdC9qdW5pdC1ib20vNS4xMC4wL2p1bml0LWJvbS01LjEwLjAucG9tCg=="",""timestamp"":""2026-08-22T15:29:43.535541713Z""}"
"[INFO] Downloaded from central: https://repo.maven.apache.org/maven2/org/junit/junit-bom/5.10.0/junit-bom-5.10.0.pom (5.6 kB at 209 kB/s)
",2026-08-22T15:29:43.562374382Z,info,"{""serviceId"":""87697b40-66d1-4a58-89e6-1068a09cbf8c"",""deploymentId"":""d6c8c3b8-3bb6-45c0-bc76-a9729ab89f82"",""deploymentInstanceId"":null}","{""level"":""info"",""source"":""buildkit"",""type"":""log"",""vertex"":""sha256:5123184c115415746b9e45a79609be5df6469d0b755767bd2a7f4b208b8cff02"",""stream"":1,""data"":""W0lORk9dIERvd25sb2FkZWQgZnJvbSBjZW50cmFsOiBodHRwczovL3JlcG8ubWF2ZW4uYXBhY2hlLm9yZy9tYXZlbjIvb3JnL2p1bml0L2p1bml0LWJvbS81LjEwLjAvanVuaXQtYm9tLTUuMTAuMC5wb20gKDUuNiBrQiBhdCAyMDkga0IvcykK"",""timestamp"":""2026-08-22T15:29:43.562374382Z""}"
"[INFO] Downloading from central: https://repo.maven.apache.org/maven2/org/apache/maven/doxia/doxia-integration-tools/2.0.0/doxia-integration-tools-2.0.0.pom
",2026-08-22T15:29:43.565344889Z,info,"{""serviceId"":""87697b40-66d1-4a58-89e6-1068a09cbf8c"",""deploymentId"":""d6c8c3b8-3bb6-45c0-bc76-a9729ab89f82"",""deploymentInstanceId"":null}","{""level"":""info"",""source"":""buildkit"",""type"":""log"",""vertex"":""sha256:5123184c115415746b9e45a79609be5df6469d0b755767bd2a7f4b208b8cff02"",""stream"":1,""data"":""W0lORk9dIERvd25sb2FkaW5nIGZyb20gY2VudHJhbDogaHR0cHM6Ly9yZXBvLm1hdmVuLmFwYWNoZS5vcmcvbWF2ZW4yL29yZy9hcGFjaGUvbWF2ZW4vZG94aWEvZG94aWEtaW50ZWdyYXRpb24tdG9vbHMvMi4wLjAvZG94aWEtaW50ZWdyYXRpb24tdG9vbHMtMi4wLjAucG9tCg=="",""timestamp"":""2026-08-22T15:29:43.565344889Z""}"
"[INFO] Downloaded from central: https://repo.maven.apache.org/maven2/org/apache/maven/doxia/doxia-integration-tools/2.0.0/doxia-integration-tools-2.0.0.pom (7.8 kB at 323 kB/s)
",2026-08-22T15:29:43.590005159Z,info,"{""serviceId"":""87697b40-66d1-4a58-89e6-1068a09cbf8c"",""deploymentId"":""d6c8c3b8-3bb6-45c0-bc76-a9729ab89f82"",""deploymentInstanceId"":null}","{""level"":""info"",""source"":""buildkit"",""type"":""log"",""vertex"":""sha256:5123184c115415746b9e45a79609be5df6469d0b755767bd2a7f4b208b8cff02"",""stream"":1,""data"":""W0lORk9dIERvd25sb2FkZWQgZnJvbSBjZW50cmFsOiBodHRwczovL3JlcG8ubWF2ZW4uYXBhY2hlLm9yZy9tYXZlbjIvb3JnL2FwYWNoZS9tYXZlbi9kb3hpYS9kb3hpYS1pbnRlZ3JhdGlvbi10b29scy8yLjAuMC9kb3hpYS1pbnRlZ3JhdGlvbi10b29scy0yLjAuMC5wb20gKDcuOCBrQiBhdCAzMjMga0IvcykK"",""timestamp"":""2026-08-22T15:29:43.590005159Z""}"
"[INFO] Downloading from central: https://repo.maven.apache.org/maven2/org/codehaus/plexus/plexus-i18n/1.0-beta-10/plexus-i18n-1.0-beta-10.pom
",2026-08-22T15:29:43.595068907Z,info,"{""serviceId"":""87697b40-66d1-4a58-89e6-1068a09cbf8c"",""deploymentId"":""d6c8c3b8-3bb6-45c0-bc76-a9729ab89f82"",""deploymentInstanceId"":null}","{""level"":""info"",""source"":""buildkit"",""type"":""log"",""vertex"":""sha256:5123184c115415746b9e45a79609be5df6469d0b755767bd2a7f4b208b8cff02"",""stream"":1,""data"":""W0lORk9dIERvd25sb2FkaW5nIGZyb20gY2VudHJhbDogaHR0cHM6Ly9yZXBvLm1hdmVuLmFwYWNoZS5vcmcvbWF2ZW4yL29yZy9jb2RlaGF1cy9wbGV4dXMvcGxleHVzLWkxOG4vMS4wLWJldGEtMTAvcGxleHVzLWkxOG4tMS4wLWJldGEtMTAucG9tCg=="",""timestamp"":""2026-08-22T15:29:43.595068907Z""}"
"[INFO] Downloaded from central: https://repo.maven.apache.org/maven2/org/codehaus/plexus/plexus-i18n/1.0-beta-10/plexus-i18n-1.0-beta-10.pom (2.1 kB at 86 kB/s)
",2026-08-22T15:29:43.618469707Z,info,"{""serviceId"":""87697b40-66d1-4a58-89e6-1068a09cbf8c"",""deploymentId"":""d6c8c3b8-3bb6-45c0-bc76-a9729ab89f82"",""deploymentInstanceId"":null}","{""level"":""info"",""source"":""buildkit"",""type"":""log"",""vertex"":""sha256:5123184c115415746b9e45a79609be5df6469d0b755767bd2a7f4b208b8cff02"",""stream"":1,""data"":""W0lORk9dIERvd25sb2FkZWQgZnJvbSBjZW50cmFsOiBodHRwczovL3JlcG8ubWF2ZW4uYXBhY2hlLm9yZy9tYXZlbjIvb3JnL2NvZGVoYXVzL3BsZXh1cy9wbGV4dXMtaTE4bi8xLjAtYmV0YS0xMC9wbGV4dXMtaTE4bi0xLjAtYmV0YS0xMC5wb20gKDIuMSBrQiBhdCA4NiBrQi9zKQo="",""timestamp"":""2026-08-22T15:29:43.618469707Z""}"
"[INFO] Downloading from central: https://repo.maven.apache.org/maven2/org/codehaus/plexus/plexus-components/1.1.12/plexus-components-1.1.12.pom
",2026-08-22T15:29:43.620809338Z,info,"{""serviceId"":""87697b40-66d1-4a58-89e6-1068a09cbf8c"",""deploymentId"":""d6c8c3b8-3bb6-45c0-bc76-a9729ab89f82"",""deploymentInstanceId"":null}","{""level"":""info"",""source"":""buildkit"",""type"":""log"",""vertex"":""sha256:5123184c115415746b9e45a79609be5df6469d0b755767bd2a7f4b208b8cff02"",""stream"":1,""data"":""W0lORk9dIERvd25sb2FkaW5nIGZyb20gY2VudHJhbDogaHR0cHM6Ly9yZXBvLm1hdmVuLmFwYWNoZS5vcmcvbWF2ZW4yL29yZy9jb2RlaGF1cy9wbGV4dXMvcGxleHVzLWNvbXBvbmVudHMvMS4xLjEyL3BsZXh1cy1jb21wb25lbnRzLTEuMS4xMi5wb20K"",""timestamp"":""2026-08-22T15:29:43.620809338Z""}"
"[INFO] Downloaded from central: https://repo.maven.apache.org/maven2/org/codehaus/plexus/plexus-components/1.1.12/plexus-components-1.1.12.pom (3.0 kB at 131 kB/s)
",2026-08-22T15:29:43.643992251Z,info,"{""serviceId"":""87697b40-66d1-4a58-89e6-1068a09cbf8c"",""deploymentId"":""d6c8c3b8-3bb6-45c0-bc76-a9729ab89f82"",""deploymentInstanceId"":null}","{""level"":""info"",""source"":""buildkit"",""type"":""log"",""vertex"":""sha256:5123184c115415746b9e45a79609be5df6469d0b755767bd2a7f4b208b8cff02"",""stream"":1,""data"":""W0lORk9dIERvd25sb2FkZWQgZnJvbSBjZW50cmFsOiBodHRwczovL3JlcG8ubWF2ZW4uYXBhY2hlLm9yZy9tYXZlbjIvb3JnL2NvZGVoYXVzL3BsZXh1cy9wbGV4dXMtY29tcG9uZW50cy8xLjEuMTIvcGxleHVzLWNvbXBvbmVudHMtMS4xLjEyLnBvbSAoMy4wIGtCIGF0IDEzMSBrQi9zKQo="",""timestamp"":""2026-08-22T15:29:43.643992251Z""}"
"[INFO] Downloading from central: https://repo.maven.apache.org/maven2/org/codehaus/plexus/plexus/1.0.10/plexus-1.0.10.pom
",2026-08-22T15:29:43.645958231Z,info,"{""serviceId"":""87697b40-66d1-4a58-89e6-1068a09cbf8c"",""deploymentId"":""d6c8c3b8-3bb6-45c0-bc76-a9729ab89f82"",""deploymentInstanceId"":null}","{""level"":""info"",""source"":""buildkit"",""type"":""log"",""vertex"":""sha256:5123184c115415746b9e45a79609be5df6469d0b755767bd2a7f4b208b8cff02"",""stream"":1,""data"":""W0lORk9dIERvd25sb2FkaW5nIGZyb20gY2VudHJhbDogaHR0cHM6Ly9yZXBvLm1hdmVuLmFwYWNoZS5vcmcvbWF2ZW4yL29yZy9jb2RlaGF1cy9wbGV4dXMvcGxleHVzLzEuMC4xMC9wbGV4dXMtMS4wLjEwLnBvbQo="",""timestamp"":""2026-08-22T15:29:43.645958231Z""}"
"[INFO] Downloaded from central: https://repo.maven.apache.org/maven2/org/codehaus/plexus/plexus/1.0.10/plexus-1.0.10.pom (8.2 kB at 434 kB/s)
",2026-08-22T15:29:43.664969976Z,info,"{""serviceId"":""87697b40-66d1-4a58-89e6-1068a09cbf8c"",""deploymentId"":""d6c8c3b8-3bb6-45c0-bc76-a9729ab89f82"",""deploymentInstanceId"":null}","{""level"":""info"",""source"":""buildkit"",""type"":""log"",""vertex"":""sha256:5123184c115415746b9e45a79609be5df6469d0b755767bd2a7f4b208b8cff02"",""stream"":1,""data"":""W0lORk9dIERvd25sb2FkZWQgZnJvbSBjZW50cmFsOiBodHRwczovL3JlcG8ubWF2ZW4uYXBhY2hlLm9yZy9tYXZlbjIvb3JnL2NvZGVoYXVzL3BsZXh1cy9wbGV4dXMvMS4wLjEwL3BsZXh1cy0xLjAuMTAucG9tICg4LjIga0IgYXQgNDM0IGtCL3MpCg=="",""timestamp"":""2026-08-22T15:29:43.664969976Z""}"
"[INFO] Downloading from central: https://repo.maven.apache.org/maven2/org/codehaus/plexus/plexus-interpolation/1.27/plexus-interpolation-1.27.pom
",2026-08-22T15:29:43.668509066Z,info,"{""serviceId"":""87697b40-66d1-4a58-89e6-1068a09cbf8c"",""deploymentId"":""d6c8c3b8-3bb6-45c0-bc76-a9729ab89f82"",""deploymentInstanceId"":null}","{""level"":""info"",""source"":""buildkit"",""type"":""log"",""vertex"":""sha256:5123184c115415746b9e45a79609be5df6469d0b755767bd2a7f4b208b8cff02"",""stream"":1,""data"":""W0lORk9dIERvd25sb2FkaW5nIGZyb20gY2VudHJhbDogaHR0cHM6Ly9yZXBvLm1hdmVuLmFwYWNoZS5vcmcvbWF2ZW4yL29yZy9jb2RlaGF1cy9wbGV4dXMvcGxleHVzLWludGVycG9sYXRpb24vMS4yNy9wbGV4dXMtaW50ZXJwb2xhdGlvbi0xLjI3LnBvbQo="",""timestamp"":""2026-08-22T15:29:43.668509066Z""}"
"[INFO] Downloaded from central: https://repo.maven.apache.org/maven2/org/codehaus/plexus/plexus-interpolation/1.27/plexus-interpolation-1.27.pom (3.0 kB at 131 kB/s)
",2026-08-22T15:29:43.691343787Z,info,"{""serviceId"":""87697b40-66d1-4a58-89e6-1068a09cbf8c"",""deploymentId"":""d6c8c3b8-3bb6-45c0-bc76-a9729ab89f82"",""deploymentInstanceId"":null}","{""level"":""info"",""source"":""buildkit"",""type"":""log"",""vertex"":""sha256:5123184c115415746b9e45a79609be5df6469d0b755767bd2a7f4b208b8cff02"",""stream"":1,""data"":""W0lORk9dIERvd25sb2FkZWQgZnJvbSBjZW50cmFsOiBodHRwczovL3JlcG8ubWF2ZW4uYXBhY2hlLm9yZy9tYXZlbjIvb3JnL2NvZGVoYXVzL3BsZXh1cy9wbGV4dXMtaW50ZXJwb2xhdGlvbi8xLjI3L3BsZXh1cy1pbnRlcnBvbGF0aW9uLTEuMjcucG9tICgzLjAga0IgYXQgMTMxIGtCL3MpCg=="",""timestamp"":""2026-08-22T15:29:43.691343787Z""}"
"[INFO] Downloading from central: https://repo.maven.apache.org/maven2/org/codehaus/plexus/plexus/16/plexus-16.pom
",2026-08-22T15:29:43.693614784Z,info,"{""serviceId"":""87697b40-66d1-4a58-89e6-1068a09cbf8c"",""deploymentId"":""d6c8c3b8-3bb6-45c0-bc76-a9729ab89f82"",""deploymentInstanceId"":null}","{""level"":""info"",""source"":""buildkit"",""type"":""log"",""vertex"":""sha256:5123184c115415746b9e45a79609be5df6469d0b755767bd2a7f4b208b8cff02"",""stream"":1,""data"":""W0lORk9dIERvd25sb2FkaW5nIGZyb20gY2VudHJhbDogaHR0cHM6Ly9yZXBvLm1hdmVuLmFwYWNoZS5vcmcvbWF2ZW4yL29yZy9jb2RlaGF1cy9wbGV4dXMvcGxleHVzLzE2L3BsZXh1cy0xNi5wb20K"",""timestamp"":""2026-08-22T15:29:43.693614784Z""}"
"[INFO] Downloaded from central: https://repo.maven.apache.org/maven2/org/codehaus/plexus/plexus/16/plexus-16.pom (28 kB at 1.2 MB/s)
",2026-08-22T15:29:43.716491799Z,info,"{""serviceId"":""87697b40-66d1-4a58-89e6-1068a09cbf8c"",""deploymentId"":""d6c8c3b8-3bb6-45c0-bc76-a9729ab89f82"",""deploymentInstanceId"":null}","{""level"":""info"",""source"":""buildkit"",""type"":""log"",""vertex"":""sha256:5123184c115415746b9e45a79609be5df6469d0b755767bd2a7f4b208b8cff02"",""stream"":1,""data"":""W0lORk9dIERvd25sb2FkZWQgZnJvbSBjZW50cmFsOiBodHRwczovL3JlcG8ubWF2ZW4uYXBhY2hlLm9yZy9tYXZlbjIvb3JnL2NvZGVoYXVzL3BsZXh1cy9wbGV4dXMvMTYvcGxleHVzLTE2LnBvbSAoMjgga0IgYXQgMS4yIE1CL3MpCg=="",""timestamp"":""2026-08-22T15:29:43.716491799Z""}"
"[INFO] Downloading from central: https://repo.maven.apache.org/maven2/org/junit/junit-bom/5.10.1/junit-bom-5.10.1.pom
",2026-08-22T15:29:43.720237729Z,info,"{""serviceId"":""87697b40-66d1-4a58-89e6-1068a09cbf8c"",""deploymentId"":""d6c8c3b8-3bb6-45c0-bc76-a9729ab89f82"",""deploymentInstanceId"":null}","{""level"":""info"",""source"":""buildkit"",""type"":""log"",""vertex"":""sha256:5123184c115415746b9e45a79609be5df6469d0b755767bd2a7f4b208b8cff02"",""stream"":1,""data"":""W0lORk9dIERvd25sb2FkaW5nIGZyb20gY2VudHJhbDogaHR0cHM6Ly9yZXBvLm1hdmVuLmFwYWNoZS5vcmcvbWF2ZW4yL29yZy9qdW5pdC9qdW5pdC1ib20vNS4xMC4xL2p1bml0LWJvbS01LjEwLjEucG9tCg=="",""timestamp"":""2026-08-22T15:29:43.720237729Z""}"
"[INFO] Downloaded from central: https://repo.maven.apache.org/maven2/org/junit/junit-bom/5.10.1/junit-bom-5.10.1.pom (5.6 kB at 226 kB/s)
",2026-08-22T15:29:43.745219732Z,info,"{""serviceId"":""87697b40-66d1-4a58-89e6-1068a09cbf8c"",""deploymentId"":""d6c8c3b8-3bb6-45c0-bc76-a9729ab89f82"",""deploymentInstanceId"":null}","{""level"":""info"",""source"":""buildkit"",""type"":""log"",""vertex"":""sha256:5123184c115415746b9e45a79609be5df6469d0b755767bd2a7f4b208b8cff02"",""stream"":1,""data"":""W0lORk9dIERvd25sb2FkZWQgZnJvbSBjZW50cmFsOiBodHRwczovL3JlcG8ubWF2ZW4uYXBhY2hlLm9yZy9tYXZlbjIvb3JnL2p1bml0L2p1bml0LWJvbS81LjEwLjEvanVuaXQtYm9tLTUuMTAuMS5wb20gKDUuNiBrQiBhdCAyMjYga0IvcykK"",""timestamp"":""2026-08-22T15:29:43.745219732Z""}"
"[INFO] Downloading from central: https://repo.maven.apache.org/maven2/org/apache/maven/doxia/doxia-site-renderer/2.0.0/doxia-site-renderer-2.0.0.pom
",2026-08-22T15:29:43.748005121Z,info,"{""serviceId"":""87697b40-66d1-4a58-89e6-1068a09cbf8c"",""deploymentId"":""d6c8c3b8-3bb6-45c0-bc76-a9729ab89f82"",""deploymentInstanceId"":null}","{""level"":""info"",""source"":""buildkit"",""type"":""log"",""vertex"":""sha256:5123184c115415746b9e45a79609be5df6469d0b755767bd2a7f4b208b8cff02"",""stream"":1,""data"":""W0lORk9dIERvd25sb2FkaW5nIGZyb20gY2VudHJhbDogaHR0cHM6Ly9yZXBvLm1hdmVuLmFwYWNoZS5vcmcvbWF2ZW4yL29yZy9hcGFjaGUvbWF2ZW4vZG94aWEvZG94aWEtc2l0ZS1yZW5kZXJlci8yLjAuMC9kb3hpYS1zaXRlLXJlbmRlcmVyLTIuMC4wLnBvbQo="",""timestamp"":""2026-08-22T15:29:43.748005121Z""}"
"[INFO] Downloaded from central: https://repo.maven.apache.org/maven2/org/apache/maven/doxia/doxia-site-renderer/2.0.0/doxia-site-renderer-2.0.0.pom (7.4 kB at 307 kB/s)
",2026-08-22T15:29:43.772183238Z,info,"{""serviceId"":""87697b40-66d1-4a58-89e6-1068a09cbf8c"",""deploymentId"":""d6c8c3b8-3bb6-45c0-bc76-a9729ab89f82"",""deploymentInstanceId"":null}","{""level"":""info"",""source"":""buildkit"",""type"":""log"",""vertex"":""sha256:5123184c115415746b9e45a79609be5df6469d0b755767bd2a7f4b208b8cff02"",""stream"":1,""data"":""W0lORk9dIERvd25sb2FkZWQgZnJvbSBjZW50cmFsOiBodHRwczovL3JlcG8ubWF2ZW4uYXBhY2hlLm9yZy9tYXZlbjIvb3JnL2FwYWNoZS9tYXZlbi9kb3hpYS9kb3hpYS1zaXRlLXJlbmRlcmVyLzIuMC4wL2RveGlhLXNpdGUtcmVuZGVyZXItMi4wLjAucG9tICg3LjQga0IgYXQgMzA3IGtCL3MpCg=="",""timestamp"":""2026-08-22T15:29:43.772183238Z""}"
"[INFO] Downloading from central: https://repo.maven.apache.org/maven2/org/apache/maven/doxia/doxia-skin-model/2.0.0/doxia-skin-model-2.0.0.pom
",2026-08-22T15:29:43.776680786Z,info,"{""serviceId"":""87697b40-66d1-4a58-89e6-1068a09cbf8c"",""deploymentId"":""d6c8c3b8-3bb6-45c0-bc76-a9729ab89f82"",""deploymentInstanceId"":null}","{""level"":""info"",""source"":""buildkit"",""type"":""log"",""vertex"":""sha256:5123184c115415746b9e45a79609be5df6469d0b755767bd2a7f4b208b8cff02"",""stream"":1,""data"":""W0lORk9dIERvd25sb2FkaW5nIGZyb20gY2VudHJhbDogaHR0cHM6Ly9yZXBvLm1hdmVuLmFwYWNoZS5vcmcvbWF2ZW4yL29yZy9hcGFjaGUvbWF2ZW4vZG94aWEvZG94aWEtc2tpbi1tb2RlbC8yLjAuMC9kb3hpYS1za2luLW1vZGVsLTIuMC4wLnBvbQo="",""timestamp"":""2026-08-22T15:29:43.776680786Z""}"
"[INFO] Downloaded from central: https://repo.maven.apache.org/maven2/org/apache/maven/doxia/doxia-skin-model/2.0.0/doxia-skin-model-2.0.0.pom (3.0 kB at 131 kB/s)
",2026-08-22T15:29:43.799513604Z,info,"{""serviceId"":""87697b40-66d1-4a58-89e6-1068a09cbf8c"",""deploymentId"":""d6c8c3b8-3bb6-45c0-bc76-a9729ab89f82"",""deploymentInstanceId"":null}","{""level"":""info"",""source"":""buildkit"",""type"":""log"",""vertex"":""sha256:5123184c115415746b9e45a79609be5df6469d0b755767bd2a7f4b208b8cff02"",""stream"":1,""data"":""W0lORk9dIERvd25sb2FkZWQgZnJvbSBjZW50cmFsOiBodHRwczovL3JlcG8ubWF2ZW4uYXBhY2hlLm9yZy9tYXZlbjIvb3JnL2FwYWNoZS9tYXZlbi9kb3hpYS9kb3hpYS1za2luLW1vZGVsLzIuMC4wL2RveGlhLXNraW4tbW9kZWwtMi4wLjAucG9tICgzLjAga0IgYXQgMTMxIGtCL3MpCg=="",""timestamp"":""2026-08-22T15:29:43.799513604Z""}"
"[INFO] Downloading from central: https://repo.maven.apache.org/maven2/org/apache/maven/doxia/doxia-module-xhtml5/2.0.0/doxia-module-xhtml5-2.0.0.pom
",2026-08-22T15:29:43.803858644Z,info,"{""serviceId"":""87697b40-66d1-4a58-89e6-1068a09cbf8c"",""deploymentId"":""d6c8c3b8-3bb6-45c0-bc76-a9729ab89f82"",""deploymentInstanceId"":null}","{""level"":""info"",""source"":""buildkit"",""type"":""log"",""vertex"":""sha256:5123184c115415746b9e45a79609be5df6469d0b755767bd2a7f4b208b8cff02"",""stream"":1,""data"":""W0lORk9dIERvd25sb2FkaW5nIGZyb20gY2VudHJhbDogaHR0cHM6Ly9yZXBvLm1hdmVuLmFwYWNoZS5vcmcvbWF2ZW4yL29yZy9hcGFjaGUvbWF2ZW4vZG94aWEvZG94aWEtbW9kdWxlLXhodG1sNS8yLjAuMC9kb3hpYS1tb2R1bGUteGh0bWw1LTIuMC4wLnBvbQo="",""timestamp"":""2026-08-22T15:29:43.803858644Z""}"
"[INFO] Downloaded from central: https://repo.maven.apache.org/maven2/org/apache/maven/doxia/doxia-module-xhtml5/2.0.0/doxia-module-xhtml5-2.0.0.pom (2.9 kB at 132 kB/s)
",2026-08-22T15:29:43.825797621Z,info,"{""serviceId"":""87697b40-66d1-4a58-89e6-1068a09cbf8c"",""deploymentId"":""d6c8c3b8-3bb6-45c0-bc76-a9729ab89f82"",""deploymentInstanceId"":null}","{""level"":""info"",""source"":""buildkit"",""type"":""log"",""vertex"":""sha256:5123184c115415746b9e45a79609be5df6469d0b755767bd2a7f4b208b8cff02"",""stream"":1,""data"":""W0lORk9dIERvd25sb2FkZWQgZnJvbSBjZW50cmFsOiBodHRwczovL3JlcG8ubWF2ZW4uYXBhY2hlLm9yZy9tYXZlbjIvb3JnL2FwYWNoZS9tYXZlbi9kb3hpYS9kb3hpYS1tb2R1bGUteGh0bWw1LzIuMC4wL2RveGlhLW1vZHVsZS14aHRtbDUtMi4wLjAucG9tICgyLjkga0IgYXQgMTMyIGtCL3MpCg=="",""timestamp"":""2026-08-22T15:29:43.825797621Z""}"
"[INFO] Downloading from central: https://repo.maven.apache.org/maven2/org/apache/maven/doxia/doxia-modules/2.0.0/doxia-modules-2.0.0.pom
",2026-08-22T15:29:43.827961187Z,info,"{""serviceId"":""87697b40-66d1-4a58-89e6-1068a09cbf8c"",""deploymentId"":""d6c8c3b8-3bb6-45c0-bc76-a9729ab89f82"",""deploymentInstanceId"":null}","{""level"":""info"",""source"":""buildkit"",""type"":""log"",""vertex"":""sha256:5123184c115415746b9e45a79609be5df6469d0b755767bd2a7f4b208b8cff02"",""stream"":1,""data"":""W0lORk9dIERvd25sb2FkaW5nIGZyb20gY2VudHJhbDogaHR0cHM6Ly9yZXBvLm1hdmVuLmFwYWNoZS5vcmcvbWF2ZW4yL29yZy9hcGFjaGUvbWF2ZW4vZG94aWEvZG94aWEtbW9kdWxlcy8yLjAuMC9kb3hpYS1tb2R1bGVzLTIuMC4wLnBvbQo="",""timestamp"":""2026-08-22T15:29:43.827961187Z""}"
"[INFO] Downloaded from central: https://repo.maven.apache.org/maven2/org/apache/maven/doxia/doxia-modules/2.0.0/doxia-modules-2.0.0.pom (2.5 kB at 114 kB/s)
",2026-08-22T15:29:43.849775046Z,info,"{""serviceId"":""87697b40-66d1-4a58-89e6-1068a09cbf8c"",""deploymentId"":""d6c8c3b8-3bb6-45c0-bc76-a9729ab89f82"",""deploymentInstanceId"":null}","{""level"":""info"",""source"":""buildkit"",""type"":""log"",""vertex"":""sha256:5123184c115415746b9e45a79609be5df6469d0b755767bd2a7f4b208b8cff02"",""stream"":1,""data"":""W0lORk9dIERvd25sb2FkZWQgZnJvbSBjZW50cmFsOiBodHRwczovL3JlcG8ubWF2ZW4uYXBhY2hlLm9yZy9tYXZlbjIvb3JnL2FwYWNoZS9tYXZlbi9kb3hpYS9kb3hpYS1tb2R1bGVzLzIuMC4wL2RveGlhLW1vZHVsZXMtMi4wLjAucG9tICgyLjUga0IgYXQgMTE0IGtCL3MpCg=="",""timestamp"":""2026-08-22T15:29:43.849775046Z""}"
"[INFO] Downloading from central: https://repo.maven.apache.org/maven2/org/codehaus/plexus/plexus-velocity/2.2.0/plexus-velocity-2.2.0.pom
",2026-08-22T15:29:43.854362419Z,info,"{""serviceId"":""87697b40-66d1-4a58-89e6-1068a09cbf8c"",""deploymentId"":""d6c8c3b8-3bb6-45c0-bc76-a9729ab89f82"",""deploymentInstanceId"":null}","{""level"":""info"",""source"":""buildkit"",""type"":""log"",""vertex"":""sha256:5123184c115415746b9e45a79609be5df6469d0b755767bd2a7f4b208b8cff02"",""stream"":1,""data"":""W0lORk9dIERvd25sb2FkaW5nIGZyb20gY2VudHJhbDogaHR0cHM6Ly9yZXBvLm1hdmVuLmFwYWNoZS5vcmcvbWF2ZW4yL29yZy9jb2RlaGF1cy9wbGV4dXMvcGxleHVzLXZlbG9jaXR5LzIuMi4wL3BsZXh1cy12ZWxvY2l0eS0yLjIuMC5wb20K"",""timestamp"":""2026-08-22T15:29:43.854362419Z""}"
"[INFO] Downloaded from central: https://repo.maven.apache.org/maven2/org/codehaus/plexus/plexus-velocity/2.2.0/plexus-velocity-2.2.0.pom (4.1 kB at 193 kB/s)
",2026-08-22T15:29:43.876095878Z,info,"{""serviceId"":""87697b40-66d1-4a58-89e6-1068a09cbf8c"",""deploymentId"":""d6c8c3b8-3bb6-45c0-bc76-a9729ab89f82"",""deploymentInstanceId"":null}","{""level"":""info"",""source"":""buildkit"",""type"":""log"",""vertex"":""sha256:5123184c115415746b9e45a79609be5df6469d0b755767bd2a7f4b208b8cff02"",""stream"":1,""data"":""W0lORk9dIERvd25sb2FkZWQgZnJvbSBjZW50cmFsOiBodHRwczovL3JlcG8ubWF2ZW4uYXBhY2hlLm9yZy9tYXZlbjIvb3JnL2NvZGVoYXVzL3BsZXh1cy9wbGV4dXMtdmVsb2NpdHkvMi4yLjAvcGxleHVzLXZlbG9jaXR5LTIuMi4wLnBvbSAoNC4xIGtCIGF0IDE5MyBrQi9zKQo="",""timestamp"":""2026-08-22T15:29:43.876095878Z""}"
"[INFO] Downloading from central: https://repo.maven.apache.org/maven2/org/codehaus/plexus/plexus/19/plexus-19.pom
",2026-08-22T15:29:43.878120145Z,info,"{""serviceId"":""87697b40-66d1-4a58-89e6-1068a09cbf8c"",""deploymentId"":""d6c8c3b8-3bb6-45c0-bc76-a9729ab89f82"",""deploymentInstanceId"":null}","{""level"":""info"",""source"":""buildkit"",""type"":""log"",""vertex"":""sha256:5123184c115415746b9e45a79609be5df6469d0b755767bd2a7f4b208b8cff02"",""stream"":1,""data"":""W0lORk9dIERvd25sb2FkaW5nIGZyb20gY2VudHJhbDogaHR0cHM6Ly9yZXBvLm1hdmVuLmFwYWNoZS5vcmcvbWF2ZW4yL29yZy9jb2RlaGF1cy9wbGV4dXMvcGxleHVzLzE5L3BsZXh1cy0xOS5wb20K"",""timestamp"":""2026-08-22T15:29:43.878120145Z""}"
"[INFO] Downloaded from central: https://repo.maven.apache.org/maven2/org/codehaus/plexus/plexus/19/plexus-19.pom (25 kB at 1.1 MB/s)
",2026-08-22T15:29:43.900692763Z,info,"{""serviceId"":""87697b40-66d1-4a58-89e6-1068a09cbf8c"",""deploymentId"":""d6c8c3b8-3bb6-45c0-bc76-a9729ab89f82"",""deploymentInstanceId"":null}","{""level"":""info"",""source"":""buildkit"",""type"":""log"",""vertex"":""sha256:5123184c115415746b9e45a79609be5df6469d0b755767bd2a7f4b208b8cff02"",""stream"":1,""data"":""W0lORk9dIERvd25sb2FkZWQgZnJvbSBjZW50cmFsOiBodHRwczovL3JlcG8ubWF2ZW4uYXBhY2hlLm9yZy9tYXZlbjIvb3JnL2NvZGVoYXVzL3BsZXh1cy9wbGV4dXMvMTkvcGxleHVzLTE5LnBvbSAoMjUga0IgYXQgMS4xIE1CL3MpCg=="",""timestamp"":""2026-08-22T15:29:43.900692763Z""}"
"[INFO] Downloading from central: https://repo.maven.apache.org/maven2/org/apache/velocity/velocity-engine-core/2.4/velocity-engine-core-2.4.pom
",2026-08-22T15:29:43.904385363Z,info,"{""serviceId"":""87697b40-66d1-4a58-89e6-1068a09cbf8c"",""deploymentId"":""d6c8c3b8-3bb6-45c0-bc76-a9729ab89f82"",""deploymentInstanceId"":null}","{""level"":""info"",""source"":""buildkit"",""type"":""log"",""vertex"":""sha256:5123184c115415746b9e45a79609be5df6469d0b755767bd2a7f4b208b8cff02"",""stream"":1,""data"":""W0lORk9dIERvd25sb2FkaW5nIGZyb20gY2VudHJhbDogaHR0cHM6Ly9yZXBvLm1hdmVuLmFwYWNoZS5vcmcvbWF2ZW4yL29yZy9hcGFjaGUvdmVsb2NpdHkvdmVsb2NpdHktZW5naW5lLWNvcmUvMi40L3ZlbG9jaXR5LWVuZ2luZS1jb3JlLTIuNC5wb20K"",""timestamp"":""2026-08-22T15:29:43.904385363Z""}"
"[INFO] Downloaded from central: https://repo.maven.apache.org/maven2/org/apache/velocity/velocity-engine-core/2.4/velocity-engine-core-2.4.pom (12 kB at 545 kB/s)
",2026-08-22T15:29:43.926504801Z,info,"{""serviceId"":""87697b40-66d1-4a58-89e6-1068a09cbf8c"",""deploymentId"":""d6c8c3b8-3bb6-45c0-bc76-a9729ab89f82"",""deploymentInstanceId"":null}","{""level"":""info"",""source"":""buildkit"",""type"":""log"",""vertex"":""sha256:5123184c115415746b9e45a79609be5df6469d0b755767bd2a7f4b208b8cff02"",""stream"":1,""data"":""W0lORk9dIERvd25sb2FkZWQgZnJvbSBjZW50cmFsOiBodHRwczovL3JlcG8ubWF2ZW4uYXBhY2hlLm9yZy9tYXZlbjIvb3JnL2FwYWNoZS92ZWxvY2l0eS92ZWxvY2l0eS1lbmdpbmUtY29yZS8yLjQvdmVsb2NpdHktZW5naW5lLWNvcmUtMi40LnBvbSAoMTIga0IgYXQgNTQ1IGtCL3MpCg=="",""timestamp"":""2026-08-22T15:29:43.926504801Z""}"
"[INFO] Downloading from central: https://repo.maven.apache.org/maven2/org/apache/velocity/velocity-engine-parent/2.4/velocity-engine-parent-2.4.pom
",2026-08-22T15:29:43.92859713Z,info,"{""serviceId"":""87697b40-66d1-4a58-89e6-1068a09cbf8c"",""deploymentId"":""d6c8c3b8-3bb6-45c0-bc76-a9729ab89f82"",""deploymentInstanceId"":null}","{""level"":""info"",""source"":""buildkit"",""type"":""log"",""vertex"":""sha256:5123184c115415746b9e45a79609be5df6469d0b755767bd2a7f4b208b8cff02"",""stream"":1,""data"":""W0lORk9dIERvd25sb2FkaW5nIGZyb20gY2VudHJhbDogaHR0cHM6Ly9yZXBvLm1hdmVuLmFwYWNoZS5vcmcvbWF2ZW4yL29yZy9hcGFjaGUvdmVsb2NpdHkvdmVsb2NpdHktZW5naW5lLXBhcmVudC8yLjQvdmVsb2NpdHktZW5naW5lLXBhcmVudC0yLjQucG9tCg=="",""timestamp"":""2026-08-22T15:29:43.92859713Z""}"
"[INFO] Downloaded from central: https://repo.maven.apache.org/maven2/org/apache/velocity/velocity-engine-parent/2.4/velocity-engine-parent-2.4.pom (9.5 kB at 396 kB/s)
",2026-08-22T15:29:43.953079624Z,info,"{""serviceId"":""87697b40-66d1-4a58-89e6-1068a09cbf8c"",""deploymentId"":""d6c8c3b8-3bb6-45c0-bc76-a9729ab89f82"",""deploymentInstanceId"":null}","{""level"":""info"",""source"":""buildkit"",""type"":""log"",""vertex"":""sha256:5123184c115415746b9e45a79609be5df6469d0b755767bd2a7f4b208b8cff02"",""stream"":1,""data"":""W0lORk9dIERvd25sb2FkZWQgZnJvbSBjZW50cmFsOiBodHRwczovL3JlcG8ubWF2ZW4uYXBhY2hlLm9yZy9tYXZlbjIvb3JnL2FwYWNoZS92ZWxvY2l0eS92ZWxvY2l0eS1lbmdpbmUtcGFyZW50LzIuNC92ZWxvY2l0eS1lbmdpbmUtcGFyZW50LTIuNC5wb20gKDkuNSBrQiBhdCAzOTYga0IvcykK"",""timestamp"":""2026-08-22T15:29:43.953079624Z""}"
"[INFO] Downloading from central: https://repo.maven.apache.org/maven2/org/apache/velocity/velocity-master/7/velocity-master-7.pom
",2026-08-22T15:29:43.955087757Z,info,"{""serviceId"":""87697b40-66d1-4a58-89e6-1068a09cbf8c"",""deploymentId"":""d6c8c3b8-3bb6-45c0-bc76-a9729ab89f82"",""deploymentInstanceId"":null}","{""level"":""info"",""source"":""buildkit"",""type"":""log"",""vertex"":""sha256:5123184c115415746b9e45a79609be5df6469d0b755767bd2a7f4b208b8cff02"",""stream"":1,""data"":""W0lORk9dIERvd25sb2FkaW5nIGZyb20gY2VudHJhbDogaHR0cHM6Ly9yZXBvLm1hdmVuLmFwYWNoZS5vcmcvbWF2ZW4yL29yZy9hcGFjaGUvdmVsb2NpdHkvdmVsb2NpdHktbWFzdGVyLzcvdmVsb2NpdHktbWFzdGVyLTcucG9tCg=="",""timestamp"":""2026-08-22T15:29:43.955087757Z""}"
"[INFO] Downloaded from central: https://repo.maven.apache.org/maven2/org/apache/velocity/velocity-master/7/velocity-master-7.pom (7.9 kB at 344 kB/s)
",2026-08-22T15:29:43.977403459Z,info,"{""serviceId"":""87697b40-66d1-4a58-89e6-1068a09cbf8c"",""deploymentId"":""d6c8c3b8-3bb6-45c0-bc76-a9729ab89f82"",""deploymentInstanceId"":null}","{""level"":""info"",""source"":""buildkit"",""type"":""log"",""vertex"":""sha256:5123184c115415746b9e45a79609be5df6469d0b755767bd2a7f4b208b8cff02"",""stream"":1,""data"":""W0lORk9dIERvd25sb2FkZWQgZnJvbSBjZW50cmFsOiBodHRwczovL3JlcG8ubWF2ZW4uYXBhY2hlLm9yZy9tYXZlbjIvb3JnL2FwYWNoZS92ZWxvY2l0eS92ZWxvY2l0eS1tYXN0ZXIvNy92ZWxvY2l0eS1tYXN0ZXItNy5wb20gKDcuOSBrQiBhdCAzNDQga0IvcykK"",""timestamp"":""2026-08-22T15:29:43.977403459Z""}"
"[INFO] Downloading from central: https://repo.maven.apache.org/maven2/org/apache/velocity/tools/velocity-tools-generic/3.1/velocity-tools-generic-3.1.pom
",2026-08-22T15:29:43.981467367Z,info,"{""serviceId"":""87697b40-66d1-4a58-89e6-1068a09cbf8c"",""deploymentId"":""d6c8c3b8-3bb6-45c0-bc76-a9729ab89f82"",""deploymentInstanceId"":null}","{""level"":""info"",""source"":""buildkit"",""type"":""log"",""vertex"":""sha256:5123184c115415746b9e45a79609be5df6469d0b755767bd2a7f4b208b8cff02"",""stream"":1,""data"":""W0lORk9dIERvd25sb2FkaW5nIGZyb20gY2VudHJhbDogaHR0cHM6Ly9yZXBvLm1hdmVuLmFwYWNoZS5vcmcvbWF2ZW4yL29yZy9hcGFjaGUvdmVsb2NpdHkvdG9vbHMvdmVsb2NpdHktdG9vbHMtZ2VuZXJpYy8zLjEvdmVsb2NpdHktdG9vbHMtZ2VuZXJpYy0zLjEucG9tCg=="",""timestamp"":""2026-08-22T15:29:43.981467367Z""}"
"[INFO] Downloaded from central: https://repo.maven.apache.org/maven2/org/apache/velocity/tools/velocity-tools-generic/3.1/velocity-tools-generic-3.1.pom (2.6 kB at 102 kB/s)
",2026-08-22T15:29:44.006344412Z,info,"{""serviceId"":""87697b40-66d1-4a58-89e6-1068a09cbf8c"",""deploymentId"":""d6c8c3b8-3bb6-45c0-bc76-a9729ab89f82"",""deploymentInstanceId"":null}","{""level"":""info"",""source"":""buildkit"",""type"":""log"",""vertex"":""sha256:5123184c115415746b9e45a79609be5df6469d0b755767bd2a7f4b208b8cff02"",""stream"":1,""data"":""W0lORk9dIERvd25sb2FkZWQgZnJvbSBjZW50cmFsOiBodHRwczovL3JlcG8ubWF2ZW4uYXBhY2hlLm9yZy9tYXZlbjIvb3JnL2FwYWNoZS92ZWxvY2l0eS90b29scy92ZWxvY2l0eS10b29scy1nZW5lcmljLzMuMS92ZWxvY2l0eS10b29scy1nZW5lcmljLTMuMS5wb20gKDIuNiBrQiBhdCAxMDIga0IvcykK"",""timestamp"":""2026-08-22T15:29:44.006344412Z""}"
"[INFO] Downloading from central: https://repo.maven.apache.org/maven2/org/apache/velocity/tools/velocity-tools-parent/3.1/velocity-tools-parent-3.1.pom
",2026-08-22T15:29:44.008582971Z,info,"{""serviceId"":""87697b40-66d1-4a58-89e6-1068a09cbf8c"",""deploymentId"":""d6c8c3b8-3bb6-45c0-bc76-a9729ab89f82"",""deploymentInstanceId"":null}","{""level"":""info"",""source"":""buildkit"",""type"":""log"",""vertex"":""sha256:5123184c115415746b9e45a79609be5df6469d0b755767bd2a7f4b208b8cff02"",""stream"":1,""data"":""W0lORk9dIERvd25sb2FkaW5nIGZyb20gY2VudHJhbDogaHR0cHM6Ly9yZXBvLm1hdmVuLmFwYWNoZS5vcmcvbWF2ZW4yL29yZy9hcGFjaGUvdmVsb2NpdHkvdG9vbHMvdmVsb2NpdHktdG9vbHMtcGFyZW50LzMuMS92ZWxvY2l0eS10b29scy1wYXJlbnQtMy4xLnBvbQo="",""timestamp"":""2026-08-22T15:29:44.008582971Z""}"
"[INFO] Downloaded from central: https://repo.maven.apache.org/maven2/org/apache/velocity/tools/velocity-tools-parent/3.1/velocity-tools-parent-3.1.pom (8.0 kB at 308 kB/s)
",2026-08-22T15:29:44.034520417Z,info,"{""serviceId"":""87697b40-66d1-4a58-89e6-1068a09cbf8c"",""deploymentId"":""d6c8c3b8-3bb6-45c0-bc76-a9729ab89f82"",""deploymentInstanceId"":null}","{""level"":""info"",""source"":""buildkit"",""type"":""log"",""vertex"":""sha256:5123184c115415746b9e45a79609be5df6469d0b755767bd2a7f4b208b8cff02"",""stream"":1,""data"":""W0lORk9dIERvd25sb2FkZWQgZnJvbSBjZW50cmFsOiBodHRwczovL3JlcG8ubWF2ZW4uYXBhY2hlLm9yZy9tYXZlbjIvb3JnL2FwYWNoZS92ZWxvY2l0eS90b29scy92ZWxvY2l0eS10b29scy1wYXJlbnQvMy4xL3ZlbG9jaXR5LXRvb2xzLXBhcmVudC0zLjEucG9tICg4LjAga0IgYXQgMzA4IGtCL3MpCg=="",""timestamp"":""2026-08-22T15:29:44.034520417Z""}"
"[INFO] Downloading from central: https://repo.maven.apache.org/maven2/org/apache/velocity/velocity-master/4/velocity-master-4.pom
",2026-08-22T15:29:44.036803603Z,info,"{""serviceId"":""87697b40-66d1-4a58-89e6-1068a09cbf8c"",""deploymentId"":""d6c8c3b8-3bb6-45c0-bc76-a9729ab89f82"",""deploymentInstanceId"":null}","{""level"":""info"",""source"":""buildkit"",""type"":""log"",""vertex"":""sha256:5123184c115415746b9e45a79609be5df6469d0b755767bd2a7f4b208b8cff02"",""stream"":1,""data"":""W0lORk9dIERvd25sb2FkaW5nIGZyb20gY2VudHJhbDogaHR0cHM6Ly9yZXBvLm1hdmVuLmFwYWNoZS5vcmcvbWF2ZW4yL29yZy9hcGFjaGUvdmVsb2NpdHkvdmVsb2NpdHktbWFzdGVyLzQvdmVsb2NpdHktbWFzdGVyLTQucG9tCg=="",""timestamp"":""2026-08-22T15:29:44.036803603Z""}"
"[INFO] Downloaded from central: https://repo.maven.apache.org/maven2/org/apache/velocity/velocity-master/4/velocity-master-4.pom (7.8 kB at 353 kB/s)
",2026-08-22T15:29:44.058411994Z,info,"{""serviceId"":""87697b40-66d1-4a58-89e6-1068a09cbf8c"",""deploymentId"":""d6c8c3b8-3bb6-45c0-bc76-a9729ab89f82"",""deploymentInstanceId"":null}","{""level"":""info"",""source"":""buildkit"",""type"":""log"",""vertex"":""sha256:5123184c115415746b9e45a79609be5df6469d0b755767bd2a7f4b208b8cff02"",""stream"":1,""data"":""W0lORk9dIERvd25sb2FkZWQgZnJvbSBjZW50cmFsOiBodHRwczovL3JlcG8ubWF2ZW4uYXBhY2hlLm9yZy9tYXZlbjIvb3JnL2FwYWNoZS92ZWxvY2l0eS92ZWxvY2l0eS1tYXN0ZXIvNC92ZWxvY2l0eS1tYXN0ZXItNC5wb20gKDcuOCBrQiBhdCAzNTMga0IvcykK"",""timestamp"":""2026-08-22T15:29:44.058411994Z""}"
"[INFO] Downloading from central: https://repo.maven.apache.org/maven2/org/apache/velocity/velocity-engine-core/2.3/velocity-engine-core-2.3.pom
",2026-08-22T15:29:44.061918415Z,info,"{""serviceId"":""87697b40-66d1-4a58-89e6-1068a09cbf8c"",""deploymentId"":""d6c8c3b8-3bb6-45c0-bc76-a9729ab89f82"",""deploymentInstanceId"":null}","{""level"":""info"",""source"":""buildkit"",""type"":""log"",""vertex"":""sha256:5123184c115415746b9e45a79609be5df6469d0b755767bd2a7f4b208b8cff02"",""stream"":1,""data"":""W0lORk9dIERvd25sb2FkaW5nIGZyb20gY2VudHJhbDogaHR0cHM6Ly9yZXBvLm1hdmVuLmFwYWNoZS5vcmcvbWF2ZW4yL29yZy9hcGFjaGUvdmVsb2NpdHkvdmVsb2NpdHktZW5naW5lLWNvcmUvMi4zL3ZlbG9jaXR5LWVuZ2luZS1jb3JlLTIuMy5wb20K"",""timestamp"":""2026-08-22T15:29:44.061918415Z""}"
"[INFO] Downloaded from central: https://repo.maven.apache.org/maven2/org/apache/velocity/velocity-engine-core/2.3/velocity-engine-core-2.3.pom (10 kB at 499 kB/s)
",2026-08-22T15:29:44.082735629Z,info,"{""serviceId"":""87697b40-66d1-4a58-89e6-1068a09cbf8c"",""deploymentId"":""d6c8c3b8-3bb6-45c0-bc76-a9729ab89f82"",""deploymentInstanceId"":null}","{""level"":""info"",""source"":""buildkit"",""type"":""log"",""vertex"":""sha256:5123184c115415746b9e45a79609be5df6469d0b755767bd2a7f4b208b8cff02"",""stream"":1,""data"":""W0lORk9dIERvd25sb2FkZWQgZnJvbSBjZW50cmFsOiBodHRwczovL3JlcG8ubWF2ZW4uYXBhY2hlLm9yZy9tYXZlbjIvb3JnL2FwYWNoZS92ZWxvY2l0eS92ZWxvY2l0eS1lbmdpbmUtY29yZS8yLjMvdmVsb2NpdHktZW5naW5lLWNvcmUtMi4zLnBvbSAoMTAga0IgYXQgNDk5IGtCL3MpCg=="",""timestamp"":""2026-08-22T15:29:44.082735629Z""}"
"[INFO] Downloading from central: https://repo.maven.apache.org/maven2/org/apache/velocity/velocity-engine-parent/2.3/velocity-engine-parent-2.3.pom
",2026-08-22T15:29:44.085177923Z,info,"{""serviceId"":""87697b40-66d1-4a58-89e6-1068a09cbf8c"",""deploymentId"":""d6c8c3b8-3bb6-45c0-bc76-a9729ab89f82"",""deploymentInstanceId"":null}","{""level"":""info"",""source"":""buildkit"",""type"":""log"",""vertex"":""sha256:5123184c115415746b9e45a79609be5df6469d0b755767bd2a7f4b208b8cff02"",""stream"":1,""data"":""W0lORk9dIERvd25sb2FkaW5nIGZyb20gY2VudHJhbDogaHR0cHM6Ly9yZXBvLm1hdmVuLmFwYWNoZS5vcmcvbWF2ZW4yL29yZy9hcGFjaGUvdmVsb2NpdHkvdmVsb2NpdHktZW5naW5lLXBhcmVudC8yLjMvdmVsb2NpdHktZW5naW5lLXBhcmVudC0yLjMucG9tCg=="",""timestamp"":""2026-08-22T15:29:44.085177923Z""}"
"[INFO] Downloaded from central: https://repo.maven.apache.org/maven2/org/apache/velocity/velocity-engine-parent/2.3/velocity-engine-parent-2.3.pom (14 kB at 576 kB/s)
",2026-08-22T15:29:44.109623621Z,info,"{""serviceId"":""87697b40-66d1-4a58-89e6-1068a09cbf8c"",""deploymentId"":""d6c8c3b8-3bb6-45c0-bc76-a9729ab89f82"",""deploymentInstanceId"":null}","{""level"":""info"",""source"":""buildkit"",""type"":""log"",""vertex"":""sha256:5123184c115415746b9e45a79609be5df6469d0b755767bd2a7f4b208b8cff02"",""stream"":1,""data"":""W0lORk9dIERvd25sb2FkZWQgZnJvbSBjZW50cmFsOiBodHRwczovL3JlcG8ubWF2ZW4uYXBhY2hlLm9yZy9tYXZlbjIvb3JnL2FwYWNoZS92ZWxvY2l0eS92ZWxvY2l0eS1lbmdpbmUtcGFyZW50LzIuMy92ZWxvY2l0eS1lbmdpbmUtcGFyZW50LTIuMy5wb20gKDE0IGtCIGF0IDU3NiBrQi9zKQo="",""timestamp"":""2026-08-22T15:29:44.109623621Z""}"
"[INFO] Downloading from central: https://repo.maven.apache.org/maven2/org/apache/commons/commons-lang3/3.11/commons-lang3-3.11.pom
",2026-08-22T15:29:44.11360141Z,info,"{""serviceId"":""87697b40-66d1-4a58-89e6-1068a09cbf8c"",""deploymentId"":""d6c8c3b8-3bb6-45c0-bc76-a9729ab89f82"",""deploymentInstanceId"":null}","{""level"":""info"",""source"":""buildkit"",""type"":""log"",""vertex"":""sha256:5123184c115415746b9e45a79609be5df6469d0b755767bd2a7f4b208b8cff02"",""stream"":1,""data"":""W0lORk9dIERvd25sb2FkaW5nIGZyb20gY2VudHJhbDogaHR0cHM6Ly9yZXBvLm1hdmVuLmFwYWNoZS5vcmcvbWF2ZW4yL29yZy9hcGFjaGUvY29tbW9ucy9jb21tb25zLWxhbmczLzMuMTEvY29tbW9ucy1sYW5nMy0zLjExLnBvbQo="",""timestamp"":""2026-08-22T15:29:44.11360141Z""}"
"[INFO] Downloaded from central: https://repo.maven.apache.org/maven2/org/apache/commons/commons-lang3/3.11/commons-lang3-3.11.pom (30 kB at 1.2 MB/s)
",2026-08-22T15:29:44.139854139Z,info,"{""serviceId"":""87697b40-66d1-4a58-89e6-1068a09cbf8c"",""deploymentId"":""d6c8c3b8-3bb6-45c0-bc76-a9729ab89f82"",""deploymentInstanceId"":null}","{""level"":""info"",""source"":""buildkit"",""type"":""log"",""vertex"":""sha256:5123184c115415746b9e45a79609be5df6469d0b755767bd2a7f4b208b8cff02"",""stream"":1,""data"":""W0lORk9dIERvd25sb2FkZWQgZnJvbSBjZW50cmFsOiBodHRwczovL3JlcG8ubWF2ZW4uYXBhY2hlLm9yZy9tYXZlbjIvb3JnL2FwYWNoZS9jb21tb25zL2NvbW1vbnMtbGFuZzMvMy4xMS9jb21tb25zLWxhbmczLTMuMTEucG9tICgzMCBrQiBhdCAxLjIgTUIvcykK"",""timestamp"":""2026-08-22T15:29:44.139854139Z""}"
"[INFO] Downloading from central: https://repo.maven.apache.org/maven2/org/apache/commons/commons-parent/51/commons-parent-51.pom
",2026-08-22T15:29:44.142973519Z,info,"{""serviceId"":""87697b40-66d1-4a58-89e6-1068a09cbf8c"",""deploymentId"":""d6c8c3b8-3bb6-45c0-bc76-a9729ab89f82"",""deploymentInstanceId"":null}","{""level"":""info"",""source"":""buildkit"",""type"":""log"",""vertex"":""sha256:5123184c115415746b9e45a79609be5df6469d0b755767bd2a7f4b208b8cff02"",""stream"":1,""data"":""W0lORk9dIERvd25sb2FkaW5nIGZyb20gY2VudHJhbDogaHR0cHM6Ly9yZXBvLm1hdmVuLmFwYWNoZS5vcmcvbWF2ZW4yL29yZy9hcGFjaGUvY29tbW9ucy9jb21tb25zLXBhcmVudC81MS9jb21tb25zLXBhcmVudC01MS5wb20K"",""timestamp"":""2026-08-22T15:29:44.142973519Z""}"
"[INFO] Downloaded from central: https://repo.maven.apache.org/maven2/org/apache/commons/commons-parent/51/commons-parent-51.pom (78 kB at 2.4 MB/s)
",2026-08-22T15:29:44.174790938Z,info,"{""serviceId"":""87697b40-66d1-4a58-89e6-1068a09cbf8c"",""deploymentId"":""d6c8c3b8-3bb6-45c0-bc76-a9729ab89f82"",""deploymentInstanceId"":null}","{""level"":""info"",""source"":""buildkit"",""type"":""log"",""vertex"":""sha256:5123184c115415746b9e45a79609be5df6469d0b755767bd2a7f4b208b8cff02"",""stream"":1,""data"":""W0lORk9dIERvd25sb2FkZWQgZnJvbSBjZW50cmFsOiBodHRwczovL3JlcG8ubWF2ZW4uYXBhY2hlLm9yZy9tYXZlbjIvb3JnL2FwYWNoZS9jb21tb25zL2NvbW1vbnMtcGFyZW50LzUxL2NvbW1vbnMtcGFyZW50LTUxLnBvbSAoNzgga0IgYXQgMi40IE1CL3MpCg=="",""timestamp"":""2026-08-22T15:29:44.174790938Z""}"
"[INFO] Downloading from central: https://repo.maven.apache.org/maven2/org/slf4j/slf4j-api/1.7.30/slf4j-api-1.7.30.pom
",2026-08-22T15:29:44.180887776Z,info,"{""serviceId"":""87697b40-66d1-4a58-89e6-1068a09cbf8c"",""deploymentId"":""d6c8c3b8-3bb6-45c0-bc76-a9729ab89f82"",""deploymentInstanceId"":null}","{""level"":""info"",""source"":""buildkit"",""type"":""log"",""vertex"":""sha256:5123184c115415746b9e45a79609be5df6469d0b755767bd2a7f4b208b8cff02"",""stream"":1,""data"":""W0lORk9dIERvd25sb2FkaW5nIGZyb20gY2VudHJhbDogaHR0cHM6Ly9yZXBvLm1hdmVuLmFwYWNoZS5vcmcvbWF2ZW4yL29yZy9zbGY0ai9zbGY0ai1hcGkvMS43LjMwL3NsZjRqLWFwaS0xLjcuMzAucG9tCg=="",""timestamp"":""2026-08-22T15:29:44.180887776Z""}"
"[INFO] Downloaded from central: https://repo.maven.apache.org/maven2/org/slf4j/slf4j-api/1.7.30/slf4j-api-1.7.30.pom (3.8 kB at 167 kB/s)
",2026-08-22T15:29:44.204022888Z,info,"{""serviceId"":""87697b40-66d1-4a58-89e6-1068a09cbf8c"",""deploymentId"":""d6c8c3b8-3bb6-45c0-bc76-a9729ab89f82"",""deploymentInstanceId"":null}","{""level"":""info"",""source"":""buildkit"",""type"":""log"",""vertex"":""sha256:5123184c115415746b9e45a79609be5df6469d0b755767bd2a7f4b208b8cff02"",""stream"":1,""data"":""W0lORk9dIERvd25sb2FkZWQgZnJvbSBjZW50cmFsOiBodHRwczovL3JlcG8ubWF2ZW4uYXBhY2hlLm9yZy9tYXZlbjIvb3JnL3NsZjRqL3NsZjRqLWFwaS8xLjcuMzAvc2xmNGotYXBpLTEuNy4zMC5wb20gKDMuOCBrQiBhdCAxNjcga0IvcykK"",""timestamp"":""2026-08-22T15:29:44.204022888Z""}"
"[INFO] Downloading from central: https://repo.maven.apache.org/maven2/org/slf4j/slf4j-parent/1.7.30/slf4j-parent-1.7.30.pom
",2026-08-22T15:29:44.206116959Z,info,"{""serviceId"":""87697b40-66d1-4a58-89e6-1068a09cbf8c"",""deploymentId"":""d6c8c3b8-3bb6-45c0-bc76-a9729ab89f82"",""deploymentInstanceId"":null}","{""level"":""info"",""source"":""buildkit"",""type"":""log"",""vertex"":""sha256:5123184c115415746b9e45a79609be5df6469d0b755767bd2a7f4b208b8cff02"",""stream"":1,""data"":""W0lORk9dIERvd25sb2FkaW5nIGZyb20gY2VudHJhbDogaHR0cHM6Ly9yZXBvLm1hdmVuLmFwYWNoZS5vcmcvbWF2ZW4yL29yZy9zbGY0ai9zbGY0ai1wYXJlbnQvMS43LjMwL3NsZjRqLXBhcmVudC0xLjcuMzAucG9tCg=="",""timestamp"":""2026-08-22T15:29:44.206116959Z""}"
"[INFO] Downloaded from central: https://repo.maven.apache.org/maven2/org/slf4j/slf4j-parent/1.7.30/slf4j-parent-1.7.30.pom (14 kB at 657 kB/s)
",2026-08-22T15:29:44.227002806Z,info,"{""serviceId"":""87697b40-66d1-4a58-89e6-1068a09cbf8c"",""deploymentId"":""d6c8c3b8-3bb6-45c0-bc76-a9729ab89f82"",""deploymentInstanceId"":null}","{""level"":""info"",""source"":""buildkit"",""type"":""log"",""vertex"":""sha256:5123184c115415746b9e45a79609be5df6469d0b755767bd2a7f4b208b8cff02"",""stream"":1,""data"":""W0lORk9dIERvd25sb2FkZWQgZnJvbSBjZW50cmFsOiBodHRwczovL3JlcG8ubWF2ZW4uYXBhY2hlLm9yZy9tYXZlbjIvb3JnL3NsZjRqL3NsZjRqLXBhcmVudC8xLjcuMzAvc2xmNGotcGFyZW50LTEuNy4zMC5wb20gKDE0IGtCIGF0IDY1NyBrQi9zKQo="",""timestamp"":""2026-08-22T15:29:44.227002806Z""}"
"[INFO] Downloading from central: https://repo.maven.apache.org/maven2/commons-beanutils/commons-beanutils/1.9.4/commons-beanutils-1.9.4.pom
",2026-08-22T15:29:44.230070049Z,info,"{""serviceId"":""87697b40-66d1-4a58-89e6-1068a09cbf8c"",""deploymentId"":""d6c8c3b8-3bb6-45c0-bc76-a9729ab89f82"",""deploymentInstanceId"":null}","{""level"":""info"",""source"":""buildkit"",""type"":""log"",""vertex"":""sha256:5123184c115415746b9e45a79609be5df6469d0b755767bd2a7f4b208b8cff02"",""stream"":1,""data"":""W0lORk9dIERvd25sb2FkaW5nIGZyb20gY2VudHJhbDogaHR0cHM6Ly9yZXBvLm1hdmVuLmFwYWNoZS5vcmcvbWF2ZW4yL2NvbW1vbnMtYmVhbnV0aWxzL2NvbW1vbnMtYmVhbnV0aWxzLzEuOS40L2NvbW1vbnMtYmVhbnV0aWxzLTEuOS40LnBvbQo="",""timestamp"":""2026-08-22T15:29:44.230070049Z""}"
"[INFO] Downloaded from central: https://repo.maven.apache.org/maven2/commons-beanutils/commons-beanutils/1.9.4/commons-beanutils-1.9.4.pom (18 kB at 667 kB/s)
",2026-08-22T15:29:44.256956779Z,info,"{""serviceId"":""87697b40-66d1-4a58-89e6-1068a09cbf8c"",""deploymentId"":""d6c8c3b8-3bb6-45c0-bc76-a9729ab89f82"",""deploymentInstanceId"":null}","{""level"":""info"",""source"":""buildkit"",""type"":""log"",""vertex"":""sha256:5123184c115415746b9e45a79609be5df6469d0b755767bd2a7f4b208b8cff02"",""stream"":1,""data"":""W0lORk9dIERvd25sb2FkZWQgZnJvbSBjZW50cmFsOiBodHRwczovL3JlcG8ubWF2ZW4uYXBhY2hlLm9yZy9tYXZlbjIvY29tbW9ucy1iZWFudXRpbHMvY29tbW9ucy1iZWFudXRpbHMvMS45LjQvY29tbW9ucy1iZWFudXRpbHMtMS45LjQucG9tICgxOCBrQiBhdCA2Njcga0IvcykK"",""timestamp"":""2026-08-22T15:29:44.256956779Z""}"
"[INFO] Downloading from central: https://repo.maven.apache.org/maven2/org/apache/commons/commons-parent/47/commons-parent-47.pom
",2026-08-22T15:29:44.259257972Z,info,"{""serviceId"":""87697b40-66d1-4a58-89e6-1068a09cbf8c"",""deploymentId"":""d6c8c3b8-3bb6-45c0-bc76-a9729ab89f82"",""deploymentInstanceId"":null}","{""level"":""info"",""source"":""buildkit"",""type"":""log"",""vertex"":""sha256:5123184c115415746b9e45a79609be5df6469d0b755767bd2a7f4b208b8cff02"",""stream"":1,""data"":""W0lORk9dIERvd25sb2FkaW5nIGZyb20gY2VudHJhbDogaHR0cHM6Ly9yZXBvLm1hdmVuLmFwYWNoZS5vcmcvbWF2ZW4yL29yZy9hcGFjaGUvY29tbW9ucy9jb21tb25zLXBhcmVudC80Ny9jb21tb25zLXBhcmVudC00Ny5wb20K"",""timestamp"":""2026-08-22T15:29:44.259257972Z""}"
"[INFO] Downloaded from central: https://repo.maven.apache.org/maven2/org/apache/commons/commons-parent/47/commons-parent-47.pom (78 kB at 2.3 MB/s)
",2026-08-22T15:29:44.29356759Z,info,"{""serviceId"":""87697b40-66d1-4a58-89e6-1068a09cbf8c"",""deploymentId"":""d6c8c3b8-3bb6-45c0-bc76-a9729ab89f82"",""deploymentInstanceId"":null}","{""level"":""info"",""source"":""buildkit"",""type"":""log"",""vertex"":""sha256:5123184c115415746b9e45a79609be5df6469d0b755767bd2a7f4b208b8cff02"",""stream"":1,""data"":""W0lORk9dIERvd25sb2FkZWQgZnJvbSBjZW50cmFsOiBodHRwczovL3JlcG8ubWF2ZW4uYXBhY2hlLm9yZy9tYXZlbjIvb3JnL2FwYWNoZS9jb21tb25zL2NvbW1vbnMtcGFyZW50LzQ3L2NvbW1vbnMtcGFyZW50LTQ3LnBvbSAoNzgga0IgYXQgMi4zIE1CL3MpCg=="",""timestamp"":""2026-08-22T15:29:44.29356759Z""}"
"[INFO] Downloading from central: https://repo.maven.apache.org/maven2/org/apache/apache/19/apache-19.pom
",2026-08-22T15:29:44.297362764Z,info,"{""serviceId"":""87697b40-66d1-4a58-89e6-1068a09cbf8c"",""deploymentId"":""d6c8c3b8-3bb6-45c0-bc76-a9729ab89f82"",""deploymentInstanceId"":null}","{""level"":""info"",""source"":""buildkit"",""type"":""log"",""vertex"":""sha256:5123184c115415746b9e45a79609be5df6469d0b755767bd2a7f4b208b8cff02"",""stream"":1,""data"":""W0lORk9dIERvd25sb2FkaW5nIGZyb20gY2VudHJhbDogaHR0cHM6Ly9yZXBvLm1hdmVuLmFwYWNoZS5vcmcvbWF2ZW4yL29yZy9hcGFjaGUvYXBhY2hlLzE5L2FwYWNoZS0xOS5wb20K"",""timestamp"":""2026-08-22T15:29:44.297362764Z""}"
"[INFO] Downloaded from central: https://repo.maven.apache.org/maven2/org/apache/apache/19/apache-19.pom (15 kB at 500 kB/s)
",2026-08-22T15:29:44.328877839Z,info,"{""serviceId"":""87697b40-66d1-4a58-89e6-1068a09cbf8c"",""deploymentId"":""d6c8c3b8-3bb6-45c0-bc76-a9729ab89f82"",""deploymentInstanceId"":null}","{""level"":""info"",""source"":""buildkit"",""type"":""log"",""vertex"":""sha256:5123184c115415746b9e45a79609be5df6469d0b755767bd2a7f4b208b8cff02"",""stream"":1,""data"":""W0lORk9dIERvd25sb2FkZWQgZnJvbSBjZW50cmFsOiBodHRwczovL3JlcG8ubWF2ZW4uYXBhY2hlLm9yZy9tYXZlbjIvb3JnL2FwYWNoZS9hcGFjaGUvMTkvYXBhY2hlLTE5LnBvbSAoMTUga0IgYXQgNTAwIGtCL3MpCg=="",""timestamp"":""2026-08-22T15:29:44.328877839Z""}"
"[INFO] Downloading from central: https://repo.maven.apache.org/maven2/commons-logging/commons-logging/1.2/commons-logging-1.2.pom
",2026-08-22T15:29:44.332459883Z,info,"{""serviceId"":""87697b40-66d1-4a58-89e6-1068a09cbf8c"",""deploymentId"":""d6c8c3b8-3bb6-45c0-bc76-a9729ab89f82"",""deploymentInstanceId"":null}","{""level"":""info"",""source"":""buildkit"",""type"":""log"",""vertex"":""sha256:5123184c115415746b9e45a79609be5df6469d0b755767bd2a7f4b208b8cff02"",""stream"":1,""data"":""W0lORk9dIERvd25sb2FkaW5nIGZyb20gY2VudHJhbDogaHR0cHM6Ly9yZXBvLm1hdmVuLmFwYWNoZS5vcmcvbWF2ZW4yL2NvbW1vbnMtbG9nZ2luZy9jb21tb25zLWxvZ2dpbmcvMS4yL2NvbW1vbnMtbG9nZ2luZy0xLjIucG9tCg=="",""timestamp"":""2026-08-22T15:29:44.332459883Z""}"
"[INFO] Downloaded from central: https://repo.maven.apache.org/maven2/commons-logging/commons-logging/1.2/commons-logging-1.2.pom (19 kB at 800 kB/s)
",2026-08-22T15:29:44.356955236Z,info,"{""serviceId"":""87697b40-66d1-4a58-89e6-1068a09cbf8c"",""deploymentId"":""d6c8c3b8-3bb6-45c0-bc76-a9729ab89f82"",""deploymentInstanceId"":null}","{""level"":""info"",""source"":""buildkit"",""type"":""log"",""vertex"":""sha256:5123184c115415746b9e45a79609be5df6469d0b755767bd2a7f4b208b8cff02"",""stream"":1,""data"":""W0lORk9dIERvd25sb2FkZWQgZnJvbSBjZW50cmFsOiBodHRwczovL3JlcG8ubWF2ZW4uYXBhY2hlLm9yZy9tYXZlbjIvY29tbW9ucy1sb2dnaW5nL2NvbW1vbnMtbG9nZ2luZy8xLjIvY29tbW9ucy1sb2dnaW5nLTEuMi5wb20gKDE5IGtCIGF0IDgwMCBrQi9zKQo="",""timestamp"":""2026-08-22T15:29:44.356955236Z""}"
"[INFO] Downloading from central: https://repo.maven.apache.org/maven2/org/apache/commons/commons-parent/34/commons-parent-34.pom
",2026-08-22T15:29:44.359180465Z,info,"{""serviceId"":""87697b40-66d1-4a58-89e6-1068a09cbf8c"",""deploymentId"":""d6c8c3b8-3bb6-45c0-bc76-a9729ab89f82"",""deploymentInstanceId"":null}","{""level"":""info"",""source"":""buildkit"",""type"":""log"",""vertex"":""sha256:5123184c115415746b9e45a79609be5df6469d0b755767bd2a7f4b208b8cff02"",""stream"":1,""data"":""W0lORk9dIERvd25sb2FkaW5nIGZyb20gY2VudHJhbDogaHR0cHM6Ly9yZXBvLm1hdmVuLmFwYWNoZS5vcmcvbWF2ZW4yL29yZy9hcGFjaGUvY29tbW9ucy9jb21tb25zLXBhcmVudC8zNC9jb21tb25zLXBhcmVudC0zNC5wb20K"",""timestamp"":""2026-08-22T15:29:44.359180465Z""}"
"[INFO] Downloaded from central: https://repo.maven.apache.org/maven2/org/apache/commons/commons-parent/34/commons-parent-34.pom (56 kB at 2.3 MB/s)
",2026-08-22T15:29:44.383398321Z,info,"{""serviceId"":""87697b40-66d1-4a58-89e6-1068a09cbf8c"",""deploymentId"":""d6c8c3b8-3bb6-45c0-bc76-a9729ab89f82"",""deploymentInstanceId"":null}","{""level"":""info"",""source"":""buildkit"",""type"":""log"",""vertex"":""sha256:5123184c115415746b9e45a79609be5df6469d0b755767bd2a7f4b208b8cff02"",""stream"":1,""data"":""W0lORk9dIERvd25sb2FkZWQgZnJvbSBjZW50cmFsOiBodHRwczovL3JlcG8ubWF2ZW4uYXBhY2hlLm9yZy9tYXZlbjIvb3JnL2FwYWNoZS9jb21tb25zL2NvbW1vbnMtcGFyZW50LzM0L2NvbW1vbnMtcGFyZW50LTM0LnBvbSAoNTYga0IgYXQgMi4zIE1CL3MpCg=="",""timestamp"":""2026-08-22T15:29:44.383398321Z""}"
"[INFO] Downloading from central: https://repo.maven.apache.org/maven2/org/apache/apache/13/apache-13.pom
",2026-08-22T15:29:44.386636019Z,info,"{""serviceId"":""87697b40-66d1-4a58-89e6-1068a09cbf8c"",""deploymentId"":""d6c8c3b8-3bb6-45c0-bc76-a9729ab89f82"",""deploymentInstanceId"":null}","{""level"":""info"",""source"":""buildkit"",""type"":""log"",""vertex"":""sha256:5123184c115415746b9e45a79609be5df6469d0b755767bd2a7f4b208b8cff02"",""stream"":1,""data"":""W0lORk9dIERvd25sb2FkaW5nIGZyb20gY2VudHJhbDogaHR0cHM6Ly9yZXBvLm1hdmVuLmFwYWNoZS5vcmcvbWF2ZW4yL29yZy9hcGFjaGUvYXBhY2hlLzEzL2FwYWNoZS0xMy5wb20K"",""timestamp"":""2026-08-22T15:29:44.386636019Z""}"
"[INFO] Downloaded from central: https://repo.maven.apache.org/maven2/org/apache/apache/13/apache-13.pom (14 kB at 608 kB/s)
",2026-08-22T15:29:44.409569949Z,info,"{""serviceId"":""87697b40-66d1-4a58-89e6-1068a09cbf8c"",""deploymentId"":""d6c8c3b8-3bb6-45c0-bc76-a9729ab89f82"",""deploymentInstanceId"":null}","{""level"":""info"",""source"":""buildkit"",""type"":""log"",""vertex"":""sha256:5123184c115415746b9e45a79609be5df6469d0b755767bd2a7f4b208b8cff02"",""stream"":1,""data"":""W0lORk9dIERvd25sb2FkZWQgZnJvbSBjZW50cmFsOiBodHRwczovL3JlcG8ubWF2ZW4uYXBhY2hlLm9yZy9tYXZlbjIvb3JnL2FwYWNoZS9hcGFjaGUvMTMvYXBhY2hlLTEzLnBvbSAoMTQga0IgYXQgNjA4IGtCL3MpCg=="",""timestamp"":""2026-08-22T15:29:44.409569949Z""}"
"[INFO] Downloading from central: https://repo.maven.apache.org/maven2/commons-collections/commons-collections/3.2.2/commons-collections-3.2.2.pom
",2026-08-22T15:29:44.412934166Z,info,"{""serviceId"":""87697b40-66d1-4a58-89e6-1068a09cbf8c"",""deploymentId"":""d6c8c3b8-3bb6-45c0-bc76-a9729ab89f82"",""deploymentInstanceId"":null}","{""level"":""info"",""source"":""buildkit"",""type"":""log"",""vertex"":""sha256:5123184c115415746b9e45a79609be5df6469d0b755767bd2a7f4b208b8cff02"",""stream"":1,""data"":""W0lORk9dIERvd25sb2FkaW5nIGZyb20gY2VudHJhbDogaHR0cHM6Ly9yZXBvLm1hdmVuLmFwYWNoZS5vcmcvbWF2ZW4yL2NvbW1vbnMtY29sbGVjdGlvbnMvY29tbW9ucy1jb2xsZWN0aW9ucy8zLjIuMi9jb21tb25zLWNvbGxlY3Rpb25zLTMuMi4yLnBvbQo="",""timestamp"":""2026-08-22T15:29:44.412934166Z""}"
"[INFO] Downloaded from central: https://repo.maven.apache.org/maven2/commons-collections/commons-collections/3.2.2/commons-collections-3.2.2.pom (12 kB at 517 kB/s)
",2026-08-22T15:29:44.436934887Z,info,"{""serviceId"":""87697b40-66d1-4a58-89e6-1068a09cbf8c"",""deploymentId"":""d6c8c3b8-3bb6-45c0-bc76-a9729ab89f82"",""deploymentInstanceId"":null}","{""level"":""info"",""source"":""buildkit"",""type"":""log"",""vertex"":""sha256:5123184c115415746b9e45a79609be5df6469d0b755767bd2a7f4b208b8cff02"",""stream"":1,""data"":""W0lORk9dIERvd25sb2FkZWQgZnJvbSBjZW50cmFsOiBodHRwczovL3JlcG8ubWF2ZW4uYXBhY2hlLm9yZy9tYXZlbjIvY29tbW9ucy1jb2xsZWN0aW9ucy9jb21tb25zLWNvbGxlY3Rpb25zLzMuMi4yL2NvbW1vbnMtY29sbGVjdGlvbnMtMy4yLjIucG9tICgxMiBrQiBhdCA1MTcga0IvcykK"",""timestamp"":""2026-08-22T15:29:44.436934887Z""}"
"[INFO] Downloading from central: https://repo.maven.apache.org/maven2/org/apache/commons/commons-parent/39/commons-parent-39.pom
",2026-08-22T15:29:44.439097622Z,info,"{""serviceId"":""87697b40-66d1-4a58-89e6-1068a09cbf8c"",""deploymentId"":""d6c8c3b8-3bb6-45c0-bc76-a9729ab89f82"",""deploymentInstanceId"":null}","{""level"":""info"",""source"":""buildkit"",""type"":""log"",""vertex"":""sha256:5123184c115415746b9e45a79609be5df6469d0b755767bd2a7f4b208b8cff02"",""stream"":1,""data"":""W0lORk9dIERvd25sb2FkaW5nIGZyb20gY2VudHJhbDogaHR0cHM6Ly9yZXBvLm1hdmVuLmFwYWNoZS5vcmcvbWF2ZW4yL29yZy9hcGFjaGUvY29tbW9ucy9jb21tb25zLXBhcmVudC8zOS9jb21tb25zLXBhcmVudC0zOS5wb20K"",""timestamp"":""2026-08-22T15:29:44.439097622Z""}"
"[INFO] Downloaded from central: https://repo.maven.apache.org/maven2/org/apache/commons/commons-parent/39/commons-parent-39.pom (62 kB at 2.5 MB/s)
",2026-08-22T15:29:44.463471062Z,info,"{""serviceId"":""87697b40-66d1-4a58-89e6-1068a09cbf8c"",""deploymentId"":""d6c8c3b8-3bb6-45c0-bc76-a9729ab89f82"",""deploymentInstanceId"":null}","{""level"":""info"",""source"":""buildkit"",""type"":""log"",""vertex"":""sha256:5123184c115415746b9e45a79609be5df6469d0b755767bd2a7f4b208b8cff02"",""stream"":1,""data"":""W0lORk9dIERvd25sb2FkZWQgZnJvbSBjZW50cmFsOiBodHRwczovL3JlcG8ubWF2ZW4uYXBhY2hlLm9yZy9tYXZlbjIvb3JnL2FwYWNoZS9jb21tb25zL2NvbW1vbnMtcGFyZW50LzM5L2NvbW1vbnMtcGFyZW50LTM5LnBvbSAoNjIga0IgYXQgMi41IE1CL3MpCg=="",""timestamp"":""2026-08-22T15:29:44.463471062Z""}"
"[INFO] Downloading from central: https://repo.maven.apache.org/maven2/org/apache/apache/16/apache-16.pom
",2026-08-22T15:29:44.466880437Z,info,"{""serviceId"":""87697b40-66d1-4a58-89e6-1068a09cbf8c"",""deploymentId"":""d6c8c3b8-3bb6-45c0-bc76-a9729ab89f82"",""deploymentInstanceId"":null}","{""level"":""info"",""source"":""buildkit"",""type"":""log"",""vertex"":""sha256:5123184c115415746b9e45a79609be5df6469d0b755767bd2a7f4b208b8cff02"",""stream"":1,""data"":""W0lORk9dIERvd25sb2FkaW5nIGZyb20gY2VudHJhbDogaHR0cHM6Ly9yZXBvLm1hdmVuLmFwYWNoZS5vcmcvbWF2ZW4yL29yZy9hcGFjaGUvYXBhY2hlLzE2L2FwYWNoZS0xNi5wb20K"",""timestamp"":""2026-08-22T15:29:44.466880437Z""}"
"[INFO] Downloaded from central: https://repo.maven.apache.org/maven2/org/apache/apache/16/apache-16.pom (15 kB at 669 kB/s)
",2026-08-22T15:29:44.490061979Z,info,"{""serviceId"":""87697b40-66d1-4a58-89e6-1068a09cbf8c"",""deploymentId"":""d6c8c3b8-3bb6-45c0-bc76-a9729ab89f82"",""deploymentInstanceId"":null}","{""level"":""info"",""source"":""buildkit"",""type"":""log"",""vertex"":""sha256:5123184c115415746b9e45a79609be5df6469d0b755767bd2a7f4b208b8cff02"",""stream"":1,""data"":""W0lORk9dIERvd25sb2FkZWQgZnJvbSBjZW50cmFsOiBodHRwczovL3JlcG8ubWF2ZW4uYXBhY2hlLm9yZy9tYXZlbjIvb3JnL2FwYWNoZS9hcGFjaGUvMTYvYXBhY2hlLTE2LnBvbSAoMTUga0IgYXQgNjY5IGtCL3MpCg=="",""timestamp"":""2026-08-22T15:29:44.490061979Z""}"
"[INFO] Downloading from central: https://repo.maven.apache.org/maven2/org/apache/commons/commons-digester3/3.2/commons-digester3-3.2.pom
",2026-08-22T15:29:44.493385605Z,info,"{""serviceId"":""87697b40-66d1-4a58-89e6-1068a09cbf8c"",""deploymentId"":""d6c8c3b8-3bb6-45c0-bc76-a9729ab89f82"",""deploymentInstanceId"":null}","{""level"":""info"",""source"":""buildkit"",""type"":""log"",""vertex"":""sha256:5123184c115415746b9e45a79609be5df6469d0b755767bd2a7f4b208b8cff02"",""stream"":1,""data"":""W0lORk9dIERvd25sb2FkaW5nIGZyb20gY2VudHJhbDogaHR0cHM6Ly9yZXBvLm1hdmVuLmFwYWNoZS5vcmcvbWF2ZW4yL29yZy9hcGFjaGUvY29tbW9ucy9jb21tb25zLWRpZ2VzdGVyMy8zLjIvY29tbW9ucy1kaWdlc3RlcjMtMy4yLnBvbQo="",""timestamp"":""2026-08-22T15:29:44.493385605Z""}"
"[INFO] Downloaded from central: https://repo.maven.apache.org/maven2/org/apache/commons/commons-digester3/3.2/commons-digester3-3.2.pom (18 kB at 765 kB/s)
",2026-08-22T15:29:44.516385394Z,info,"{""serviceId"":""87697b40-66d1-4a58-89e6-1068a09cbf8c"",""deploymentId"":""d6c8c3b8-3bb6-45c0-bc76-a9729ab89f82"",""deploymentInstanceId"":null}","{""level"":""info"",""source"":""buildkit"",""type"":""log"",""vertex"":""sha256:5123184c115415746b9e45a79609be5df6469d0b755767bd2a7f4b208b8cff02"",""stream"":1,""data"":""W0lORk9dIERvd25sb2FkZWQgZnJvbSBjZW50cmFsOiBodHRwczovL3JlcG8ubWF2ZW4uYXBhY2hlLm9yZy9tYXZlbjIvb3JnL2FwYWNoZS9jb21tb25zL2NvbW1vbnMtZGlnZXN0ZXIzLzMuMi9jb21tb25zLWRpZ2VzdGVyMy0zLjIucG9tICgxOCBrQiBhdCA3NjUga0IvcykK"",""timestamp"":""2026-08-22T15:29:44.516385394Z""}"
"[INFO] Downloading from central: https://repo.maven.apache.org/maven2/org/apache/commons/commons-parent/22/commons-parent-22.pom
",2026-08-22T15:29:44.518657924Z,info,"{""serviceId"":""87697b40-66d1-4a58-89e6-1068a09cbf8c"",""deploymentId"":""d6c8c3b8-3bb6-45c0-bc76-a9729ab89f82"",""deploymentInstanceId"":null}","{""level"":""info"",""source"":""buildkit"",""type"":""log"",""vertex"":""sha256:5123184c115415746b9e45a79609be5df6469d0b755767bd2a7f4b208b8cff02"",""stream"":1,""data"":""W0lORk9dIERvd25sb2FkaW5nIGZyb20gY2VudHJhbDogaHR0cHM6Ly9yZXBvLm1hdmVuLmFwYWNoZS5vcmcvbWF2ZW4yL29yZy9hcGFjaGUvY29tbW9ucy9jb21tb25zLXBhcmVudC8yMi9jb21tb25zLXBhcmVudC0yMi5wb20K"",""timestamp"":""2026-08-22T15:29:44.518657924Z""}"
"[INFO] Downloaded from central: https://repo.maven.apache.org/maven2/org/apache/commons/commons-parent/22/commons-parent-22.pom (42 kB at 1.4 MB/s)
",2026-08-22T15:29:44.548653769Z,info,"{""serviceId"":""87697b40-66d1-4a58-89e6-1068a09cbf8c"",""deploymentId"":""d6c8c3b8-3bb6-45c0-bc76-a9729ab89f82"",""deploymentInstanceId"":null}","{""level"":""info"",""source"":""buildkit"",""type"":""log"",""vertex"":""sha256:5123184c115415746b9e45a79609be5df6469d0b755767bd2a7f4b208b8cff02"",""stream"":1,""data"":""W0lORk9dIERvd25sb2FkZWQgZnJvbSBjZW50cmFsOiBodHRwczovL3JlcG8ubWF2ZW4uYXBhY2hlLm9yZy9tYXZlbjIvb3JnL2FwYWNoZS9jb21tb25zL2NvbW1vbnMtcGFyZW50LzIyL2NvbW1vbnMtcGFyZW50LTIyLnBvbSAoNDIga0IgYXQgMS40IE1CL3MpCg=="",""timestamp"":""2026-08-22T15:29:44.548653769Z""}"
"[INFO] Downloading from central: https://repo.maven.apache.org/maven2/org/apache/apache/9/apache-9.pom
",2026-08-22T15:29:44.551331958Z,info,"{""serviceId"":""87697b40-66d1-4a58-89e6-1068a09cbf8c"",""deploymentId"":""d6c8c3b8-3bb6-45c0-bc76-a9729ab89f82"",""deploymentInstanceId"":null}","{""level"":""info"",""source"":""buildkit"",""type"":""log"",""vertex"":""sha256:5123184c115415746b9e45a79609be5df6469d0b755767bd2a7f4b208b8cff02"",""stream"":1,""data"":""W0lORk9dIERvd25sb2FkaW5nIGZyb20gY2VudHJhbDogaHR0cHM6Ly9yZXBvLm1hdmVuLmFwYWNoZS5vcmcvbWF2ZW4yL29yZy9hcGFjaGUvYXBhY2hlLzkvYXBhY2hlLTkucG9tCg=="",""timestamp"":""2026-08-22T15:29:44.551331958Z""}"
"[INFO] Downloaded from central: https://repo.maven.apache.org/maven2/org/apache/apache/9/apache-9.pom (15 kB at 659 kB/s)
",2026-08-22T15:29:44.574682743Z,info,"{""serviceId"":""87697b40-66d1-4a58-89e6-1068a09cbf8c"",""deploymentId"":""d6c8c3b8-3bb6-45c0-bc76-a9729ab89f82"",""deploymentInstanceId"":null}","{""level"":""info"",""source"":""buildkit"",""type"":""log"",""vertex"":""sha256:5123184c115415746b9e45a79609be5df6469d0b755767bd2a7f4b208b8cff02"",""stream"":1,""data"":""W0lORk9dIERvd25sb2FkZWQgZnJvbSBjZW50cmFsOiBodHRwczovL3JlcG8ubWF2ZW4uYXBhY2hlLm9yZy9tYXZlbjIvb3JnL2FwYWNoZS9hcGFjaGUvOS9hcGFjaGUtOS5wb20gKDE1IGtCIGF0IDY1OSBrQi9zKQo="",""timestamp"":""2026-08-22T15:29:44.574682743Z""}"
"[INFO] Downloading from central: https://repo.maven.apache.org/maven2/commons-beanutils/commons-beanutils/1.8.3/commons-beanutils-1.8.3.pom
",2026-08-22T15:29:44.578150566Z,info,"{""serviceId"":""87697b40-66d1-4a58-89e6-1068a09cbf8c"",""deploymentId"":""d6c8c3b8-3bb6-45c0-bc76-a9729ab89f82"",""deploymentInstanceId"":null}","{""level"":""info"",""source"":""buildkit"",""type"":""log"",""vertex"":""sha256:5123184c115415746b9e45a79609be5df6469d0b755767bd2a7f4b208b8cff02"",""stream"":1,""data"":""W0lORk9dIERvd25sb2FkaW5nIGZyb20gY2VudHJhbDogaHR0cHM6Ly9yZXBvLm1hdmVuLmFwYWNoZS5vcmcvbWF2ZW4yL2NvbW1vbnMtYmVhbnV0aWxzL2NvbW1vbnMtYmVhbnV0aWxzLzEuOC4zL2NvbW1vbnMtYmVhbnV0aWxzLTEuOC4zLnBvbQo="",""timestamp"":""2026-08-22T15:29:44.578150566Z""}"
"[INFO] Downloaded from central: https://repo.maven.apache.org/maven2/commons-beanutils/commons-beanutils/1.8.3/commons-beanutils-1.8.3.pom (11 kB at 533 kB/s)
",2026-08-22T15:29:44.598781891Z,info,"{""serviceId"":""87697b40-66d1-4a58-89e6-1068a09cbf8c"",""deploymentId"":""d6c8c3b8-3bb6-45c0-bc76-a9729ab89f82"",""deploymentInstanceId"":null}","{""level"":""info"",""source"":""buildkit"",""type"":""log"",""vertex"":""sha256:5123184c115415746b9e45a79609be5df6469d0b755767bd2a7f4b208b8cff02"",""stream"":1,""data"":""W0lORk9dIERvd25sb2FkZWQgZnJvbSBjZW50cmFsOiBodHRwczovL3JlcG8ubWF2ZW4uYXBhY2hlLm9yZy9tYXZlbjIvY29tbW9ucy1iZWFudXRpbHMvY29tbW9ucy1iZWFudXRpbHMvMS44LjMvY29tbW9ucy1iZWFudXRpbHMtMS44LjMucG9tICgxMSBrQiBhdCA1MzMga0IvcykK"",""timestamp"":""2026-08-22T15:29:44.598781891Z""}"
"[INFO] Downloading from central: https://repo.maven.apache.org/maven2/org/apache/commons/commons-parent/14/commons-parent-14.pom
",2026-08-22T15:29:44.601071587Z,info,"{""serviceId"":""87697b40-66d1-4a58-89e6-1068a09cbf8c"",""deploymentId"":""d6c8c3b8-3bb6-45c0-bc76-a9729ab89f82"",""deploymentInstanceId"":null}","{""level"":""info"",""source"":""buildkit"",""type"":""log"",""vertex"":""sha256:5123184c115415746b9e45a79609be5df6469d0b755767bd2a7f4b208b8cff02"",""stream"":1,""data"":""W0lORk9dIERvd25sb2FkaW5nIGZyb20gY2VudHJhbDogaHR0cHM6Ly9yZXBvLm1hdmVuLmFwYWNoZS5vcmcvbWF2ZW4yL29yZy9hcGFjaGUvY29tbW9ucy9jb21tb25zLXBhcmVudC8xNC9jb21tb25zLXBhcmVudC0xNC5wb20K"",""timestamp"":""2026-08-22T15:29:44.601071587Z""}"
"[INFO] Downloaded from central: https://repo.maven.apache.org/maven2/org/apache/commons/commons-parent/14/commons-parent-14.pom (31 kB at 1.3 MB/s)
",2026-08-22T15:29:44.624598136Z,info,"{""serviceId"":""87697b40-66d1-4a58-89e6-1068a09cbf8c"",""deploymentId"":""d6c8c3b8-3bb6-45c0-bc76-a9729ab89f82"",""deploymentInstanceId"":null}","{""level"":""info"",""source"":""buildkit"",""type"":""log"",""vertex"":""sha256:5123184c115415746b9e45a79609be5df6469d0b755767bd2a7f4b208b8cff02"",""stream"":1,""data"":""W0lORk9dIERvd25sb2FkZWQgZnJvbSBjZW50cmFsOiBodHRwczovL3JlcG8ubWF2ZW4uYXBhY2hlLm9yZy9tYXZlbjIvb3JnL2FwYWNoZS9jb21tb25zL2NvbW1vbnMtcGFyZW50LzE0L2NvbW1vbnMtcGFyZW50LTE0LnBvbSAoMzEga0IgYXQgMS4zIE1CL3MpCg=="",""timestamp"":""2026-08-22T15:29:44.624598136Z""}"
"[INFO] Downloading from central: https://repo.maven.apache.org/maven2/org/apache/apache/7/apache-7.pom
",2026-08-22T15:29:44.626879078Z,info,"{""serviceId"":""87697b40-66d1-4a58-89e6-1068a09cbf8c"",""deploymentId"":""d6c8c3b8-3bb6-45c0-bc76-a9729ab89f82"",""deploymentInstanceId"":null}","{""level"":""info"",""source"":""buildkit"",""type"":""log"",""vertex"":""sha256:5123184c115415746b9e45a79609be5df6469d0b755767bd2a7f4b208b8cff02"",""stream"":1,""data"":""W0lORk9dIERvd25sb2FkaW5nIGZyb20gY2VudHJhbDogaHR0cHM6Ly9yZXBvLm1hdmVuLmFwYWNoZS5vcmcvbWF2ZW4yL29yZy9hcGFjaGUvYXBhY2hlLzcvYXBhY2hlLTcucG9tCg=="",""timestamp"":""2026-08-22T15:29:44.626879078Z""}"
"[INFO] Downloaded from central: https://repo.maven.apache.org/maven2/org/apache/apache/7/apache-7.pom (14 kB at 627 kB/s)
",2026-08-22T15:29:44.650130344Z,info,"{""serviceId"":""87697b40-66d1-4a58-89e6-1068a09cbf8c"",""deploymentId"":""d6c8c3b8-3bb6-45c0-bc76-a9729ab89f82"",""deploymentInstanceId"":null}","{""level"":""info"",""source"":""buildkit"",""type"":""log"",""vertex"":""sha256:5123184c115415746b9e45a79609be5df6469d0b755767bd2a7f4b208b8cff02"",""stream"":1,""data"":""W0lORk9dIERvd25sb2FkZWQgZnJvbSBjZW50cmFsOiBodHRwczovL3JlcG8ubWF2ZW4uYXBhY2hlLm9yZy9tYXZlbjIvb3JnL2FwYWNoZS9hcGFjaGUvNy9hcGFjaGUtNy5wb20gKDE0IGtCIGF0IDYyNyBrQi9zKQo="",""timestamp"":""2026-08-22T15:29:44.650130344Z""}"
"[INFO] Downloading from central: https://repo.maven.apache.org/maven2/commons-logging/commons-logging/1.1.1/commons-logging-1.1.1.pom
",2026-08-22T15:29:44.653457406Z,info,"{""serviceId"":""87697b40-66d1-4a58-89e6-1068a09cbf8c"",""deploymentId"":""d6c8c3b8-3bb6-45c0-bc76-a9729ab89f82"",""deploymentInstanceId"":null}","{""level"":""info"",""source"":""buildkit"",""type"":""log"",""vertex"":""sha256:5123184c115415746b9e45a79609be5df6469d0b755767bd2a7f4b208b8cff02"",""stream"":1,""data"":""W0lORk9dIERvd25sb2FkaW5nIGZyb20gY2VudHJhbDogaHR0cHM6Ly9yZXBvLm1hdmVuLmFwYWNoZS5vcmcvbWF2ZW4yL2NvbW1vbnMtbG9nZ2luZy9jb21tb25zLWxvZ2dpbmcvMS4xLjEvY29tbW9ucy1sb2dnaW5nLTEuMS4xLnBvbQo="",""timestamp"":""2026-08-22T15:29:44.653457406Z""}"
"[INFO] Downloaded from central: https://repo.maven.apache.org/maven2/commons-logging/commons-logging/1.1.1/commons-logging-1.1.1.pom (18 kB at 765 kB/s)
",2026-08-22T15:29:44.677963795Z,info,"{""serviceId"":""87697b40-66d1-4a58-89e6-1068a09cbf8c"",""deploymentId"":""d6c8c3b8-3bb6-45c0-bc76-a9729ab89f82"",""deploymentInstanceId"":null}","{""level"":""info"",""source"":""buildkit"",""type"":""log"",""vertex"":""sha256:5123184c115415746b9e45a79609be5df6469d0b755767bd2a7f4b208b8cff02"",""stream"":1,""data"":""W0lORk9dIERvd25sb2FkZWQgZnJvbSBjZW50cmFsOiBodHRwczovL3JlcG8ubWF2ZW4uYXBhY2hlLm9yZy9tYXZlbjIvY29tbW9ucy1sb2dnaW5nL2NvbW1vbnMtbG9nZ2luZy8xLjEuMS9jb21tb25zLWxvZ2dpbmctMS4xLjEucG9tICgxOCBrQiBhdCA3NjUga0IvcykK"",""timestamp"":""2026-08-22T15:29:44.677963795Z""}"
"[INFO] Downloading from central: https://repo.maven.apache.org/maven2/org/apache/commons/commons-parent/5/commons-parent-5.pom
",2026-08-22T15:29:44.680254112Z,info,"{""serviceId"":""87697b40-66d1-4a58-89e6-1068a09cbf8c"",""deploymentId"":""d6c8c3b8-3bb6-45c0-bc76-a9729ab89f82"",""deploymentInstanceId"":null}","{""level"":""info"",""source"":""buildkit"",""type"":""log"",""vertex"":""sha256:5123184c115415746b9e45a79609be5df6469d0b755767bd2a7f4b208b8cff02"",""stream"":1,""data"":""W0lORk9dIERvd25sb2FkaW5nIGZyb20gY2VudHJhbDogaHR0cHM6Ly9yZXBvLm1hdmVuLmFwYWNoZS5vcmcvbWF2ZW4yL29yZy9hcGFjaGUvY29tbW9ucy9jb21tb25zLXBhcmVudC81L2NvbW1vbnMtcGFyZW50LTUucG9tCg=="",""timestamp"":""2026-08-22T15:29:44.680254112Z""}"
"[INFO] Downloaded from central: https://repo.maven.apache.org/maven2/org/apache/commons/commons-parent/5/commons-parent-5.pom (16 kB at 729 kB/s)
",2026-08-22T15:29:44.703138086Z,info,"{""serviceId"":""87697b40-66d1-4a58-89e6-1068a09cbf8c"",""deploymentId"":""d6c8c3b8-3bb6-45c0-bc76-a9729ab89f82"",""deploymentInstanceId"":null}","{""level"":""info"",""source"":""buildkit"",""type"":""log"",""vertex"":""sha256:5123184c115415746b9e45a79609be5df6469d0b755767bd2a7f4b208b8cff02"",""stream"":1,""data"":""W0lORk9dIERvd25sb2FkZWQgZnJvbSBjZW50cmFsOiBodHRwczovL3JlcG8ubWF2ZW4uYXBhY2hlLm9yZy9tYXZlbjIvb3JnL2FwYWNoZS9jb21tb25zL2NvbW1vbnMtcGFyZW50LzUvY29tbW9ucy1wYXJlbnQtNS5wb20gKDE2IGtCIGF0IDcyOSBrQi9zKQo="",""timestamp"":""2026-08-22T15:29:44.703138086Z""}"
"[INFO] Downloading from central: https://repo.maven.apache.org/maven2/org/apache/apache/4/apache-4.pom
",2026-08-22T15:29:44.705172549Z,info,"{""serviceId"":""87697b40-66d1-4a58-89e6-1068a09cbf8c"",""deploymentId"":""d6c8c3b8-3bb6-45c0-bc76-a9729ab89f82"",""deploymentInstanceId"":null}","{""level"":""info"",""source"":""buildkit"",""type"":""log"",""vertex"":""sha256:5123184c115415746b9e45a79609be5df6469d0b755767bd2a7f4b208b8cff02"",""stream"":1,""data"":""W0lORk9dIERvd25sb2FkaW5nIGZyb20gY2VudHJhbDogaHR0cHM6Ly9yZXBvLm1hdmVuLmFwYWNoZS5vcmcvbWF2ZW4yL29yZy9hcGFjaGUvYXBhY2hlLzQvYXBhY2hlLTQucG9tCg=="",""timestamp"":""2026-08-22T15:29:44.705172549Z""}"
"[INFO] Downloaded from central: https://repo.maven.apache.org/maven2/org/apache/apache/4/apache-4.pom (4.5 kB at 187 kB/s)
",2026-08-22T15:29:44.72993995Z,info,"{""serviceId"":""87697b40-66d1-4a58-89e6-1068a09cbf8c"",""deploymentId"":""d6c8c3b8-3bb6-45c0-bc76-a9729ab89f82"",""deploymentInstanceId"":null}","{""level"":""info"",""source"":""buildkit"",""type"":""log"",""vertex"":""sha256:5123184c115415746b9e45a79609be5df6469d0b755767bd2a7f4b208b8cff02"",""stream"":1,""data"":""W0lORk9dIERvd25sb2FkZWQgZnJvbSBjZW50cmFsOiBodHRwczovL3JlcG8ubWF2ZW4uYXBhY2hlLm9yZy9tYXZlbjIvb3JnL2FwYWNoZS9hcGFjaGUvNC9hcGFjaGUtNC5wb20gKDQuNSBrQiBhdCAxODcga0IvcykK"",""timestamp"":""2026-08-22T15:29:44.72993995Z""}"
"[INFO] Downloading from central: https://repo.maven.apache.org/maven2/org/apache/commons/commons-lang3/3.10/commons-lang3-3.10.pom
",2026-08-22T15:29:44.733174753Z,info,"{""serviceId"":""87697b40-66d1-4a58-89e6-1068a09cbf8c"",""deploymentId"":""d6c8c3b8-3bb6-45c0-bc76-a9729ab89f82"",""deploymentInstanceId"":null}","{""level"":""info"",""source"":""buildkit"",""type"":""log"",""vertex"":""sha256:5123184c115415746b9e45a79609be5df6469d0b755767bd2a7f4b208b8cff02"",""stream"":1,""data"":""W0lORk9dIERvd25sb2FkaW5nIGZyb20gY2VudHJhbDogaHR0cHM6Ly9yZXBvLm1hdmVuLmFwYWNoZS5vcmcvbWF2ZW4yL29yZy9hcGFjaGUvY29tbW9ucy9jb21tb25zLWxhbmczLzMuMTAvY29tbW9ucy1sYW5nMy0zLjEwLnBvbQo="",""timestamp"":""2026-08-22T15:29:44.733174753Z""}"
"[INFO] Downloaded from central: https://repo.maven.apache.org/maven2/org/apache/commons/commons-lang3/3.10/commons-lang3-3.10.pom (31 kB at 1.1 MB/s)
",2026-08-22T15:29:44.760723998Z,info,"{""serviceId"":""87697b40-66d1-4a58-89e6-1068a09cbf8c"",""deploymentId"":""d6c8c3b8-3bb6-45c0-bc76-a9729ab89f82"",""deploymentInstanceId"":null}","{""level"":""info"",""source"":""buildkit"",""type"":""log"",""vertex"":""sha256:5123184c115415746b9e45a79609be5df6469d0b755767bd2a7f4b208b8cff02"",""stream"":1,""data"":""W0lORk9dIERvd25sb2FkZWQgZnJvbSBjZW50cmFsOiBodHRwczovL3JlcG8ubWF2ZW4uYXBhY2hlLm9yZy9tYXZlbjIvb3JnL2FwYWNoZS9jb21tb25zL2NvbW1vbnMtbGFuZzMvMy4xMC9jb21tb25zLWxhbmczLTMuMTAucG9tICgzMSBrQiBhdCAxLjEgTUIvcykK"",""timestamp"":""2026-08-22T15:29:44.760723998Z""}"
"[INFO] Downloading from central: https://repo.maven.apache.org/maven2/org/apache/commons/commons-parent/50/commons-parent-50.pom
",2026-08-22T15:29:44.763881846Z,info,"{""serviceId"":""87697b40-66d1-4a58-89e6-1068a09cbf8c"",""deploymentId"":""d6c8c3b8-3bb6-45c0-bc76-a9729ab89f82"",""deploymentInstanceId"":null}","{""level"":""info"",""source"":""buildkit"",""type"":""log"",""vertex"":""sha256:5123184c115415746b9e45a79609be5df6469d0b755767bd2a7f4b208b8cff02"",""stream"":1,""data"":""W0lORk9dIERvd25sb2FkaW5nIGZyb20gY2VudHJhbDogaHR0cHM6Ly9yZXBvLm1hdmVuLmFwYWNoZS5vcmcvbWF2ZW4yL29yZy9hcGFjaGUvY29tbW9ucy9jb21tb25zLXBhcmVudC81MC9jb21tb25zLXBhcmVudC01MC5wb20K"",""timestamp"":""2026-08-22T15:29:44.763881846Z""}"
"[INFO] Downloaded from central: https://repo.maven.apache.org/maven2/org/apache/commons/commons-parent/50/commons-parent-50.pom (76 kB at 2.0 MB/s)
",2026-08-22T15:29:44.800873588Z,info,"{""serviceId"":""87697b40-66d1-4a58-89e6-1068a09cbf8c"",""deploymentId"":""d6c8c3b8-3bb6-45c0-bc76-a9729ab89f82"",""deploymentInstanceId"":null}","{""level"":""info"",""source"":""buildkit"",""type"":""log"",""vertex"":""sha256:5123184c115415746b9e45a79609be5df6469d0b755767bd2a7f4b208b8cff02"",""stream"":1,""data"":""W0lORk9dIERvd25sb2FkZWQgZnJvbSBjZW50cmFsOiBodHRwczovL3JlcG8ubWF2ZW4uYXBhY2hlLm9yZy9tYXZlbjIvb3JnL2FwYWNoZS9jb21tb25zL2NvbW1vbnMtcGFyZW50LzUwL2NvbW1vbnMtcGFyZW50LTUwLnBvbSAoNzYga0IgYXQgMi4wIE1CL3MpCg=="",""timestamp"":""2026-08-22T15:29:44.800873588Z""}"
"[INFO] Downloading from central: https://repo.maven.apache.org/maven2/org/apache/apache/21/apache-21.pom
",2026-08-22T15:29:44.804932248Z,info,"{""serviceId"":""87697b40-66d1-4a58-89e6-1068a09cbf8c"",""deploymentId"":""d6c8c3b8-3bb6-45c0-bc76-a9729ab89f82"",""deploymentInstanceId"":null}","{""level"":""info"",""source"":""buildkit"",""type"":""log"",""vertex"":""sha256:5123184c115415746b9e45a79609be5df6469d0b755767bd2a7f4b208b8cff02"",""stream"":1,""data"":""W0lORk9dIERvd25sb2FkaW5nIGZyb20gY2VudHJhbDogaHR0cHM6Ly9yZXBvLm1hdmVuLmFwYWNoZS5vcmcvbWF2ZW4yL29yZy9hcGFjaGUvYXBhY2hlLzIxL2FwYWNoZS0yMS5wb20K"",""timestamp"":""2026-08-22T15:29:44.804932248Z""}"
"[INFO] Downloaded from central: https://repo.maven.apache.org/maven2/org/apache/apache/21/apache-21.pom (17 kB at 713 kB/s)
",2026-08-22T15:29:44.8285276Z,info,"{""serviceId"":""87697b40-66d1-4a58-89e6-1068a09cbf8c"",""deploymentId"":""d6c8c3b8-3bb6-45c0-bc76-a9729ab89f82"",""deploymentInstanceId"":null}","{""level"":""info"",""source"":""buildkit"",""type"":""log"",""vertex"":""sha256:5123184c115415746b9e45a79609be5df6469d0b755767bd2a7f4b208b8cff02"",""stream"":1,""data"":""W0lORk9dIERvd25sb2FkZWQgZnJvbSBjZW50cmFsOiBodHRwczovL3JlcG8ubWF2ZW4uYXBhY2hlLm9yZy9tYXZlbjIvb3JnL2FwYWNoZS9hcGFjaGUvMjEvYXBhY2hlLTIxLnBvbSAoMTcga0IgYXQgNzEzIGtCL3MpCg=="",""timestamp"":""2026-08-22T15:29:44.8285276Z""}"
"[INFO] Downloading from central: https://repo.maven.apache.org/maven2/com/github/cliftonlabs/json-simple/3.0.2/json-simple-3.0.2.pom
",2026-08-22T15:29:44.832494672Z,info,"{""serviceId"":""87697b40-66d1-4a58-89e6-1068a09cbf8c"",""deploymentId"":""d6c8c3b8-3bb6-45c0-bc76-a9729ab89f82"",""deploymentInstanceId"":null}","{""level"":""info"",""source"":""buildkit"",""type"":""log"",""vertex"":""sha256:5123184c115415746b9e45a79609be5df6469d0b755767bd2a7f4b208b8cff02"",""stream"":1,""data"":""W0lORk9dIERvd25sb2FkaW5nIGZyb20gY2VudHJhbDogaHR0cHM6Ly9yZXBvLm1hdmVuLmFwYWNoZS5vcmcvbWF2ZW4yL2NvbS9naXRodWIvY2xpZnRvbmxhYnMvanNvbi1zaW1wbGUvMy4wLjIvanNvbi1zaW1wbGUtMy4wLjIucG9tCg=="",""timestamp"":""2026-08-22T15:29:44.832494672Z""}"
"[INFO] Downloaded from central: https://repo.maven.apache.org/maven2/com/github/cliftonlabs/json-simple/3.0.2/json-simple-3.0.2.pom (7.5 kB at 287 kB/s)
",2026-08-22T15:29:44.8584329Z,info,"{""serviceId"":""87697b40-66d1-4a58-89e6-1068a09cbf8c"",""deploymentId"":""d6c8c3b8-3bb6-45c0-bc76-a9729ab89f82"",""deploymentInstanceId"":null}","{""level"":""info"",""source"":""buildkit"",""type"":""log"",""vertex"":""sha256:5123184c115415746b9e45a79609be5df6469d0b755767bd2a7f4b208b8cff02"",""stream"":1,""data"":""W0lORk9dIERvd25sb2FkZWQgZnJvbSBjZW50cmFsOiBodHRwczovL3JlcG8ubWF2ZW4uYXBhY2hlLm9yZy9tYXZlbjIvY29tL2dpdGh1Yi9jbGlmdG9ubGFicy9qc29uLXNpbXBsZS8zLjAuMi9qc29uLXNpbXBsZS0zLjAuMi5wb20gKDcuNSBrQiBhdCAyODcga0IvcykK"",""timestamp"":""2026-08-22T15:29:44.8584329Z""}"
"[INFO] Downloading from central: https://repo.maven.apache.org/maven2/org/apache/maven/doxia/doxia-module-apt/2.0.0/doxia-module-apt-2.0.0.pom
",2026-08-22T15:29:44.861466642Z,info,"{""serviceId"":""87697b40-66d1-4a58-89e6-1068a09cbf8c"",""deploymentId"":""d6c8c3b8-3bb6-45c0-bc76-a9729ab89f82"",""deploymentInstanceId"":null}","{""level"":""info"",""source"":""buildkit"",""type"":""log"",""vertex"":""sha256:5123184c115415746b9e45a79609be5df6469d0b755767bd2a7f4b208b8cff02"",""stream"":1,""data"":""W0lORk9dIERvd25sb2FkaW5nIGZyb20gY2VudHJhbDogaHR0cHM6Ly9yZXBvLm1hdmVuLmFwYWNoZS5vcmcvbWF2ZW4yL29yZy9hcGFjaGUvbWF2ZW4vZG94aWEvZG94aWEtbW9kdWxlLWFwdC8yLjAuMC9kb3hpYS1tb2R1bGUtYXB0LTIuMC4wLnBvbQo="",""timestamp"":""2026-08-22T15:29:44.861466642Z""}"
"[INFO] Downloaded from central: https://repo.maven.apache.org/maven2/org/apache/maven/doxia/doxia-module-apt/2.0.0/doxia-module-apt-2.0.0.pom (2.9 kB at 106 kB/s)
",2026-08-22T15:29:44.888662166Z,info,"{""serviceId"":""87697b40-66d1-4a58-89e6-1068a09cbf8c"",""deploymentId"":""d6c8c3b8-3bb6-45c0-bc76-a9729ab89f82"",""deploymentInstanceId"":null}","{""level"":""info"",""source"":""buildkit"",""type"":""log"",""vertex"":""sha256:5123184c115415746b9e45a79609be5df6469d0b755767bd2a7f4b208b8cff02"",""stream"":1,""data"":""W0lORk9dIERvd25sb2FkZWQgZnJvbSBjZW50cmFsOiBodHRwczovL3JlcG8ubWF2ZW4uYXBhY2hlLm9yZy9tYXZlbjIvb3JnL2FwYWNoZS9tYXZlbi9kb3hpYS9kb3hpYS1tb2R1bGUtYXB0LzIuMC4wL2RveGlhLW1vZHVsZS1hcHQtMi4wLjAucG9tICgyLjkga0IgYXQgMTA2IGtCL3MpCg=="",""timestamp"":""2026-08-22T15:29:44.888662166Z""}"
"[INFO] Downloading from central: https://repo.maven.apache.org/maven2/org/apache/maven/doxia/doxia-module-xdoc/2.0.0/doxia-module-xdoc-2.0.0.pom
",2026-08-22T15:29:44.893209038Z,info,"{""serviceId"":""87697b40-66d1-4a58-89e6-1068a09cbf8c"",""deploymentId"":""d6c8c3b8-3bb6-45c0-bc76-a9729ab89f82"",""deploymentInstanceId"":null}","{""level"":""info"",""source"":""buildkit"",""type"":""log"",""vertex"":""sha256:5123184c115415746b9e45a79609be5df6469d0b755767bd2a7f4b208b8cff02"",""stream"":1,""data"":""W0lORk9dIERvd25sb2FkaW5nIGZyb20gY2VudHJhbDogaHR0cHM6Ly9yZXBvLm1hdmVuLmFwYWNoZS5vcmcvbWF2ZW4yL29yZy9hcGFjaGUvbWF2ZW4vZG94aWEvZG94aWEtbW9kdWxlLXhkb2MvMi4wLjAvZG94aWEtbW9kdWxlLXhkb2MtMi4wLjAucG9tCg=="",""timestamp"":""2026-08-22T15:29:44.893209038Z""}"
"[INFO] Downloaded from central: https://repo.maven.apache.org/maven2/org/apache/maven/doxia/doxia-module-xdoc/2.0.0/doxia-module-xdoc-2.0.0.pom (5.4 kB at 245 kB/s)
",2026-08-22T15:29:44.915494555Z,info,"{""serviceId"":""87697b40-66d1-4a58-89e6-1068a09cbf8c"",""deploymentId"":""d6c8c3b8-3bb6-45c0-bc76-a9729ab89f82"",""deploymentInstanceId"":null}","{""level"":""info"",""source"":""buildkit"",""type"":""log"",""vertex"":""sha256:5123184c115415746b9e45a79609be5df6469d0b755767bd2a7f4b208b8cff02"",""stream"":1,""data"":""W0lORk9dIERvd25sb2FkZWQgZnJvbSBjZW50cmFsOiBodHRwczovL3JlcG8ubWF2ZW4uYXBhY2hlLm9yZy9tYXZlbjIvb3JnL2FwYWNoZS9tYXZlbi9kb3hpYS9kb3hpYS1tb2R1bGUteGRvYy8yLjAuMC9kb3hpYS1tb2R1bGUteGRvYy0yLjAuMC5wb20gKDUuNCBrQiBhdCAyNDUga0IvcykK"",""timestamp"":""2026-08-22T15:29:44.915494555Z""}"
"[INFO] Downloading from central: https://repo.maven.apache.org/maven2/org/apache/maven/maven-archiver/3.6.2/maven-archiver-3.6.2.pom
",2026-08-22T15:29:44.920488237Z,info,"{""serviceId"":""87697b40-66d1-4a58-89e6-1068a09cbf8c"",""deploymentId"":""d6c8c3b8-3bb6-45c0-bc76-a9729ab89f82"",""deploymentInstanceId"":null}","{""level"":""info"",""source"":""buildkit"",""type"":""log"",""vertex"":""sha256:5123184c115415746b9e45a79609be5df6469d0b755767bd2a7f4b208b8cff02"",""stream"":1,""data"":""W0lORk9dIERvd25sb2FkaW5nIGZyb20gY2VudHJhbDogaHR0cHM6Ly9yZXBvLm1hdmVuLmFwYWNoZS5vcmcvbWF2ZW4yL29yZy9hcGFjaGUvbWF2ZW4vbWF2ZW4tYXJjaGl2ZXIvMy42LjIvbWF2ZW4tYXJjaGl2ZXItMy42LjIucG9tCg=="",""timestamp"":""2026-08-22T15:29:44.920488237Z""}"
"[INFO] Downloaded from central: https://repo.maven.apache.org/maven2/org/apache/maven/maven-archiver/3.6.2/maven-archiver-3.6.2.pom (4.4 kB at 191 kB/s)
",2026-08-22T15:29:44.943892844Z,info,"{""serviceId"":""87697b40-66d1-4a58-89e6-1068a09cbf8c"",""deploymentId"":""d6c8c3b8-3bb6-45c0-bc76-a9729ab89f82"",""deploymentInstanceId"":null}","{""level"":""info"",""source"":""buildkit"",""type"":""log"",""vertex"":""sha256:5123184c115415746b9e45a79609be5df6469d0b755767bd2a7f4b208b8cff02"",""stream"":1,""data"":""W0lORk9dIERvd25sb2FkZWQgZnJvbSBjZW50cmFsOiBodHRwczovL3JlcG8ubWF2ZW4uYXBhY2hlLm9yZy9tYXZlbjIvb3JnL2FwYWNoZS9tYXZlbi9tYXZlbi1hcmNoaXZlci8zLjYuMi9tYXZlbi1hcmNoaXZlci0zLjYuMi5wb20gKDQuNCBrQiBhdCAxOTEga0IvcykK"",""timestamp"":""2026-08-22T15:29:44.943892844Z""}"
"[INFO] Downloading from central: https://repo.maven.apache.org/maven2/org/apache/maven/shared/maven-shared-components/41/maven-shared-components-41.pom
",2026-08-22T15:29:44.946108848Z,info,"{""serviceId"":""87697b40-66d1-4a58-89e6-1068a09cbf8c"",""deploymentId"":""d6c8c3b8-3bb6-45c0-bc76-a9729ab89f82"",""deploymentInstanceId"":null}","{""level"":""info"",""source"":""buildkit"",""type"":""log"",""vertex"":""sha256:5123184c115415746b9e45a79609be5df6469d0b755767bd2a7f4b208b8cff02"",""stream"":1,""data"":""W0lORk9dIERvd25sb2FkaW5nIGZyb20gY2VudHJhbDogaHR0cHM6Ly9yZXBvLm1hdmVuLmFwYWNoZS5vcmcvbWF2ZW4yL29yZy9hcGFjaGUvbWF2ZW4vc2hhcmVkL21hdmVuLXNoYXJlZC1jb21wb25lbnRzLzQxL21hdmVuLXNoYXJlZC1jb21wb25lbnRzLTQxLnBvbQo="",""timestamp"":""2026-08-22T15:29:44.946108848Z""}"
"[INFO] Downloaded from central: https://repo.maven.apache.org/maven2/org/apache/maven/shared/maven-shared-components/41/maven-shared-components-41.pom (3.2 kB at 118 kB/s)
",2026-08-22T15:29:44.972322409Z,info,"{""serviceId"":""87697b40-66d1-4a58-89e6-1068a09cbf8c"",""deploymentId"":""d6c8c3b8-3bb6-45c0-bc76-a9729ab89f82"",""deploymentInstanceId"":null}","{""level"":""info"",""source"":""buildkit"",""type"":""log"",""vertex"":""sha256:5123184c115415746b9e45a79609be5df6469d0b755767bd2a7f4b208b8cff02"",""stream"":1,""data"":""W0lORk9dIERvd25sb2FkZWQgZnJvbSBjZW50cmFsOiBodHRwczovL3JlcG8ubWF2ZW4uYXBhY2hlLm9yZy9tYXZlbjIvb3JnL2FwYWNoZS9tYXZlbi9zaGFyZWQvbWF2ZW4tc2hhcmVkLWNvbXBvbmVudHMvNDEvbWF2ZW4tc2hhcmVkLWNvbXBvbmVudHMtNDEucG9tICgzLjIga0IgYXQgMTE4IGtCL3MpCg=="",""timestamp"":""2026-08-22T15:29:44.972322409Z""}"
"[INFO] Downloading from central: https://repo.maven.apache.org/maven2/org/apache/maven/maven-parent/41/maven-parent-41.pom
",2026-08-22T15:29:44.973763021Z,info,"{""serviceId"":""87697b40-66d1-4a58-89e6-1068a09cbf8c"",""deploymentId"":""d6c8c3b8-3bb6-45c0-bc76-a9729ab89f82"",""deploymentInstanceId"":null}","{""level"":""info"",""source"":""buildkit"",""type"":""log"",""vertex"":""sha256:5123184c115415746b9e45a79609be5df6469d0b755767bd2a7f4b208b8cff02"",""stream"":1,""data"":""W0lORk9dIERvd25sb2FkaW5nIGZyb20gY2VudHJhbDogaHR0cHM6Ly9yZXBvLm1hdmVuLmFwYWNoZS5vcmcvbWF2ZW4yL29yZy9hcGFjaGUvbWF2ZW4vbWF2ZW4tcGFyZW50LzQxL21hdmVuLXBhcmVudC00MS5wb20K"",""timestamp"":""2026-08-22T15:29:44.973763021Z""}"
"[INFO] Downloaded from central: https://repo.maven.apache.org/maven2/org/apache/maven/maven-parent/41/maven-parent-41.pom (50 kB at 2.2 MB/s)
",2026-08-22T15:29:44.996942248Z,info,"{""serviceId"":""87697b40-66d1-4a58-89e6-1068a09cbf8c"",""deploymentId"":""d6c8c3b8-3bb6-45c0-bc76-a9729ab89f82"",""deploymentInstanceId"":null}","{""level"":""info"",""source"":""buildkit"",""type"":""log"",""vertex"":""sha256:5123184c115415746b9e45a79609be5df6469d0b755767bd2a7f4b208b8cff02"",""stream"":1,""data"":""W0lORk9dIERvd25sb2FkZWQgZnJvbSBjZW50cmFsOiBodHRwczovL3JlcG8ubWF2ZW4uYXBhY2hlLm9yZy9tYXZlbjIvb3JnL2FwYWNoZS9tYXZlbi9tYXZlbi1wYXJlbnQvNDEvbWF2ZW4tcGFyZW50LTQxLnBvbSAoNTAga0IgYXQgMi4yIE1CL3MpCg=="",""timestamp"":""2026-08-22T15:29:44.996942248Z""}"
"[INFO] Downloading from central: https://repo.maven.apache.org/maven2/org/codehaus/plexus/plexus-archiver/4.9.2/plexus-archiver-4.9.2.pom
",2026-08-22T15:29:44.999953326Z,info,"{""serviceId"":""87697b40-66d1-4a58-89e6-1068a09cbf8c"",""deploymentId"":""d6c8c3b8-3bb6-45c0-bc76-a9729ab89f82"",""deploymentInstanceId"":null}","{""level"":""info"",""source"":""buildkit"",""type"":""log"",""vertex"":""sha256:5123184c115415746b9e45a79609be5df6469d0b755767bd2a7f4b208b8cff02"",""stream"":1,""data"":""W0lORk9dIERvd25sb2FkaW5nIGZyb20gY2VudHJhbDogaHR0cHM6Ly9yZXBvLm1hdmVuLmFwYWNoZS5vcmcvbWF2ZW4yL29yZy9jb2RlaGF1cy9wbGV4dXMvcGxleHVzLWFyY2hpdmVyLzQuOS4yL3BsZXh1cy1hcmNoaXZlci00LjkuMi5wb20K"",""timestamp"":""2026-08-22T15:29:44.999953326Z""}"
"[INFO] Downloaded from central: https://repo.maven.apache.org/maven2/org/codehaus/plexus/plexus-archiver/4.9.2/plexus-archiver-4.9.2.pom (6.0 kB at 240 kB/s)
",2026-08-22T15:29:45.024333466Z,info,"{""serviceId"":""87697b40-66d1-4a58-89e6-1068a09cbf8c"",""deploymentId"":""d6c8c3b8-3bb6-45c0-bc76-a9729ab89f82"",""deploymentInstanceId"":null}","{""level"":""info"",""source"":""buildkit"",""type"":""log"",""vertex"":""sha256:5123184c115415746b9e45a79609be5df6469d0b755767bd2a7f4b208b8cff02"",""stream"":1,""data"":""W0lORk9dIERvd25sb2FkZWQgZnJvbSBjZW50cmFsOiBodHRwczovL3JlcG8ubWF2ZW4uYXBhY2hlLm9yZy9tYXZlbjIvb3JnL2NvZGVoYXVzL3BsZXh1cy9wbGV4dXMtYXJjaGl2ZXIvNC45LjIvcGxleHVzLWFyY2hpdmVyLTQuOS4yLnBvbSAoNi4wIGtCIGF0IDI0MCBrQi9zKQo="",""timestamp"":""2026-08-22T15:29:45.024333466Z""}"
"[INFO] Downloading from central: https://repo.maven.apache.org/maven2/org/codehaus/plexus/plexus-io/3.4.2/plexus-io-3.4.2.pom
",2026-08-22T15:29:45.027812736Z,info,"{""serviceId"":""87697b40-66d1-4a58-89e6-1068a09cbf8c"",""deploymentId"":""d6c8c3b8-3bb6-45c0-bc76-a9729ab89f82"",""deploymentInstanceId"":null}","{""level"":""info"",""source"":""buildkit"",""type"":""log"",""vertex"":""sha256:5123184c115415746b9e45a79609be5df6469d0b755767bd2a7f4b208b8cff02"",""stream"":1,""data"":""W0lORk9dIERvd25sb2FkaW5nIGZyb20gY2VudHJhbDogaHR0cHM6Ly9yZXBvLm1hdmVuLmFwYWNoZS5vcmcvbWF2ZW4yL29yZy9jb2RlaGF1cy9wbGV4dXMvcGxleHVzLWlvLzMuNC4yL3BsZXh1cy1pby0zLjQuMi5wb20K"",""timestamp"":""2026-08-22T15:29:45.027812736Z""}"
"[INFO] Downloaded from central: https://repo.maven.apache.org/maven2/org/codehaus/plexus/plexus-io/3.4.2/plexus-io-3.4.2.pom (3.9 kB at 154 kB/s)
",2026-08-22T15:29:45.052753978Z,info,"{""serviceId"":""87697b40-66d1-4a58-89e6-1068a09cbf8c"",""deploymentId"":""d6c8c3b8-3bb6-45c0-bc76-a9729ab89f82"",""deploymentInstanceId"":null}","{""level"":""info"",""source"":""buildkit"",""type"":""log"",""vertex"":""sha256:5123184c115415746b9e45a79609be5df6469d0b755767bd2a7f4b208b8cff02"",""stream"":1,""data"":""W0lORk9dIERvd25sb2FkZWQgZnJvbSBjZW50cmFsOiBodHRwczovL3JlcG8ubWF2ZW4uYXBhY2hlLm9yZy9tYXZlbjIvb3JnL2NvZGVoYXVzL3BsZXh1cy9wbGV4dXMtaW8vMy40LjIvcGxleHVzLWlvLTMuNC4yLnBvbSAoMy45IGtCIGF0IDE1NCBrQi9zKQo="",""timestamp"":""2026-08-22T15:29:45.052753978Z""}"
"[INFO] Downloading from central: https://repo.maven.apache.org/maven2/commons-io/commons-io/2.15.1/commons-io-2.15.1.pom
",2026-08-22T15:29:45.056478416Z,info,"{""serviceId"":""87697b40-66d1-4a58-89e6-1068a09cbf8c"",""deploymentId"":""d6c8c3b8-3bb6-45c0-bc76-a9729ab89f82"",""deploymentInstanceId"":null}","{""level"":""info"",""source"":""buildkit"",""type"":""log"",""vertex"":""sha256:5123184c115415746b9e45a79609be5df6469d0b755767bd2a7f4b208b8cff02"",""stream"":1,""data"":""W0lORk9dIERvd25sb2FkaW5nIGZyb20gY2VudHJhbDogaHR0cHM6Ly9yZXBvLm1hdmVuLmFwYWNoZS5vcmcvbWF2ZW4yL2NvbW1vbnMtaW8vY29tbW9ucy1pby8yLjE1LjEvY29tbW9ucy1pby0yLjE1LjEucG9tCg=="",""timestamp"":""2026-08-22T15:29:45.056478416Z""}"
"[INFO] Downloaded from central: https://repo.maven.apache.org/maven2/commons-io/commons-io/2.15.1/commons-io-2.15.1.pom (20 kB at 832 kB/s)
",2026-08-22T15:29:45.080809092Z,info,"{""serviceId"":""87697b40-66d1-4a58-89e6-1068a09cbf8c"",""deploymentId"":""d6c8c3b8-3bb6-45c0-bc76-a9729ab89f82"",""deploymentInstanceId"":null}","{""level"":""info"",""source"":""buildkit"",""type"":""log"",""vertex"":""sha256:5123184c115415746b9e45a79609be5df6469d0b755767bd2a7f4b208b8cff02"",""stream"":1,""data"":""W0lORk9dIERvd25sb2FkZWQgZnJvbSBjZW50cmFsOiBodHRwczovL3JlcG8ubWF2ZW4uYXBhY2hlLm9yZy9tYXZlbjIvY29tbW9ucy1pby9jb21tb25zLWlvLzIuMTUuMS9jb21tb25zLWlvLTIuMTUuMS5wb20gKDIwIGtCIGF0IDgzMiBrQi9zKQo="",""timestamp"":""2026-08-22T15:29:45.080809092Z""}"
"[INFO] Downloading from central: https://repo.maven.apache.org/maven2/org/apache/commons/commons-parent/65/commons-parent-65.pom
",2026-08-22T15:29:45.083663314Z,info,"{""serviceId"":""87697b40-66d1-4a58-89e6-1068a09cbf8c"",""deploymentId"":""d6c8c3b8-3bb6-45c0-bc76-a9729ab89f82"",""deploymentInstanceId"":null}","{""level"":""info"",""source"":""buildkit"",""type"":""log"",""vertex"":""sha256:5123184c115415746b9e45a79609be5df6469d0b755767bd2a7f4b208b8cff02"",""stream"":1,""data"":""W0lORk9dIERvd25sb2FkaW5nIGZyb20gY2VudHJhbDogaHR0cHM6Ly9yZXBvLm1hdmVuLmFwYWNoZS5vcmcvbWF2ZW4yL29yZy9hcGFjaGUvY29tbW9ucy9jb21tb25zLXBhcmVudC82NS9jb21tb25zLXBhcmVudC02NS5wb20K"",""timestamp"":""2026-08-22T15:29:45.083663314Z""}"
"[INFO] Downloaded from central: https://repo.maven.apache.org/maven2/org/apache/commons/commons-parent/65/commons-parent-65.pom (78 kB at 2.5 MB/s)
",2026-08-22T15:29:45.114370127Z,info,"{""serviceId"":""87697b40-66d1-4a58-89e6-1068a09cbf8c"",""deploymentId"":""d6c8c3b8-3bb6-45c0-bc76-a9729ab89f82"",""deploymentInstanceId"":null}","{""level"":""info"",""source"":""buildkit"",""type"":""log"",""vertex"":""sha256:5123184c115415746b9e45a79609be5df6469d0b755767bd2a7f4b208b8cff02"",""stream"":1,""data"":""W0lORk9dIERvd25sb2FkZWQgZnJvbSBjZW50cmFsOiBodHRwczovL3JlcG8ubWF2ZW4uYXBhY2hlLm9yZy9tYXZlbjIvb3JnL2FwYWNoZS9jb21tb25zL2NvbW1vbnMtcGFyZW50LzY1L2NvbW1vbnMtcGFyZW50LTY1LnBvbSAoNzgga0IgYXQgMi41IE1CL3MpCg=="",""timestamp"":""2026-08-22T15:29:45.114370127Z""}"
"[INFO] Downloading from central: https://repo.maven.apache.org/maven2/org/apache/commons/commons-compress/1.26.1/commons-compress-1.26.1.pom
",2026-08-22T15:29:45.120541075Z,info,"{""serviceId"":""87697b40-66d1-4a58-89e6-1068a09cbf8c"",""deploymentId"":""d6c8c3b8-3bb6-45c0-bc76-a9729ab89f82"",""deploymentInstanceId"":null}","{""level"":""info"",""source"":""buildkit"",""type"":""log"",""vertex"":""sha256:5123184c115415746b9e45a79609be5df6469d0b755767bd2a7f4b208b8cff02"",""stream"":1,""data"":""W0lORk9dIERvd25sb2FkaW5nIGZyb20gY2VudHJhbDogaHR0cHM6Ly9yZXBvLm1hdmVuLmFwYWNoZS5vcmcvbWF2ZW4yL29yZy9hcGFjaGUvY29tbW9ucy9jb21tb25zLWNvbXByZXNzLzEuMjYuMS9jb21tb25zLWNvbXByZXNzLTEuMjYuMS5wb20K"",""timestamp"":""2026-08-22T15:29:45.120541075Z""}"
"[INFO] Downloaded from central: https://repo.maven.apache.org/maven2/org/apache/commons/commons-compress/1.26.1/commons-compress-1.26.1.pom (22 kB at 932 kB/s)
",2026-08-22T15:29:45.14483765Z,info,"{""serviceId"":""87697b40-66d1-4a58-89e6-1068a09cbf8c"",""deploymentId"":""d6c8c3b8-3bb6-45c0-bc76-a9729ab89f82"",""deploymentInstanceId"":null}","{""level"":""info"",""source"":""buildkit"",""type"":""log"",""vertex"":""sha256:5123184c115415746b9e45a79609be5df6469d0b755767bd2a7f4b208b8cff02"",""stream"":1,""data"":""W0lORk9dIERvd25sb2FkZWQgZnJvbSBjZW50cmFsOiBodHRwczovL3JlcG8ubWF2ZW4uYXBhY2hlLm9yZy9tYXZlbjIvb3JnL2FwYWNoZS9jb21tb25zL2NvbW1vbnMtY29tcHJlc3MvMS4yNi4xL2NvbW1vbnMtY29tcHJlc3MtMS4yNi4xLnBvbSAoMjIga0IgYXQgOTMyIGtCL3MpCg=="",""timestamp"":""2026-08-22T15:29:45.14483765Z""}"
"[INFO] Downloading from central: https://repo.maven.apache.org/maven2/org/apache/commons/commons-parent/66/commons-parent-66.pom
",2026-08-22T15:29:45.148178032Z,info,"{""serviceId"":""87697b40-66d1-4a58-89e6-1068a09cbf8c"",""deploymentId"":""d6c8c3b8-3bb6-45c0-bc76-a9729ab89f82"",""deploymentInstanceId"":null}","{""level"":""info"",""source"":""buildkit"",""type"":""log"",""vertex"":""sha256:5123184c115415746b9e45a79609be5df6469d0b755767bd2a7f4b208b8cff02"",""stream"":1,""data"":""W0lORk9dIERvd25sb2FkaW5nIGZyb20gY2VudHJhbDogaHR0cHM6Ly9yZXBvLm1hdmVuLmFwYWNoZS5vcmcvbWF2ZW4yL29yZy9hcGFjaGUvY29tbW9ucy9jb21tb25zLXBhcmVudC82Ni9jb21tb25zLXBhcmVudC02Ni5wb20K"",""timestamp"":""2026-08-22T15:29:45.148178032Z""}"
"[INFO] Downloaded from central: https://repo.maven.apache.org/maven2/org/apache/commons/commons-parent/66/commons-parent-66.pom (77 kB at 2.7 MB/s)
",2026-08-22T15:29:45.178244533Z,info,"{""serviceId"":""87697b40-66d1-4a58-89e6-1068a09cbf8c"",""deploymentId"":""d6c8c3b8-3bb6-45c0-bc76-a9729ab89f82"",""deploymentInstanceId"":null}","{""level"":""info"",""source"":""buildkit"",""type"":""log"",""vertex"":""sha256:5123184c115415746b9e45a79609be5df6469d0b755767bd2a7f4b208b8cff02"",""stream"":1,""data"":""W0lORk9dIERvd25sb2FkZWQgZnJvbSBjZW50cmFsOiBodHRwczovL3JlcG8ubWF2ZW4uYXBhY2hlLm9yZy9tYXZlbjIvb3JnL2FwYWNoZS9jb21tb25zL2NvbW1vbnMtcGFyZW50LzY2L2NvbW1vbnMtcGFyZW50LTY2LnBvbSAoNzcga0IgYXQgMi43IE1CL3MpCg=="",""timestamp"":""2026-08-22T15:29:45.178244533Z""}"
"[INFO] Downloading from central: https://repo.maven.apache.org/maven2/commons-codec/commons-codec/1.16.1/commons-codec-1.16.1.pom
",2026-08-22T15:29:45.185243184Z,info,"{""serviceId"":""87697b40-66d1-4a58-89e6-1068a09cbf8c"",""deploymentId"":""d6c8c3b8-3bb6-45c0-bc76-a9729ab89f82"",""deploymentInstanceId"":null}","{""level"":""info"",""source"":""buildkit"",""type"":""log"",""vertex"":""sha256:5123184c115415746b9e45a79609be5df6469d0b755767bd2a7f4b208b8cff02"",""stream"":1,""data"":""W0lORk9dIERvd25sb2FkaW5nIGZyb20gY2VudHJhbDogaHR0cHM6Ly9yZXBvLm1hdmVuLmFwYWNoZS5vcmcvbWF2ZW4yL2NvbW1vbnMtY29kZWMvY29tbW9ucy1jb2RlYy8xLjE2LjEvY29tbW9ucy1jb2RlYy0xLjE2LjEucG9tCg=="",""timestamp"":""2026-08-22T15:29:45.185243184Z""}"
"[INFO] Downloaded from central: https://repo.maven.apache.org/maven2/commons-codec/commons-codec/1.16.1/commons-codec-1.16.1.pom (16 kB at 627 kB/s)
",2026-08-22T15:29:45.210081781Z,info,"{""serviceId"":""87697b40-66d1-4a58-89e6-1068a09cbf8c"",""deploymentId"":""d6c8c3b8-3bb6-45c0-bc76-a9729ab89f82"",""deploymentInstanceId"":null}","{""level"":""info"",""source"":""buildkit"",""type"":""log"",""vertex"":""sha256:5123184c115415746b9e45a79609be5df6469d0b755767bd2a7f4b208b8cff02"",""stream"":1,""data"":""W0lORk9dIERvd25sb2FkZWQgZnJvbSBjZW50cmFsOiBodHRwczovL3JlcG8ubWF2ZW4uYXBhY2hlLm9yZy9tYXZlbjIvY29tbW9ucy1jb2RlYy9jb21tb25zLWNvZGVjLzEuMTYuMS9jb21tb25zLWNvZGVjLTEuMTYuMS5wb20gKDE2IGtCIGF0IDYyNyBrQi9zKQo="",""timestamp"":""2026-08-22T15:29:45.210081781Z""}"
"[INFO] Downloading from central: https://repo.maven.apache.org/maven2/org/iq80/snappy/snappy/0.4/snappy-0.4.pom
",2026-08-22T15:29:45.2156859Z,info,"{""serviceId"":""87697b40-66d1-4a58-89e6-1068a09cbf8c"",""deploymentId"":""d6c8c3b8-3bb6-45c0-bc76-a9729ab89f82"",""deploymentInstanceId"":null}","{""level"":""info"",""source"":""buildkit"",""type"":""log"",""vertex"":""sha256:5123184c115415746b9e45a79609be5df6469d0b755767bd2a7f4b208b8cff02"",""stream"":1,""data"":""W0lORk9dIERvd25sb2FkaW5nIGZyb20gY2VudHJhbDogaHR0cHM6Ly9yZXBvLm1hdmVuLmFwYWNoZS5vcmcvbWF2ZW4yL29yZy9pcTgwL3NuYXBweS9zbmFwcHkvMC40L3NuYXBweS0wLjQucG9tCg=="",""timestamp"":""2026-08-22T15:29:45.2156859Z""}"
"[INFO] Downloaded from central: https://repo.maven.apache.org/maven2/org/iq80/snappy/snappy/0.4/snappy-0.4.pom (15 kB at 501 kB/s)
",2026-08-22T15:29:45.244941615Z,info,"{""serviceId"":""87697b40-66d1-4a58-89e6-1068a09cbf8c"",""deploymentId"":""d6c8c3b8-3bb6-45c0-bc76-a9729ab89f82"",""deploymentInstanceId"":null}","{""level"":""info"",""source"":""buildkit"",""type"":""log"",""vertex"":""sha256:5123184c115415746b9e45a79609be5df6469d0b755767bd2a7f4b208b8cff02"",""stream"":1,""data"":""W0lORk9dIERvd25sb2FkZWQgZnJvbSBjZW50cmFsOiBodHRwczovL3JlcG8ubWF2ZW4uYXBhY2hlLm9yZy9tYXZlbjIvb3JnL2lxODAvc25hcHB5L3NuYXBweS8wLjQvc25hcHB5LTAuNC5wb20gKDE1IGtCIGF0IDUwMSBrQi9zKQo="",""timestamp"":""2026-08-22T15:29:45.244941615Z""}"
"[INFO] Downloading from central: https://repo.maven.apache.org/maven2/org/tukaani/xz/1.9/xz-1.9.pom
",2026-08-22T15:29:45.249358302Z,info,"{""serviceId"":""87697b40-66d1-4a58-89e6-1068a09cbf8c"",""deploymentId"":""d6c8c3b8-3bb6-45c0-bc76-a9729ab89f82"",""deploymentInstanceId"":null}","{""level"":""info"",""source"":""buildkit"",""type"":""log"",""vertex"":""sha256:5123184c115415746b9e45a79609be5df6469d0b755767bd2a7f4b208b8cff02"",""stream"":1,""data"":""W0lORk9dIERvd25sb2FkaW5nIGZyb20gY2VudHJhbDogaHR0cHM6Ly9yZXBvLm1hdmVuLmFwYWNoZS5vcmcvbWF2ZW4yL29yZy90dWthYW5pL3h6LzEuOS94ei0xLjkucG9tCg=="",""timestamp"":""2026-08-22T15:29:45.249358302Z""}"
"[INFO] Downloaded from central: https://repo.maven.apache.org/maven2/org/tukaani/xz/1.9/xz-1.9.pom (2.0 kB at 79 kB/s)
",2026-08-22T15:29:45.275533104Z,info,"{""serviceId"":""87697b40-66d1-4a58-89e6-1068a09cbf8c"",""deploymentId"":""d6c8c3b8-3bb6-45c0-bc76-a9729ab89f82"",""deploymentInstanceId"":null}","{""level"":""info"",""source"":""buildkit"",""type"":""log"",""vertex"":""sha256:5123184c115415746b9e45a79609be5df6469d0b755767bd2a7f4b208b8cff02"",""stream"":1,""data"":""W0lORk9dIERvd25sb2FkZWQgZnJvbSBjZW50cmFsOiBodHRwczovL3JlcG8ubWF2ZW4uYXBhY2hlLm9yZy9tYXZlbjIvb3JnL3R1a2FhbmkveHovMS45L3h6LTEuOS5wb20gKDIuMCBrQiBhdCA3OSBrQi9zKQo="",""timestamp"":""2026-08-22T15:29:45.275533104Z""}"
"[INFO] Downloading from central: https://repo.maven.apache.org/maven2/com/github/luben/zstd-jni/1.5.5-11/zstd-jni-1.5.5-11.pom
",2026-08-22T15:29:45.279828469Z,info,"{""serviceId"":""87697b40-66d1-4a58-89e6-1068a09cbf8c"",""deploymentId"":""d6c8c3b8-3bb6-45c0-bc76-a9729ab89f82"",""deploymentInstanceId"":null}","{""level"":""info"",""source"":""buildkit"",""type"":""log"",""vertex"":""sha256:5123184c115415746b9e45a79609be5df6469d0b755767bd2a7f4b208b8cff02"",""stream"":1,""data"":""W0lORk9dIERvd25sb2FkaW5nIGZyb20gY2VudHJhbDogaHR0cHM6Ly9yZXBvLm1hdmVuLmFwYWNoZS5vcmcvbWF2ZW4yL2NvbS9naXRodWIvbHViZW4venN0ZC1qbmkvMS41LjUtMTEvenN0ZC1qbmktMS41LjUtMTEucG9tCg=="",""timestamp"":""2026-08-22T15:29:45.279828469Z""}"
"[INFO] Downloaded from central: https://repo.maven.apache.org/maven2/com/github/luben/zstd-jni/1.5.5-11/zstd-jni-1.5.5-11.pom (2.0 kB at 67 kB/s)
",2026-08-22T15:29:45.309378296Z,info,"{""serviceId"":""87697b40-66d1-4a58-89e6-1068a09cbf8c"",""deploymentId"":""d6c8c3b8-3bb6-45c0-bc76-a9729ab89f82"",""deploymentInstanceId"":null}","{""level"":""info"",""source"":""buildkit"",""type"":""log"",""vertex"":""sha256:5123184c115415746b9e45a79609be5df6469d0b755767bd2a7f4b208b8cff02"",""stream"":1,""data"":""W0lORk9dIERvd25sb2FkZWQgZnJvbSBjZW50cmFsOiBodHRwczovL3JlcG8ubWF2ZW4uYXBhY2hlLm9yZy9tYXZlbjIvY29tL2dpdGh1Yi9sdWJlbi96c3RkLWpuaS8xLjUuNS0xMS96c3RkLWpuaS0xLjUuNS0xMS5wb20gKDIuMCBrQiBhdCA2NyBrQi9zKQo="",""timestamp"":""2026-08-22T15:29:45.309378296Z""}"
"[INFO] Downloading from central: https://repo.maven.apache.org/maven2/org/apache/maven/resolver/maven-resolver-api/1.4.1/maven-resolver-api-1.4.1.pom
",2026-08-22T15:29:45.312169363Z,info,"{""serviceId"":""87697b40-66d1-4a58-89e6-1068a09cbf8c"",""deploymentId"":""d6c8c3b8-3bb6-45c0-bc76-a9729ab89f82"",""deploymentInstanceId"":null}","{""level"":""info"",""source"":""buildkit"",""type"":""log"",""vertex"":""sha256:5123184c115415746b9e45a79609be5df6469d0b755767bd2a7f4b208b8cff02"",""stream"":1,""data"":""W0lORk9dIERvd25sb2FkaW5nIGZyb20gY2VudHJhbDogaHR0cHM6Ly9yZXBvLm1hdmVuLmFwYWNoZS5vcmcvbWF2ZW4yL29yZy9hcGFjaGUvbWF2ZW4vcmVzb2x2ZXIvbWF2ZW4tcmVzb2x2ZXItYXBpLzEuNC4xL21hdmVuLXJlc29sdmVyLWFwaS0xLjQuMS5wb20K"",""timestamp"":""2026-08-22T15:29:45.312169363Z""}"
"[INFO] Downloaded from central: https://repo.maven.apache.org/maven2/org/apache/maven/resolver/maven-resolver-api/1.4.1/maven-resolver-api-1.4.1.pom (2.6 kB at 82 kB/s)
",2026-08-22T15:29:45.343534243Z,info,"{""serviceId"":""87697b40-66d1-4a58-89e6-1068a09cbf8c"",""deploymentId"":""d6c8c3b8-3bb6-45c0-bc76-a9729ab89f82"",""deploymentInstanceId"":null}","{""level"":""info"",""source"":""buildkit"",""type"":""log"",""vertex"":""sha256:5123184c115415746b9e45a79609be5df6469d0b755767bd2a7f4b208b8cff02"",""stream"":1,""data"":""W0lORk9dIERvd25sb2FkZWQgZnJvbSBjZW50cmFsOiBodHRwczovL3JlcG8ubWF2ZW4uYXBhY2hlLm9yZy9tYXZlbjIvb3JnL2FwYWNoZS9tYXZlbi9yZXNvbHZlci9tYXZlbi1yZXNvbHZlci1hcGkvMS40LjEvbWF2ZW4tcmVzb2x2ZXItYXBpLTEuNC4xLnBvbSAoMi42IGtCIGF0IDgyIGtCL3MpCg=="",""timestamp"":""2026-08-22T15:29:45.343534243Z""}"
"[INFO] Downloading from central: https://repo.maven.apache.org/maven2/org/apache/maven/resolver/maven-resolver/1.4.1/maven-resolver-1.4.1.pom
",2026-08-22T15:29:45.34583826Z,info,"{""serviceId"":""87697b40-66d1-4a58-89e6-1068a09cbf8c"",""deploymentId"":""d6c8c3b8-3bb6-45c0-bc76-a9729ab89f82"",""deploymentInstanceId"":null}","{""level"":""info"",""source"":""buildkit"",""type"":""log"",""vertex"":""sha256:5123184c115415746b9e45a79609be5df6469d0b755767bd2a7f4b208b8cff02"",""stream"":1,""data"":""W0lORk9dIERvd25sb2FkaW5nIGZyb20gY2VudHJhbDogaHR0cHM6Ly9yZXBvLm1hdmVuLmFwYWNoZS5vcmcvbWF2ZW4yL29yZy9hcGFjaGUvbWF2ZW4vcmVzb2x2ZXIvbWF2ZW4tcmVzb2x2ZXIvMS40LjEvbWF2ZW4tcmVzb2x2ZXItMS40LjEucG9tCg=="",""timestamp"":""2026-08-22T15:29:45.34583826Z""}"
"[INFO] Downloaded from central: https://repo.maven.apache.org/maven2/org/apache/maven/resolver/maven-resolver/1.4.1/maven-resolver-1.4.1.pom (18 kB at 649 kB/s)
",2026-08-22T15:29:45.373400424Z,info,"{""serviceId"":""87697b40-66d1-4a58-89e6-1068a09cbf8c"",""deploymentId"":""d6c8c3b8-3bb6-45c0-bc76-a9729ab89f82"",""deploymentInstanceId"":null}","{""level"":""info"",""source"":""buildkit"",""type"":""log"",""vertex"":""sha256:5123184c115415746b9e45a79609be5df6469d0b755767bd2a7f4b208b8cff02"",""stream"":1,""data"":""W0lORk9dIERvd25sb2FkZWQgZnJvbSBjZW50cmFsOiBodHRwczovL3JlcG8ubWF2ZW4uYXBhY2hlLm9yZy9tYXZlbjIvb3JnL2FwYWNoZS9tYXZlbi9yZXNvbHZlci9tYXZlbi1yZXNvbHZlci8xLjQuMS9tYXZlbi1yZXNvbHZlci0xLjQuMS5wb20gKDE4IGtCIGF0IDY0OSBrQi9zKQo="",""timestamp"":""2026-08-22T15:29:45.373400424Z""}"
"[INFO] Downloading from central: https://repo.maven.apache.org/maven2/org/apache/maven/maven-parent/33/maven-parent-33.pom
",2026-08-22T15:29:45.376173024Z,info,"{""serviceId"":""87697b40-66d1-4a58-89e6-1068a09cbf8c"",""deploymentId"":""d6c8c3b8-3bb6-45c0-bc76-a9729ab89f82"",""deploymentInstanceId"":null}","{""level"":""info"",""source"":""buildkit"",""type"":""log"",""vertex"":""sha256:5123184c115415746b9e45a79609be5df6469d0b755767bd2a7f4b208b8cff02"",""stream"":1,""data"":""W0lORk9dIERvd25sb2FkaW5nIGZyb20gY2VudHJhbDogaHR0cHM6Ly9yZXBvLm1hdmVuLmFwYWNoZS5vcmcvbWF2ZW4yL29yZy9hcGFjaGUvbWF2ZW4vbWF2ZW4tcGFyZW50LzMzL21hdmVuLXBhcmVudC0zMy5wb20K"",""timestamp"":""2026-08-22T15:29:45.376173024Z""}"
"[INFO] Downloaded from central: https://repo.maven.apache.org/maven2/org/apache/maven/maven-parent/33/maven-parent-33.pom (44 kB at 1.7 MB/s)
",2026-08-22T15:29:45.40212364Z,info,"{""serviceId"":""87697b40-66d1-4a58-89e6-1068a09cbf8c"",""deploymentId"":""d6c8c3b8-3bb6-45c0-bc76-a9729ab89f82"",""deploymentInstanceId"":null}","{""level"":""info"",""source"":""buildkit"",""type"":""log"",""vertex"":""sha256:5123184c115415746b9e45a79609be5df6469d0b755767bd2a7f4b208b8cff02"",""stream"":1,""data"":""W0lORk9dIERvd25sb2FkZWQgZnJvbSBjZW50cmFsOiBodHRwczovL3JlcG8ubWF2ZW4uYXBhY2hlLm9yZy9tYXZlbjIvb3JnL2FwYWNoZS9tYXZlbi9tYXZlbi1wYXJlbnQvMzMvbWF2ZW4tcGFyZW50LTMzLnBvbSAoNDQga0IgYXQgMS43IE1CL3MpCg=="",""timestamp"":""2026-08-22T15:29:45.40212364Z""}"
"[INFO] Downloading from central: https://repo.maven.apache.org/maven2/org/codehaus/plexus/plexus-archiver/4.10.0/plexus-archiver-4.10.0.pom
",2026-08-22T15:29:45.406906306Z,info,"{""serviceId"":""87697b40-66d1-4a58-89e6-1068a09cbf8c"",""deploymentId"":""d6c8c3b8-3bb6-45c0-bc76-a9729ab89f82"",""deploymentInstanceId"":null}","{""level"":""info"",""source"":""buildkit"",""type"":""log"",""vertex"":""sha256:5123184c115415746b9e45a79609be5df6469d0b755767bd2a7f4b208b8cff02"",""stream"":1,""data"":""W0lORk9dIERvd25sb2FkaW5nIGZyb20gY2VudHJhbDogaHR0cHM6Ly9yZXBvLm1hdmVuLmFwYWNoZS5vcmcvbWF2ZW4yL29yZy9jb2RlaGF1cy9wbGV4dXMvcGxleHVzLWFyY2hpdmVyLzQuMTAuMC9wbGV4dXMtYXJjaGl2ZXItNC4xMC4wLnBvbQo="",""timestamp"":""2026-08-22T15:29:45.406906306Z""}"
"[INFO] Downloaded from central: https://repo.maven.apache.org/maven2/org/codehaus/plexus/plexus-archiver/4.10.0/plexus-archiver-4.10.0.pom (5.8 kB at 243 kB/s)
",2026-08-22T15:29:45.430188628Z,info,"{""serviceId"":""87697b40-66d1-4a58-89e6-1068a09cbf8c"",""deploymentId"":""d6c8c3b8-3bb6-45c0-bc76-a9729ab89f82"",""deploymentInstanceId"":null}","{""level"":""info"",""source"":""buildkit"",""type"":""log"",""vertex"":""sha256:5123184c115415746b9e45a79609be5df6469d0b755767bd2a7f4b208b8cff02"",""stream"":1,""data"":""W0lORk9dIERvd25sb2FkZWQgZnJvbSBjZW50cmFsOiBodHRwczovL3JlcG8ubWF2ZW4uYXBhY2hlLm9yZy9tYXZlbjIvb3JnL2NvZGVoYXVzL3BsZXh1cy9wbGV4dXMtYXJjaGl2ZXIvNC4xMC4wL3BsZXh1cy1hcmNoaXZlci00LjEwLjAucG9tICg1Ljgga0IgYXQgMjQzIGtCL3MpCg=="",""timestamp"":""2026-08-22T15:29:45.430188628Z""}"
"[INFO] Downloading from central: https://repo.maven.apache.org/maven2/org/codehaus/plexus/plexus-io/3.5.0/plexus-io-3.5.0.pom
",2026-08-22T15:29:45.433550983Z,info,"{""serviceId"":""87697b40-66d1-4a58-89e6-1068a09cbf8c"",""deploymentId"":""d6c8c3b8-3bb6-45c0-bc76-a9729ab89f82"",""deploymentInstanceId"":null}","{""level"":""info"",""source"":""buildkit"",""type"":""log"",""vertex"":""sha256:5123184c115415746b9e45a79609be5df6469d0b755767bd2a7f4b208b8cff02"",""stream"":1,""data"":""W0lORk9dIERvd25sb2FkaW5nIGZyb20gY2VudHJhbDogaHR0cHM6Ly9yZXBvLm1hdmVuLmFwYWNoZS5vcmcvbWF2ZW4yL29yZy9jb2RlaGF1cy9wbGV4dXMvcGxleHVzLWlvLzMuNS4wL3BsZXh1cy1pby0zLjUuMC5wb20K"",""timestamp"":""2026-08-22T15:29:45.433550983Z""}"
"[INFO] Downloaded from central: https://repo.maven.apache.org/maven2/org/codehaus/plexus/plexus-io/3.5.0/plexus-io-3.5.0.pom (4.3 kB at 207 kB/s)
",2026-08-22T15:29:45.454995068Z,info,"{""serviceId"":""87697b40-66d1-4a58-89e6-1068a09cbf8c"",""deploymentId"":""d6c8c3b8-3bb6-45c0-bc76-a9729ab89f82"",""deploymentInstanceId"":null}","{""level"":""info"",""source"":""buildkit"",""type"":""log"",""vertex"":""sha256:5123184c115415746b9e45a79609be5df6469d0b755767bd2a7f4b208b8cff02"",""stream"":1,""data"":""W0lORk9dIERvd25sb2FkZWQgZnJvbSBjZW50cmFsOiBodHRwczovL3JlcG8ubWF2ZW4uYXBhY2hlLm9yZy9tYXZlbjIvb3JnL2NvZGVoYXVzL3BsZXh1cy9wbGV4dXMtaW8vMy41LjAvcGxleHVzLWlvLTMuNS4wLnBvbSAoNC4zIGtCIGF0IDIwNyBrQi9zKQo="",""timestamp"":""2026-08-22T15:29:45.454995068Z""}"
"[INFO] Downloading from central: https://repo.maven.apache.org/maven2/commons-io/commons-io/2.16.1/commons-io-2.16.1.pom
",2026-08-22T15:29:45.458410052Z,info,"{""serviceId"":""87697b40-66d1-4a58-89e6-1068a09cbf8c"",""deploymentId"":""d6c8c3b8-3bb6-45c0-bc76-a9729ab89f82"",""deploymentInstanceId"":null}","{""level"":""info"",""source"":""buildkit"",""type"":""log"",""vertex"":""sha256:5123184c115415746b9e45a79609be5df6469d0b755767bd2a7f4b208b8cff02"",""stream"":1,""data"":""W0lORk9dIERvd25sb2FkaW5nIGZyb20gY2VudHJhbDogaHR0cHM6Ly9yZXBvLm1hdmVuLmFwYWNoZS5vcmcvbWF2ZW4yL2NvbW1vbnMtaW8vY29tbW9ucy1pby8yLjE2LjEvY29tbW9ucy1pby0yLjE2LjEucG9tCg=="",""timestamp"":""2026-08-22T15:29:45.458410052Z""}"
"[INFO] Downloaded from central: https://repo.maven.apache.org/maven2/commons-io/commons-io/2.16.1/commons-io-2.16.1.pom (20 kB at 853 kB/s)
",2026-08-22T15:29:45.481348278Z,info,"{""serviceId"":""87697b40-66d1-4a58-89e6-1068a09cbf8c"",""deploymentId"":""d6c8c3b8-3bb6-45c0-bc76-a9729ab89f82"",""deploymentInstanceId"":null}","{""level"":""info"",""source"":""buildkit"",""type"":""log"",""vertex"":""sha256:5123184c115415746b9e45a79609be5df6469d0b755767bd2a7f4b208b8cff02"",""stream"":1,""data"":""W0lORk9dIERvd25sb2FkZWQgZnJvbSBjZW50cmFsOiBodHRwczovL3JlcG8ubWF2ZW4uYXBhY2hlLm9yZy9tYXZlbjIvY29tbW9ucy1pby9jb21tb25zLWlvLzIuMTYuMS9jb21tb25zLWlvLTIuMTYuMS5wb20gKDIwIGtCIGF0IDg1MyBrQi9zKQo="",""timestamp"":""2026-08-22T15:29:45.481348278Z""}"
"[INFO] Downloading from central: https://repo.maven.apache.org/maven2/org/apache/commons/commons-compress/1.26.2/commons-compress-1.26.2.pom
",2026-08-22T15:29:45.48652179Z,info,"{""serviceId"":""87697b40-66d1-4a58-89e6-1068a09cbf8c"",""deploymentId"":""d6c8c3b8-3bb6-45c0-bc76-a9729ab89f82"",""deploymentInstanceId"":null}","{""level"":""info"",""source"":""buildkit"",""type"":""log"",""vertex"":""sha256:5123184c115415746b9e45a79609be5df6469d0b755767bd2a7f4b208b8cff02"",""stream"":1,""data"":""W0lORk9dIERvd25sb2FkaW5nIGZyb20gY2VudHJhbDogaHR0cHM6Ly9yZXBvLm1hdmVuLmFwYWNoZS5vcmcvbWF2ZW4yL29yZy9hcGFjaGUvY29tbW9ucy9jb21tb25zLWNvbXByZXNzLzEuMjYuMi9jb21tb25zLWNvbXByZXNzLTEuMjYuMi5wb20K"",""timestamp"":""2026-08-22T15:29:45.48652179Z""}"
"[INFO] Downloaded from central: https://repo.maven.apache.org/maven2/org/apache/commons/commons-compress/1.26.2/commons-compress-1.26.2.pom (23 kB at 1.0 MB/s)
",2026-08-22T15:29:45.50870884Z,info,"{""serviceId"":""87697b40-66d1-4a58-89e6-1068a09cbf8c"",""deploymentId"":""d6c8c3b8-3bb6-45c0-bc76-a9729ab89f82"",""deploymentInstanceId"":null}","{""level"":""info"",""source"":""buildkit"",""type"":""log"",""vertex"":""sha256:5123184c115415746b9e45a79609be5df6469d0b755767bd2a7f4b208b8cff02"",""stream"":1,""data"":""W0lORk9dIERvd25sb2FkZWQgZnJvbSBjZW50cmFsOiBodHRwczovL3JlcG8ubWF2ZW4uYXBhY2hlLm9yZy9tYXZlbjIvb3JnL2FwYWNoZS9jb21tb25zL2NvbW1vbnMtY29tcHJlc3MvMS4yNi4yL2NvbW1vbnMtY29tcHJlc3MtMS4yNi4yLnBvbSAoMjMga0IgYXQgMS4wIE1CL3MpCg=="",""timestamp"":""2026-08-22T15:29:45.50870884Z""}"
"[INFO] Downloading from central: https://repo.maven.apache.org/maven2/commons-codec/commons-codec/1.17.0/commons-codec-1.17.0.pom
",2026-08-22T15:29:45.514477595Z,info,"{""serviceId"":""87697b40-66d1-4a58-89e6-1068a09cbf8c"",""deploymentId"":""d6c8c3b8-3bb6-45c0-bc76-a9729ab89f82"",""deploymentInstanceId"":null}","{""level"":""info"",""source"":""buildkit"",""type"":""log"",""vertex"":""sha256:5123184c115415746b9e45a79609be5df6469d0b755767bd2a7f4b208b8cff02"",""stream"":1,""data"":""W0lORk9dIERvd25sb2FkaW5nIGZyb20gY2VudHJhbDogaHR0cHM6Ly9yZXBvLm1hdmVuLmFwYWNoZS5vcmcvbWF2ZW4yL2NvbW1vbnMtY29kZWMvY29tbW9ucy1jb2RlYy8xLjE3LjAvY29tbW9ucy1jb2RlYy0xLjE3LjAucG9tCg=="",""timestamp"":""2026-08-22T15:29:45.514477595Z""}"
"[INFO] Downloaded from central: https://repo.maven.apache.org/maven2/commons-codec/commons-codec/1.17.0/commons-codec-1.17.0.pom (18 kB at 715 kB/s)
",2026-08-22T15:29:45.539636163Z,info,"{""serviceId"":""87697b40-66d1-4a58-89e6-1068a09cbf8c"",""deploymentId"":""d6c8c3b8-3bb6-45c0-bc76-a9729ab89f82"",""deploymentInstanceId"":null}","{""level"":""info"",""source"":""buildkit"",""type"":""log"",""vertex"":""sha256:5123184c115415746b9e45a79609be5df6469d0b755767bd2a7f4b208b8cff02"",""stream"":1,""data"":""W0lORk9dIERvd25sb2FkZWQgZnJvbSBjZW50cmFsOiBodHRwczovL3JlcG8ubWF2ZW4uYXBhY2hlLm9yZy9tYXZlbjIvY29tbW9ucy1jb2RlYy9jb21tb25zLWNvZGVjLzEuMTcuMC9jb21tb25zLWNvZGVjLTEuMTcuMC5wb20gKDE4IGtCIGF0IDcxNSBrQi9zKQo="",""timestamp"":""2026-08-22T15:29:45.539636163Z""}"
"[INFO] Downloading from central: https://repo.maven.apache.org/maven2/io/airlift/aircompressor/0.27/aircompressor-0.27.pom
",2026-08-22T15:29:45.54523939Z,info,"{""serviceId"":""87697b40-66d1-4a58-89e6-1068a09cbf8c"",""deploymentId"":""d6c8c3b8-3bb6-45c0-bc76-a9729ab89f82"",""deploymentInstanceId"":null}","{""level"":""info"",""source"":""buildkit"",""type"":""log"",""vertex"":""sha256:5123184c115415746b9e45a79609be5df6469d0b755767bd2a7f4b208b8cff02"",""stream"":1,""data"":""W0lORk9dIERvd25sb2FkaW5nIGZyb20gY2VudHJhbDogaHR0cHM6Ly9yZXBvLm1hdmVuLmFwYWNoZS5vcmcvbWF2ZW4yL2lvL2FpcmxpZnQvYWlyY29tcHJlc3Nvci8wLjI3L2FpcmNvbXByZXNzb3ItMC4yNy5wb20K"",""timestamp"":""2026-08-22T15:29:45.54523939Z""}"
"[INFO] Downloaded from central: https://repo.maven.apache.org/maven2/io/airlift/aircompressor/0.27/aircompressor-0.27.pom (5.8 kB at 230 kB/s)
",2026-08-22T15:29:45.570949615Z,info,"{""serviceId"":""87697b40-66d1-4a58-89e6-1068a09cbf8c"",""deploymentId"":""d6c8c3b8-3bb6-45c0-bc76-a9729ab89f82"",""deploymentInstanceId"":null}","{""level"":""info"",""source"":""buildkit"",""type"":""log"",""vertex"":""sha256:5123184c115415746b9e45a79609be5df6469d0b755767bd2a7f4b208b8cff02"",""stream"":1,""data"":""W0lORk9dIERvd25sb2FkZWQgZnJvbSBjZW50cmFsOiBodHRwczovL3JlcG8ubWF2ZW4uYXBhY2hlLm9yZy9tYXZlbjIvaW8vYWlybGlmdC9haXJjb21wcmVzc29yLzAuMjcvYWlyY29tcHJlc3Nvci0wLjI3LnBvbSAoNS44IGtCIGF0IDIzMCBrQi9zKQo="",""timestamp"":""2026-08-22T15:29:45.570949615Z""}"
"[INFO] Downloading from central: https://repo.maven.apache.org/maven2/io/airlift/airbase/112/airbase-112.pom
",2026-08-22T15:29:45.573209827Z,info,"{""serviceId"":""87697b40-66d1-4a58-89e6-1068a09cbf8c"",""deploymentId"":""d6c8c3b8-3bb6-45c0-bc76-a9729ab89f82"",""deploymentInstanceId"":null}","{""level"":""info"",""source"":""buildkit"",""type"":""log"",""vertex"":""sha256:5123184c115415746b9e45a79609be5df6469d0b755767bd2a7f4b208b8cff02"",""stream"":1,""data"":""W0lORk9dIERvd25sb2FkaW5nIGZyb20gY2VudHJhbDogaHR0cHM6Ly9yZXBvLm1hdmVuLmFwYWNoZS5vcmcvbWF2ZW4yL2lvL2FpcmxpZnQvYWlyYmFzZS8xMTIvYWlyYmFzZS0xMTIucG9tCg=="",""timestamp"":""2026-08-22T15:29:45.573209827Z""}"
"[INFO] Downloaded from central: https://repo.maven.apache.org/maven2/io/airlift/airbase/112/airbase-112.pom (69 kB at 2.2 MB/s)
",2026-08-22T15:29:45.604887115Z,info,"{""serviceId"":""87697b40-66d1-4a58-89e6-1068a09cbf8c"",""deploymentId"":""d6c8c3b8-3bb6-45c0-bc76-a9729ab89f82"",""deploymentInstanceId"":null}","{""level"":""info"",""source"":""buildkit"",""type"":""log"",""vertex"":""sha256:5123184c115415746b9e45a79609be5df6469d0b755767bd2a7f4b208b8cff02"",""stream"":1,""data"":""W0lORk9dIERvd25sb2FkZWQgZnJvbSBjZW50cmFsOiBodHRwczovL3JlcG8ubWF2ZW4uYXBhY2hlLm9yZy9tYXZlbjIvaW8vYWlybGlmdC9haXJiYXNlLzExMi9haXJiYXNlLTExMi5wb20gKDY5IGtCIGF0IDIuMiBNQi9zKQo="",""timestamp"":""2026-08-22T15:29:45.604887115Z""}"
"[INFO] Downloading from central: https://repo.maven.apache.org/maven2/org/junit/junit-bom/5.8.0-M1/junit-bom-5.8.0-M1.pom
",2026-08-22T15:29:45.609187116Z,info,"{""serviceId"":""87697b40-66d1-4a58-89e6-1068a09cbf8c"",""deploymentId"":""d6c8c3b8-3bb6-45c0-bc76-a9729ab89f82"",""deploymentInstanceId"":null}","{""level"":""info"",""source"":""buildkit"",""type"":""log"",""vertex"":""sha256:5123184c115415746b9e45a79609be5df6469d0b755767bd2a7f4b208b8cff02"",""stream"":1,""data"":""W0lORk9dIERvd25sb2FkaW5nIGZyb20gY2VudHJhbDogaHR0cHM6Ly9yZXBvLm1hdmVuLmFwYWNoZS5vcmcvbWF2ZW4yL29yZy9qdW5pdC9qdW5pdC1ib20vNS44LjAtTTEvanVuaXQtYm9tLTUuOC4wLU0xLnBvbQo="",""timestamp"":""2026-08-22T15:29:45.609187116Z""}"
"[INFO] Downloaded from central: https://repo.maven.apache.org/maven2/org/junit/junit-bom/5.8.0-M1/junit-bom-5.8.0-M1.pom (5.7 kB at 203 kB/s)
",2026-08-22T15:29:45.637250673Z,info,"{""serviceId"":""87697b40-66d1-4a58-89e6-1068a09cbf8c"",""deploymentId"":""d6c8c3b8-3bb6-45c0-bc76-a9729ab89f82"",""deploymentInstanceId"":null}","{""level"":""info"",""source"":""buildkit"",""type"":""log"",""vertex"":""sha256:5123184c115415746b9e45a79609be5df6469d0b755767bd2a7f4b208b8cff02"",""stream"":1,""data"":""W0lORk9dIERvd25sb2FkZWQgZnJvbSBjZW50cmFsOiBodHRwczovL3JlcG8ubWF2ZW4uYXBhY2hlLm9yZy9tYXZlbjIvb3JnL2p1bml0L2p1bml0LWJvbS81LjguMC1NMS9qdW5pdC1ib20tNS44LjAtTTEucG9tICg1Ljcga0IgYXQgMjAzIGtCL3MpCg=="",""timestamp"":""2026-08-22T15:29:45.637250673Z""}"
"[INFO] Downloading from central: https://repo.maven.apache.org/maven2/com/github/luben/zstd-jni/1.5.6-3/zstd-jni-1.5.6-3.pom
",2026-08-22T15:29:45.639304765Z,info,"{""serviceId"":""87697b40-66d1-4a58-89e6-1068a09cbf8c"",""deploymentId"":""d6c8c3b8-3bb6-45c0-bc76-a9729ab89f82"",""deploymentInstanceId"":null}","{""level"":""info"",""source"":""buildkit"",""type"":""log"",""vertex"":""sha256:5123184c115415746b9e45a79609be5df6469d0b755767bd2a7f4b208b8cff02"",""stream"":1,""data"":""W0lORk9dIERvd25sb2FkaW5nIGZyb20gY2VudHJhbDogaHR0cHM6Ly9yZXBvLm1hdmVuLmFwYWNoZS5vcmcvbWF2ZW4yL2NvbS9naXRodWIvbHViZW4venN0ZC1qbmkvMS41LjYtMy96c3RkLWpuaS0xLjUuNi0zLnBvbQo="",""timestamp"":""2026-08-22T15:29:45.639304765Z""}"
"[INFO] Downloaded from central: https://repo.maven.apache.org/maven2/com/github/luben/zstd-jni/1.5.6-3/zstd-jni-1.5.6-3.pom (2.0 kB at 84 kB/s)
",2026-08-22T15:29:45.663259006Z,info,"{""serviceId"":""87697b40-66d1-4a58-89e6-1068a09cbf8c"",""deploymentId"":""d6c8c3b8-3bb6-45c0-bc76-a9729ab89f82"",""deploymentInstanceId"":null}","{""level"":""info"",""source"":""buildkit"",""type"":""log"",""vertex"":""sha256:5123184c115415746b9e45a79609be5df6469d0b755767bd2a7f4b208b8cff02"",""stream"":1,""data"":""W0lORk9dIERvd25sb2FkZWQgZnJvbSBjZW50cmFsOiBodHRwczovL3JlcG8ubWF2ZW4uYXBhY2hlLm9yZy9tYXZlbjIvY29tL2dpdGh1Yi9sdWJlbi96c3RkLWpuaS8xLjUuNi0zL3pzdGQtam5pLTEuNS42LTMucG9tICgyLjAga0IgYXQgODQga0IvcykK"",""timestamp"":""2026-08-22T15:29:45.663259006Z""}"
"[INFO] Downloading from central: https://repo.maven.apache.org/maven2/org/codehaus/plexus/plexus-io/3.5.1/plexus-io-3.5.1.pom
",2026-08-22T15:29:45.666101941Z,info,"{""serviceId"":""87697b40-66d1-4a58-89e6-1068a09cbf8c"",""deploymentId"":""d6c8c3b8-3bb6-45c0-bc76-a9729ab89f82"",""deploymentInstanceId"":null}","{""level"":""info"",""source"":""buildkit"",""type"":""log"",""vertex"":""sha256:5123184c115415746b9e45a79609be5df6469d0b755767bd2a7f4b208b8cff02"",""stream"":1,""data"":""W0lORk9dIERvd25sb2FkaW5nIGZyb20gY2VudHJhbDogaHR0cHM6Ly9yZXBvLm1hdmVuLmFwYWNoZS5vcmcvbWF2ZW4yL29yZy9jb2RlaGF1cy9wbGV4dXMvcGxleHVzLWlvLzMuNS4xL3BsZXh1cy1pby0zLjUuMS5wb20K"",""timestamp"":""2026-08-22T15:29:45.666101941Z""}"
"[INFO] Downloaded from central: https://repo.maven.apache.org/maven2/org/codehaus/plexus/plexus-io/3.5.1/plexus-io-3.5.1.pom (4.3 kB at 174 kB/s)
",2026-08-22T15:29:45.690266317Z,info,"{""serviceId"":""87697b40-66d1-4a58-89e6-1068a09cbf8c"",""deploymentId"":""d6c8c3b8-3bb6-45c0-bc76-a9729ab89f82"",""deploymentInstanceId"":null}","{""level"":""info"",""source"":""buildkit"",""type"":""log"",""vertex"":""sha256:5123184c115415746b9e45a79609be5df6469d0b755767bd2a7f4b208b8cff02"",""stream"":1,""data"":""W0lORk9dIERvd25sb2FkZWQgZnJvbSBjZW50cmFsOiBodHRwczovL3JlcG8ubWF2ZW4uYXBhY2hlLm9yZy9tYXZlbjIvb3JnL2NvZGVoYXVzL3BsZXh1cy9wbGV4dXMtaW8vMy41LjEvcGxleHVzLWlvLTMuNS4xLnBvbSAoNC4zIGtCIGF0IDE3NCBrQi9zKQo="",""timestamp"":""2026-08-22T15:29:45.690266317Z""}"
"[INFO] Downloading from central: https://repo.maven.apache.org/maven2/org/apache/maven/shared/maven-dependency-analyzer/1.15.0/maven-dependency-analyzer-1.15.0.pom
",2026-08-22T15:29:45.694152288Z,info,"{""serviceId"":""87697b40-66d1-4a58-89e6-1068a09cbf8c"",""deploymentId"":""d6c8c3b8-3bb6-45c0-bc76-a9729ab89f82"",""deploymentInstanceId"":null}","{""level"":""info"",""source"":""buildkit"",""type"":""log"",""vertex"":""sha256:5123184c115415746b9e45a79609be5df6469d0b755767bd2a7f4b208b8cff02"",""stream"":1,""data"":""W0lORk9dIERvd25sb2FkaW5nIGZyb20gY2VudHJhbDogaHR0cHM6Ly9yZXBvLm1hdmVuLmFwYWNoZS5vcmcvbWF2ZW4yL29yZy9hcGFjaGUvbWF2ZW4vc2hhcmVkL21hdmVuLWRlcGVuZGVuY3ktYW5hbHl6ZXIvMS4xNS4wL21hdmVuLWRlcGVuZGVuY3ktYW5hbHl6ZXItMS4xNS4wLnBvbQo="",""timestamp"":""2026-08-22T15:29:45.694152288Z""}"
"[INFO] Downloaded from central: https://repo.maven.apache.org/maven2/org/apache/maven/shared/maven-dependency-analyzer/1.15.0/maven-dependency-analyzer-1.15.0.pom (32 kB at 1.3 MB/s)
",2026-08-22T15:29:45.720098618Z,info,"{""serviceId"":""87697b40-66d1-4a58-89e6-1068a09cbf8c"",""deploymentId"":""d6c8c3b8-3bb6-45c0-bc76-a9729ab89f82"",""deploymentInstanceId"":null}","{""level"":""info"",""source"":""buildkit"",""type"":""log"",""vertex"":""sha256:5123184c115415746b9e45a79609be5df6469d0b755767bd2a7f4b208b8cff02"",""stream"":1,""data"":""W0lORk9dIERvd25sb2FkZWQgZnJvbSBjZW50cmFsOiBodHRwczovL3JlcG8ubWF2ZW4uYXBhY2hlLm9yZy9tYXZlbjIvb3JnL2FwYWNoZS9tYXZlbi9zaGFyZWQvbWF2ZW4tZGVwZW5kZW5jeS1hbmFseXplci8xLjE1LjAvbWF2ZW4tZGVwZW5kZW5jeS1hbmFseXplci0xLjE1LjAucG9tICgzMiBrQiBhdCAxLjMgTUIvcykK"",""timestamp"":""2026-08-22T15:29:45.720098618Z""}"
"[INFO] Downloading from central: https://repo.maven.apache.org/maven2/org/ow2/asm/asm/9.7/asm-9.7.pom
",2026-08-22T15:29:45.723111638Z,info,"{""serviceId"":""87697b40-66d1-4a58-89e6-1068a09cbf8c"",""deploymentId"":""d6c8c3b8-3bb6-45c0-bc76-a9729ab89f82"",""deploymentInstanceId"":null}","{""level"":""info"",""source"":""buildkit"",""type"":""log"",""vertex"":""sha256:5123184c115415746b9e45a79609be5df6469d0b755767bd2a7f4b208b8cff02"",""stream"":1,""data"":""W0lORk9dIERvd25sb2FkaW5nIGZyb20gY2VudHJhbDogaHR0cHM6Ly9yZXBvLm1hdmVuLmFwYWNoZS5vcmcvbWF2ZW4yL29yZy9vdzIvYXNtL2FzbS85LjcvYXNtLTkuNy5wb20K"",""timestamp"":""2026-08-22T15:29:45.723111638Z""}"
"[INFO] Downloaded from central: https://repo.maven.apache.org/maven2/org/ow2/asm/asm/9.7/asm-9.7.pom (2.4 kB at 103 kB/s)
",2026-08-22T15:29:45.74540027Z,info,"{""serviceId"":""87697b40-66d1-4a58-89e6-1068a09cbf8c"",""deploymentId"":""d6c8c3b8-3bb6-45c0-bc76-a9729ab89f82"",""deploymentInstanceId"":null}","{""level"":""info"",""source"":""buildkit"",""type"":""log"",""vertex"":""sha256:5123184c115415746b9e45a79609be5df6469d0b755767bd2a7f4b208b8cff02"",""stream"":1,""data"":""W0lORk9dIERvd25sb2FkZWQgZnJvbSBjZW50cmFsOiBodHRwczovL3JlcG8ubWF2ZW4uYXBhY2hlLm9yZy9tYXZlbjIvb3JnL293Mi9hc20vYXNtLzkuNy9hc20tOS43LnBvbSAoMi40IGtCIGF0IDEwMyBrQi9zKQo="",""timestamp"":""2026-08-22T15:29:45.74540027Z""}"
"[INFO] Downloading from central: https://repo.maven.apache.org/maven2/org/apache/maven/shared/maven-dependency-tree/3.3.0/maven-dependency-tree-3.3.0.pom
",2026-08-22T15:29:45.748347382Z,info,"{""serviceId"":""87697b40-66d1-4a58-89e6-1068a09cbf8c"",""deploymentId"":""d6c8c3b8-3bb6-45c0-bc76-a9729ab89f82"",""deploymentInstanceId"":null}","{""level"":""info"",""source"":""buildkit"",""type"":""log"",""vertex"":""sha256:5123184c115415746b9e45a79609be5df6469d0b755767bd2a7f4b208b8cff02"",""stream"":1,""data"":""W0lORk9dIERvd25sb2FkaW5nIGZyb20gY2VudHJhbDogaHR0cHM6Ly9yZXBvLm1hdmVuLmFwYWNoZS5vcmcvbWF2ZW4yL29yZy9hcGFjaGUvbWF2ZW4vc2hhcmVkL21hdmVuLWRlcGVuZGVuY3ktdHJlZS8zLjMuMC9tYXZlbi1kZXBlbmRlbmN5LXRyZWUtMy4zLjAucG9tCg=="",""timestamp"":""2026-08-22T15:29:45.748347382Z""}"
"[INFO] Downloaded from central: https://repo.maven.apache.org/maven2/org/apache/maven/shared/maven-dependency-tree/3.3.0/maven-dependency-tree-3.3.0.pom (7.0 kB at 280 kB/s)
",2026-08-22T15:29:45.773178608Z,info,"{""serviceId"":""87697b40-66d1-4a58-89e6-1068a09cbf8c"",""deploymentId"":""d6c8c3b8-3bb6-45c0-bc76-a9729ab89f82"",""deploymentInstanceId"":null}","{""level"":""info"",""source"":""buildkit"",""type"":""log"",""vertex"":""sha256:5123184c115415746b9e45a79609be5df6469d0b755767bd2a7f4b208b8cff02"",""stream"":1,""data"":""W0lORk9dIERvd25sb2FkZWQgZnJvbSBjZW50cmFsOiBodHRwczovL3JlcG8ubWF2ZW4uYXBhY2hlLm9yZy9tYXZlbjIvb3JnL2FwYWNoZS9tYXZlbi9zaGFyZWQvbWF2ZW4tZGVwZW5kZW5jeS10cmVlLzMuMy4wL21hdmVuLWRlcGVuZGVuY3ktdHJlZS0zLjMuMC5wb20gKDcuMCBrQiBhdCAyODAga0IvcykK"",""timestamp"":""2026-08-22T15:29:45.773178608Z""}"
"[INFO] Downloading from central: https://repo.maven.apache.org/maven2/org/apache/maven/shared/maven-shared-components/42/maven-shared-components-42.pom
",2026-08-22T15:29:45.775247833Z,info,"{""serviceId"":""87697b40-66d1-4a58-89e6-1068a09cbf8c"",""deploymentId"":""d6c8c3b8-3bb6-45c0-bc76-a9729ab89f82"",""deploymentInstanceId"":null}","{""level"":""info"",""source"":""buildkit"",""type"":""log"",""vertex"":""sha256:5123184c115415746b9e45a79609be5df6469d0b755767bd2a7f4b208b8cff02"",""stream"":1,""data"":""W0lORk9dIERvd25sb2FkaW5nIGZyb20gY2VudHJhbDogaHR0cHM6Ly9yZXBvLm1hdmVuLmFwYWNoZS5vcmcvbWF2ZW4yL29yZy9hcGFjaGUvbWF2ZW4vc2hhcmVkL21hdmVuLXNoYXJlZC1jb21wb25lbnRzLzQyL21hdmVuLXNoYXJlZC1jb21wb25lbnRzLTQyLnBvbQo="",""timestamp"":""2026-08-22T15:29:45.775247833Z""}"
"[INFO] Downloaded from central: https://repo.maven.apache.org/maven2/org/apache/maven/shared/maven-shared-components/42/maven-shared-components-42.pom (3.8 kB at 180 kB/s)
",2026-08-22T15:29:45.796504717Z,info,"{""serviceId"":""87697b40-66d1-4a58-89e6-1068a09cbf8c"",""deploymentId"":""d6c8c3b8-3bb6-45c0-bc76-a9729ab89f82"",""deploymentInstanceId"":null}","{""level"":""info"",""source"":""buildkit"",""type"":""log"",""vertex"":""sha256:5123184c115415746b9e45a79609be5df6469d0b755767bd2a7f4b208b8cff02"",""stream"":1,""data"":""W0lORk9dIERvd25sb2FkZWQgZnJvbSBjZW50cmFsOiBodHRwczovL3JlcG8ubWF2ZW4uYXBhY2hlLm9yZy9tYXZlbjIvb3JnL2FwYWNoZS9tYXZlbi9zaGFyZWQvbWF2ZW4tc2hhcmVkLWNvbXBvbmVudHMvNDIvbWF2ZW4tc2hhcmVkLWNvbXBvbmVudHMtNDIucG9tICgzLjgga0IgYXQgMTgwIGtCL3MpCg=="",""timestamp"":""2026-08-22T15:29:45.796504717Z""}"
"[INFO] Downloading from central: https://repo.maven.apache.org/maven2/org/apache/maven/resolver/maven-resolver-util/1.4.1/maven-resolver-util-1.4.1.pom
",2026-08-22T15:29:45.80050592Z,info,"{""serviceId"":""87697b40-66d1-4a58-89e6-1068a09cbf8c"",""deploymentId"":""d6c8c3b8-3bb6-45c0-bc76-a9729ab89f82"",""deploymentInstanceId"":null}","{""level"":""info"",""source"":""buildkit"",""type"":""log"",""vertex"":""sha256:5123184c115415746b9e45a79609be5df6469d0b755767bd2a7f4b208b8cff02"",""stream"":1,""data"":""W0lORk9dIERvd25sb2FkaW5nIGZyb20gY2VudHJhbDogaHR0cHM6Ly9yZXBvLm1hdmVuLmFwYWNoZS5vcmcvbWF2ZW4yL29yZy9hcGFjaGUvbWF2ZW4vcmVzb2x2ZXIvbWF2ZW4tcmVzb2x2ZXItdXRpbC8xLjQuMS9tYXZlbi1yZXNvbHZlci11dGlsLTEuNC4xLnBvbQo="",""timestamp"":""2026-08-22T15:29:45.80050592Z""}"
"[INFO] Downloaded from central: https://repo.maven.apache.org/maven2/org/apache/maven/resolver/maven-resolver-util/1.4.1/maven-resolver-util-1.4.1.pom (2.8 kB at 104 kB/s)
",2026-08-22T15:29:45.827389136Z,info,"{""serviceId"":""87697b40-66d1-4a58-89e6-1068a09cbf8c"",""deploymentId"":""d6c8c3b8-3bb6-45c0-bc76-a9729ab89f82"",""deploymentInstanceId"":null}","{""level"":""info"",""source"":""buildkit"",""type"":""log"",""vertex"":""sha256:5123184c115415746b9e45a79609be5df6469d0b755767bd2a7f4b208b8cff02"",""stream"":1,""data"":""W0lORk9dIERvd25sb2FkZWQgZnJvbSBjZW50cmFsOiBodHRwczovL3JlcG8ubWF2ZW4uYXBhY2hlLm9yZy9tYXZlbjIvb3JnL2FwYWNoZS9tYXZlbi9yZXNvbHZlci9tYXZlbi1yZXNvbHZlci11dGlsLzEuNC4xL21hdmVuLXJlc29sdmVyLXV0aWwtMS40LjEucG9tICgyLjgga0IgYXQgMTA0IGtCL3MpCg=="",""timestamp"":""2026-08-22T15:29:45.827389136Z""}"
"[INFO] Downloading from central: https://repo.maven.apache.org/maven2/org/apache/maven/shared/maven-common-artifact-filters/3.4.0/maven-common-artifact-filters-3.4.0.pom
",2026-08-22T15:29:45.831594846Z,info,"{""serviceId"":""87697b40-66d1-4a58-89e6-1068a09cbf8c"",""deploymentId"":""d6c8c3b8-3bb6-45c0-bc76-a9729ab89f82"",""deploymentInstanceId"":null}","{""level"":""info"",""source"":""buildkit"",""type"":""log"",""vertex"":""sha256:5123184c115415746b9e45a79609be5df6469d0b755767bd2a7f4b208b8cff02"",""stream"":1,""data"":""W0lORk9dIERvd25sb2FkaW5nIGZyb20gY2VudHJhbDogaHR0cHM6Ly9yZXBvLm1hdmVuLmFwYWNoZS5vcmcvbWF2ZW4yL29yZy9hcGFjaGUvbWF2ZW4vc2hhcmVkL21hdmVuLWNvbW1vbi1hcnRpZmFjdC1maWx0ZXJzLzMuNC4wL21hdmVuLWNvbW1vbi1hcnRpZmFjdC1maWx0ZXJzLTMuNC4wLnBvbQo="",""timestamp"":""2026-08-22T15:29:45.831594846Z""}"
"[INFO] Downloaded from central: https://repo.maven.apache.org/maven2/org/apache/maven/shared/maven-common-artifact-filters/3.4.0/maven-common-artifact-filters-3.4.0.pom (5.4 kB at 185 kB/s)
",2026-08-22T15:29:45.860808087Z,info,"{""serviceId"":""87697b40-66d1-4a58-89e6-1068a09cbf8c"",""deploymentId"":""d6c8c3b8-3bb6-45c0-bc76-a9729ab89f82"",""deploymentInstanceId"":null}","{""level"":""info"",""source"":""buildkit"",""type"":""log"",""vertex"":""sha256:5123184c115415746b9e45a79609be5df6469d0b755767bd2a7f4b208b8cff02"",""stream"":1,""data"":""W0lORk9dIERvd25sb2FkZWQgZnJvbSBjZW50cmFsOiBodHRwczovL3JlcG8ubWF2ZW4uYXBhY2hlLm9yZy9tYXZlbjIvb3JnL2FwYWNoZS9tYXZlbi9zaGFyZWQvbWF2ZW4tY29tbW9uLWFydGlmYWN0LWZpbHRlcnMvMy40LjAvbWF2ZW4tY29tbW9uLWFydGlmYWN0LWZpbHRlcnMtMy40LjAucG9tICg1LjQga0IgYXQgMTg1IGtCL3MpCg=="",""timestamp"":""2026-08-22T15:29:45.860808087Z""}"
"[INFO] Downloading from central: https://repo.maven.apache.org/maven2/org/apache/maven/shared/maven-artifact-transfer/0.13.1/maven-artifact-transfer-0.13.1.pom
",2026-08-22T15:29:45.865041609Z,info,"{""serviceId"":""87697b40-66d1-4a58-89e6-1068a09cbf8c"",""deploymentId"":""d6c8c3b8-3bb6-45c0-bc76-a9729ab89f82"",""deploymentInstanceId"":null}","{""level"":""info"",""source"":""buildkit"",""type"":""log"",""vertex"":""sha256:5123184c115415746b9e45a79609be5df6469d0b755767bd2a7f4b208b8cff02"",""stream"":1,""data"":""W0lORk9dIERvd25sb2FkaW5nIGZyb20gY2VudHJhbDogaHR0cHM6Ly9yZXBvLm1hdmVuLmFwYWNoZS5vcmcvbWF2ZW4yL29yZy9hcGFjaGUvbWF2ZW4vc2hhcmVkL21hdmVuLWFydGlmYWN0LXRyYW5zZmVyLzAuMTMuMS9tYXZlbi1hcnRpZmFjdC10cmFuc2Zlci0wLjEzLjEucG9tCg=="",""timestamp"":""2026-08-22T15:29:45.865041609Z""}"
"[INFO] Downloaded from central: https://repo.maven.apache.org/maven2/org/apache/maven/shared/maven-artifact-transfer/0.13.1/maven-artifact-transfer-0.13.1.pom (11 kB at 416 kB/s)
",2026-08-22T15:29:45.892166257Z,info,"{""serviceId"":""87697b40-66d1-4a58-89e6-1068a09cbf8c"",""deploymentId"":""d6c8c3b8-3bb6-45c0-bc76-a9729ab89f82"",""deploymentInstanceId"":null}","{""level"":""info"",""source"":""buildkit"",""type"":""log"",""vertex"":""sha256:5123184c115415746b9e45a79609be5df6469d0b755767bd2a7f4b208b8cff02"",""stream"":1,""data"":""W0lORk9dIERvd25sb2FkZWQgZnJvbSBjZW50cmFsOiBodHRwczovL3JlcG8ubWF2ZW4uYXBhY2hlLm9yZy9tYXZlbjIvb3JnL2FwYWNoZS9tYXZlbi9zaGFyZWQvbWF2ZW4tYXJ0aWZhY3QtdHJhbnNmZXIvMC4xMy4xL21hdmVuLWFydGlmYWN0LXRyYW5zZmVyLTAuMTMuMS5wb20gKDExIGtCIGF0IDQxNiBrQi9zKQo="",""timestamp"":""2026-08-22T15:29:45.892166257Z""}"
"[INFO] Downloading from central: https://repo.maven.apache.org/maven2/org/apache/maven/shared/maven-shared-components/34/maven-shared-components-34.pom
",2026-08-22T15:29:45.894571325Z,info,"{""serviceId"":""87697b40-66d1-4a58-89e6-1068a09cbf8c"",""deploymentId"":""d6c8c3b8-3bb6-45c0-bc76-a9729ab89f82"",""deploymentInstanceId"":null}","{""level"":""info"",""source"":""buildkit"",""type"":""log"",""vertex"":""sha256:5123184c115415746b9e45a79609be5df6469d0b755767bd2a7f4b208b8cff02"",""stream"":1,""data"":""W0lORk9dIERvd25sb2FkaW5nIGZyb20gY2VudHJhbDogaHR0cHM6Ly9yZXBvLm1hdmVuLmFwYWNoZS5vcmcvbWF2ZW4yL29yZy9hcGFjaGUvbWF2ZW4vc2hhcmVkL21hdmVuLXNoYXJlZC1jb21wb25lbnRzLzM0L21hdmVuLXNoYXJlZC1jb21wb25lbnRzLTM0LnBvbQo="",""timestamp"":""2026-08-22T15:29:45.894571325Z""}"
"[INFO] Downloaded from central: https://repo.maven.apache.org/maven2/org/apache/maven/shared/maven-shared-components/34/maven-shared-components-34.pom (5.1 kB at 189 kB/s)
",2026-08-22T15:29:45.921845838Z,info,"{""serviceId"":""87697b40-66d1-4a58-89e6-1068a09cbf8c"",""deploymentId"":""d6c8c3b8-3bb6-45c0-bc76-a9729ab89f82"",""deploymentInstanceId"":null}","{""level"":""info"",""source"":""buildkit"",""type"":""log"",""vertex"":""sha256:5123184c115415746b9e45a79609be5df6469d0b755767bd2a7f4b208b8cff02"",""stream"":1,""data"":""W0lORk9dIERvd25sb2FkZWQgZnJvbSBjZW50cmFsOiBodHRwczovL3JlcG8ubWF2ZW4uYXBhY2hlLm9yZy9tYXZlbjIvb3JnL2FwYWNoZS9tYXZlbi9zaGFyZWQvbWF2ZW4tc2hhcmVkLWNvbXBvbmVudHMvMzQvbWF2ZW4tc2hhcmVkLWNvbXBvbmVudHMtMzQucG9tICg1LjEga0IgYXQgMTg5IGtCL3MpCg=="",""timestamp"":""2026-08-22T15:29:45.921845838Z""}"
"[INFO] Downloading from central: https://repo.maven.apache.org/maven2/org/apache/maven/maven-parent/34/maven-parent-34.pom
",2026-08-22T15:29:45.923918528Z,info,"{""serviceId"":""87697b40-66d1-4a58-89e6-1068a09cbf8c"",""deploymentId"":""d6c8c3b8-3bb6-45c0-bc76-a9729ab89f82"",""deploymentInstanceId"":null}","{""level"":""info"",""source"":""buildkit"",""type"":""log"",""vertex"":""sha256:5123184c115415746b9e45a79609be5df6469d0b755767bd2a7f4b208b8cff02"",""stream"":1,""data"":""W0lORk9dIERvd25sb2FkaW5nIGZyb20gY2VudHJhbDogaHR0cHM6Ly9yZXBvLm1hdmVuLmFwYWNoZS5vcmcvbWF2ZW4yL29yZy9hcGFjaGUvbWF2ZW4vbWF2ZW4tcGFyZW50LzM0L21hdmVuLXBhcmVudC0zNC5wb20K"",""timestamp"":""2026-08-22T15:29:45.923918528Z""}"
"[INFO] Downloaded from central: https://repo.maven.apache.org/maven2/org/apache/maven/maven-parent/34/maven-parent-34.pom (43 kB at 1.3 MB/s)
",2026-08-22T15:29:45.956413283Z,info,"{""serviceId"":""87697b40-66d1-4a58-89e6-1068a09cbf8c"",""deploymentId"":""d6c8c3b8-3bb6-45c0-bc76-a9729ab89f82"",""deploymentInstanceId"":null}","{""level"":""info"",""source"":""buildkit"",""type"":""log"",""vertex"":""sha256:5123184c115415746b9e45a79609be5df6469d0b755767bd2a7f4b208b8cff02"",""stream"":1,""data"":""W0lORk9dIERvd25sb2FkZWQgZnJvbSBjZW50cmFsOiBodHRwczovL3JlcG8ubWF2ZW4uYXBhY2hlLm9yZy9tYXZlbjIvb3JnL2FwYWNoZS9tYXZlbi9tYXZlbi1wYXJlbnQvMzQvbWF2ZW4tcGFyZW50LTM0LnBvbSAoNDMga0IgYXQgMS4zIE1CL3MpCg=="",""timestamp"":""2026-08-22T15:29:45.956413283Z""}"
"[INFO] Downloading from central: https://repo.maven.apache.org/maven2/org/codehaus/plexus/plexus-component-annotations/2.0.0/plexus-component-annotations-2.0.0.pom
",2026-08-22T15:29:45.960383129Z,info,"{""serviceId"":""87697b40-66d1-4a58-89e6-1068a09cbf8c"",""deploymentId"":""d6c8c3b8-3bb6-45c0-bc76-a9729ab89f82"",""deploymentInstanceId"":null}","{""level"":""info"",""source"":""buildkit"",""type"":""log"",""vertex"":""sha256:5123184c115415746b9e45a79609be5df6469d0b755767bd2a7f4b208b8cff02"",""stream"":1,""data"":""W0lORk9dIERvd25sb2FkaW5nIGZyb20gY2VudHJhbDogaHR0cHM6Ly9yZXBvLm1hdmVuLmFwYWNoZS5vcmcvbWF2ZW4yL29yZy9jb2RlaGF1cy9wbGV4dXMvcGxleHVzLWNvbXBvbmVudC1hbm5vdGF0aW9ucy8yLjAuMC9wbGV4dXMtY29tcG9uZW50LWFubm90YXRpb25zLTIuMC4wLnBvbQo="",""timestamp"":""2026-08-22T15:29:45.960383129Z""}"
"[INFO] Downloaded from central: https://repo.maven.apache.org/maven2/org/codehaus/plexus/plexus-component-annotations/2.0.0/plexus-component-annotations-2.0.0.pom (750 B at 29 kB/s)
",2026-08-22T15:29:45.986256018Z,info,"{""serviceId"":""87697b40-66d1-4a58-89e6-1068a09cbf8c"",""deploymentId"":""d6c8c3b8-3bb6-45c0-bc76-a9729ab89f82"",""deploymentInstanceId"":null}","{""level"":""info"",""source"":""buildkit"",""type"":""log"",""vertex"":""sha256:5123184c115415746b9e45a79609be5df6469d0b755767bd2a7f4b208b8cff02"",""stream"":1,""data"":""W0lORk9dIERvd25sb2FkZWQgZnJvbSBjZW50cmFsOiBodHRwczovL3JlcG8ubWF2ZW4uYXBhY2hlLm9yZy9tYXZlbjIvb3JnL2NvZGVoYXVzL3BsZXh1cy9wbGV4dXMtY29tcG9uZW50LWFubm90YXRpb25zLzIuMC4wL3BsZXh1cy1jb21wb25lbnQtYW5ub3RhdGlvbnMtMi4wLjAucG9tICg3NTAgQiBhdCAyOSBrQi9zKQo="",""timestamp"":""2026-08-22T15:29:45.986256018Z""}"
"[INFO] Downloading from central: https://repo.maven.apache.org/maven2/org/codehaus/plexus/plexus-containers/2.0.0/plexus-containers-2.0.0.pom
",2026-08-22T15:29:45.988028318Z,info,"{""serviceId"":""87697b40-66d1-4a58-89e6-1068a09cbf8c"",""deploymentId"":""d6c8c3b8-3bb6-45c0-bc76-a9729ab89f82"",""deploymentInstanceId"":null}","{""level"":""info"",""source"":""buildkit"",""type"":""log"",""vertex"":""sha256:5123184c115415746b9e45a79609be5df6469d0b755767bd2a7f4b208b8cff02"",""stream"":1,""data"":""W0lORk9dIERvd25sb2FkaW5nIGZyb20gY2VudHJhbDogaHR0cHM6Ly9yZXBvLm1hdmVuLmFwYWNoZS5vcmcvbWF2ZW4yL29yZy9jb2RlaGF1cy9wbGV4dXMvcGxleHVzLWNvbnRhaW5lcnMvMi4wLjAvcGxleHVzLWNvbnRhaW5lcnMtMi4wLjAucG9tCg=="",""timestamp"":""2026-08-22T15:29:45.988028318Z""}"
"[INFO] Downloaded from central: https://repo.maven.apache.org/maven2/org/codehaus/plexus/plexus-containers/2.0.0/plexus-containers-2.0.0.pom (4.8 kB at 209 kB/s)
",2026-08-22T15:29:46.010328497Z,info,"{""serviceId"":""87697b40-66d1-4a58-89e6-1068a09cbf8c"",""deploymentId"":""d6c8c3b8-3bb6-45c0-bc76-a9729ab89f82"",""deploymentInstanceId"":null}","{""level"":""info"",""source"":""buildkit"",""type"":""log"",""vertex"":""sha256:5123184c115415746b9e45a79609be5df6469d0b755767bd2a7f4b208b8cff02"",""stream"":1,""data"":""W0lORk9dIERvd25sb2FkZWQgZnJvbSBjZW50cmFsOiBodHRwczovL3JlcG8ubWF2ZW4uYXBhY2hlLm9yZy9tYXZlbjIvb3JnL2NvZGVoYXVzL3BsZXh1cy9wbGV4dXMtY29udGFpbmVycy8yLjAuMC9wbGV4dXMtY29udGFpbmVycy0yLjAuMC5wb20gKDQuOCBrQiBhdCAyMDkga0IvcykK"",""timestamp"":""2026-08-22T15:29:46.010328497Z""}"
"[INFO] Downloading from central: https://repo.maven.apache.org/maven2/org/apache/maven/shared/maven-common-artifact-filters/3.1.0/maven-common-artifact-filters-3.1.0.pom
",2026-08-22T15:29:46.013133195Z,info,"{""serviceId"":""87697b40-66d1-4a58-89e6-1068a09cbf8c"",""deploymentId"":""d6c8c3b8-3bb6-45c0-bc76-a9729ab89f82"",""deploymentInstanceId"":null}","{""level"":""info"",""source"":""buildkit"",""type"":""log"",""vertex"":""sha256:5123184c115415746b9e45a79609be5df6469d0b755767bd2a7f4b208b8cff02"",""stream"":1,""data"":""W0lORk9dIERvd25sb2FkaW5nIGZyb20gY2VudHJhbDogaHR0cHM6Ly9yZXBvLm1hdmVuLmFwYWNoZS5vcmcvbWF2ZW4yL29yZy9hcGFjaGUvbWF2ZW4vc2hhcmVkL21hdmVuLWNvbW1vbi1hcnRpZmFjdC1maWx0ZXJzLzMuMS4wL21hdmVuLWNvbW1vbi1hcnRpZmFjdC1maWx0ZXJzLTMuMS4wLnBvbQo="",""timestamp"":""2026-08-22T15:29:46.013133195Z""}"
"[INFO] Downloaded from central: https://repo.maven.apache.org/maven2/org/apache/maven/shared/maven-common-artifact-filters/3.1.0/maven-common-artifact-filters-3.1.0.pom (5.3 kB at 240 kB/s)
",2026-08-22T15:29:46.034380304Z,info,"{""serviceId"":""87697b40-66d1-4a58-89e6-1068a09cbf8c"",""deploymentId"":""d6c8c3b8-3bb6-45c0-bc76-a9729ab89f82"",""deploymentInstanceId"":null}","{""level"":""info"",""source"":""buildkit"",""type"":""log"",""vertex"":""sha256:5123184c115415746b9e45a79609be5df6469d0b755767bd2a7f4b208b8cff02"",""stream"":1,""data"":""W0lORk9dIERvd25sb2FkZWQgZnJvbSBjZW50cmFsOiBodHRwczovL3JlcG8ubWF2ZW4uYXBhY2hlLm9yZy9tYXZlbjIvb3JnL2FwYWNoZS9tYXZlbi9zaGFyZWQvbWF2ZW4tY29tbW9uLWFydGlmYWN0LWZpbHRlcnMvMy4xLjAvbWF2ZW4tY29tbW9uLWFydGlmYWN0LWZpbHRlcnMtMy4xLjAucG9tICg1LjMga0IgYXQgMjQwIGtCL3MpCg=="",""timestamp"":""2026-08-22T15:29:46.034380304Z""}"
"[INFO] Downloading from central: https://repo.maven.apache.org/maven2/org/apache/maven/shared/maven-shared-components/33/maven-shared-components-33.pom
",2026-08-22T15:29:46.036386213Z,info,"{""serviceId"":""87697b40-66d1-4a58-89e6-1068a09cbf8c"",""deploymentId"":""d6c8c3b8-3bb6-45c0-bc76-a9729ab89f82"",""deploymentInstanceId"":null}","{""level"":""info"",""source"":""buildkit"",""type"":""log"",""vertex"":""sha256:5123184c115415746b9e45a79609be5df6469d0b755767bd2a7f4b208b8cff02"",""stream"":1,""data"":""W0lORk9dIERvd25sb2FkaW5nIGZyb20gY2VudHJhbDogaHR0cHM6Ly9yZXBvLm1hdmVuLmFwYWNoZS5vcmcvbWF2ZW4yL29yZy9hcGFjaGUvbWF2ZW4vc2hhcmVkL21hdmVuLXNoYXJlZC1jb21wb25lbnRzLzMzL21hdmVuLXNoYXJlZC1jb21wb25lbnRzLTMzLnBvbQo="",""timestamp"":""2026-08-22T15:29:46.036386213Z""}"
"[INFO] Downloaded from central: https://repo.maven.apache.org/maven2/org/apache/maven/shared/maven-shared-components/33/maven-shared-components-33.pom (5.1 kB at 196 kB/s)
",2026-08-22T15:29:46.062471612Z,info,"{""serviceId"":""87697b40-66d1-4a58-89e6-1068a09cbf8c"",""deploymentId"":""d6c8c3b8-3bb6-45c0-bc76-a9729ab89f82"",""deploymentInstanceId"":null}","{""level"":""info"",""source"":""buildkit"",""type"":""log"",""vertex"":""sha256:5123184c115415746b9e45a79609be5df6469d0b755767bd2a7f4b208b8cff02"",""stream"":1,""data"":""W0lORk9dIERvd25sb2FkZWQgZnJvbSBjZW50cmFsOiBodHRwczovL3JlcG8ubWF2ZW4uYXBhY2hlLm9yZy9tYXZlbjIvb3JnL2FwYWNoZS9tYXZlbi9zaGFyZWQvbWF2ZW4tc2hhcmVkLWNvbXBvbmVudHMvMzMvbWF2ZW4tc2hhcmVkLWNvbXBvbmVudHMtMzMucG9tICg1LjEga0IgYXQgMTk2IGtCL3MpCg=="",""timestamp"":""2026-08-22T15:29:46.062471612Z""}"
"[INFO] Downloading from central: https://repo.maven.apache.org/maven2/org/apache/maven/maven-model/3.0/maven-model-3.0.pom
",2026-08-22T15:29:46.06540938Z,info,"{""serviceId"":""87697b40-66d1-4a58-89e6-1068a09cbf8c"",""deploymentId"":""d6c8c3b8-3bb6-45c0-bc76-a9729ab89f82"",""deploymentInstanceId"":null}","{""level"":""info"",""source"":""buildkit"",""type"":""log"",""vertex"":""sha256:5123184c115415746b9e45a79609be5df6469d0b755767bd2a7f4b208b8cff02"",""stream"":1,""data"":""W0lORk9dIERvd25sb2FkaW5nIGZyb20gY2VudHJhbDogaHR0cHM6Ly9yZXBvLm1hdmVuLmFwYWNoZS5vcmcvbWF2ZW4yL29yZy9hcGFjaGUvbWF2ZW4vbWF2ZW4tbW9kZWwvMy4wL21hdmVuLW1vZGVsLTMuMC5wb20K"",""timestamp"":""2026-08-22T15:29:46.06540938Z""}"
"[INFO] Downloaded from central: https://repo.maven.apache.org/maven2/org/apache/maven/maven-model/3.0/maven-model-3.0.pom (3.9 kB at 156 kB/s)
",2026-08-22T15:29:46.09097602Z,info,"{""serviceId"":""87697b40-66d1-4a58-89e6-1068a09cbf8c"",""deploymentId"":""d6c8c3b8-3bb6-45c0-bc76-a9729ab89f82"",""deploymentInstanceId"":null}","{""level"":""info"",""source"":""buildkit"",""type"":""log"",""vertex"":""sha256:5123184c115415746b9e45a79609be5df6469d0b755767bd2a7f4b208b8cff02"",""stream"":1,""data"":""W0lORk9dIERvd25sb2FkZWQgZnJvbSBjZW50cmFsOiBodHRwczovL3JlcG8ubWF2ZW4uYXBhY2hlLm9yZy9tYXZlbjIvb3JnL2FwYWNoZS9tYXZlbi9tYXZlbi1tb2RlbC8zLjAvbWF2ZW4tbW9kZWwtMy4wLnBvbSAoMy45IGtCIGF0IDE1NiBrQi9zKQo="",""timestamp"":""2026-08-22T15:29:46.09097602Z""}"
"[INFO] Downloading from central: https://repo.maven.apache.org/maven2/org/apache/maven/maven/3.0/maven-3.0.pom
",2026-08-22T15:29:46.092901899Z,info,"{""serviceId"":""87697b40-66d1-4a58-89e6-1068a09cbf8c"",""deploymentId"":""d6c8c3b8-3bb6-45c0-bc76-a9729ab89f82"",""deploymentInstanceId"":null}","{""level"":""info"",""source"":""buildkit"",""type"":""log"",""vertex"":""sha256:5123184c115415746b9e45a79609be5df6469d0b755767bd2a7f4b208b8cff02"",""stream"":1,""data"":""W0lORk9dIERvd25sb2FkaW5nIGZyb20gY2VudHJhbDogaHR0cHM6Ly9yZXBvLm1hdmVuLmFwYWNoZS5vcmcvbWF2ZW4yL29yZy9hcGFjaGUvbWF2ZW4vbWF2ZW4vMy4wL21hdmVuLTMuMC5wb20K"",""timestamp"":""2026-08-22T15:29:46.092901899Z""}"
"[INFO] Downloaded from central: https://repo.maven.apache.org/maven2/org/apache/maven/maven/3.0/maven-3.0.pom (22 kB at 995 kB/s)
",2026-08-22T15:29:46.11488366Z,info,"{""serviceId"":""87697b40-66d1-4a58-89e6-1068a09cbf8c"",""deploymentId"":""d6c8c3b8-3bb6-45c0-bc76-a9729ab89f82"",""deploymentInstanceId"":null}","{""level"":""info"",""source"":""buildkit"",""type"":""log"",""vertex"":""sha256:5123184c115415746b9e45a79609be5df6469d0b755767bd2a7f4b208b8cff02"",""stream"":1,""data"":""W0lORk9dIERvd25sb2FkZWQgZnJvbSBjZW50cmFsOiBodHRwczovL3JlcG8ubWF2ZW4uYXBhY2hlLm9yZy9tYXZlbjIvb3JnL2FwYWNoZS9tYXZlbi9tYXZlbi8zLjAvbWF2ZW4tMy4wLnBvbSAoMjIga0IgYXQgOTk1IGtCL3MpCg=="",""timestamp"":""2026-08-22T15:29:46.11488366Z""}"
"[INFO] Downloading from central: https://repo.maven.apache.org/maven2/org/apache/maven/maven-parent/15/maven-parent-15.pom
",2026-08-22T15:29:46.117259225Z,info,"{""serviceId"":""87697b40-66d1-4a58-89e6-1068a09cbf8c"",""deploymentId"":""d6c8c3b8-3bb6-45c0-bc76-a9729ab89f82"",""deploymentInstanceId"":null}","{""level"":""info"",""source"":""buildkit"",""type"":""log"",""vertex"":""sha256:5123184c115415746b9e45a79609be5df6469d0b755767bd2a7f4b208b8cff02"",""stream"":1,""data"":""W0lORk9dIERvd25sb2FkaW5nIGZyb20gY2VudHJhbDogaHR0cHM6Ly9yZXBvLm1hdmVuLmFwYWNoZS5vcmcvbWF2ZW4yL29yZy9hcGFjaGUvbWF2ZW4vbWF2ZW4tcGFyZW50LzE1L21hdmVuLXBhcmVudC0xNS5wb20K"",""timestamp"":""2026-08-22T15:29:46.117259225Z""}"
"[INFO] Downloaded from central: https://repo.maven.apache.org/maven2/org/apache/maven/maven-parent/15/maven-parent-15.pom (24 kB at 1.2 MB/s)
",2026-08-22T15:29:46.137713925Z,info,"{""serviceId"":""87697b40-66d1-4a58-89e6-1068a09cbf8c"",""deploymentId"":""d6c8c3b8-3bb6-45c0-bc76-a9729ab89f82"",""deploymentInstanceId"":null}","{""level"":""info"",""source"":""buildkit"",""type"":""log"",""vertex"":""sha256:5123184c115415746b9e45a79609be5df6469d0b755767bd2a7f4b208b8cff02"",""stream"":1,""data"":""W0lORk9dIERvd25sb2FkZWQgZnJvbSBjZW50cmFsOiBodHRwczovL3JlcG8ubWF2ZW4uYXBhY2hlLm9yZy9tYXZlbjIvb3JnL2FwYWNoZS9tYXZlbi9tYXZlbi1wYXJlbnQvMTUvbWF2ZW4tcGFyZW50LTE1LnBvbSAoMjQga0IgYXQgMS4yIE1CL3MpCg=="",""timestamp"":""2026-08-22T15:29:46.137713925Z""}"
"[INFO] Downloading from central: https://repo.maven.apache.org/maven2/org/apache/apache/6/apache-6.pom
",2026-08-22T15:29:46.140027426Z,info,"{""serviceId"":""87697b40-66d1-4a58-89e6-1068a09cbf8c"",""deploymentId"":""d6c8c3b8-3bb6-45c0-bc76-a9729ab89f82"",""deploymentInstanceId"":null}","{""level"":""info"",""source"":""buildkit"",""type"":""log"",""vertex"":""sha256:5123184c115415746b9e45a79609be5df6469d0b755767bd2a7f4b208b8cff02"",""stream"":1,""data"":""W0lORk9dIERvd25sb2FkaW5nIGZyb20gY2VudHJhbDogaHR0cHM6Ly9yZXBvLm1hdmVuLmFwYWNoZS5vcmcvbWF2ZW4yL29yZy9hcGFjaGUvYXBhY2hlLzYvYXBhY2hlLTYucG9tCg=="",""timestamp"":""2026-08-22T15:29:46.140027426Z""}"
"[INFO] Downloaded from central: https://repo.maven.apache.org/maven2/org/apache/apache/6/apache-6.pom (13 kB at 582 kB/s)
",2026-08-22T15:29:46.161419042Z,info,"{""serviceId"":""87697b40-66d1-4a58-89e6-1068a09cbf8c"",""deploymentId"":""d6c8c3b8-3bb6-45c0-bc76-a9729ab89f82"",""deploymentInstanceId"":null}","{""level"":""info"",""source"":""buildkit"",""type"":""log"",""vertex"":""sha256:5123184c115415746b9e45a79609be5df6469d0b755767bd2a7f4b208b8cff02"",""stream"":1,""data"":""W0lORk9dIERvd25sb2FkZWQgZnJvbSBjZW50cmFsOiBodHRwczovL3JlcG8ubWF2ZW4uYXBhY2hlLm9yZy9tYXZlbjIvb3JnL2FwYWNoZS9hcGFjaGUvNi9hcGFjaGUtNi5wb20gKDEzIGtCIGF0IDU4MiBrQi9zKQo="",""timestamp"":""2026-08-22T15:29:46.161419042Z""}"
"[INFO] Downloading from central: https://repo.maven.apache.org/maven2/org/apache/maven/maven-plugin-api/3.0/maven-plugin-api-3.0.pom
",2026-08-22T15:29:46.164584722Z,info,"{""serviceId"":""87697b40-66d1-4a58-89e6-1068a09cbf8c"",""deploymentId"":""d6c8c3b8-3bb6-45c0-bc76-a9729ab89f82"",""deploymentInstanceId"":null}","{""level"":""info"",""source"":""buildkit"",""type"":""log"",""vertex"":""sha256:5123184c115415746b9e45a79609be5df6469d0b755767bd2a7f4b208b8cff02"",""stream"":1,""data"":""W0lORk9dIERvd25sb2FkaW5nIGZyb20gY2VudHJhbDogaHR0cHM6Ly9yZXBvLm1hdmVuLmFwYWNoZS5vcmcvbWF2ZW4yL29yZy9hcGFjaGUvbWF2ZW4vbWF2ZW4tcGx1Z2luLWFwaS8zLjAvbWF2ZW4tcGx1Z2luLWFwaS0zLjAucG9tCg=="",""timestamp"":""2026-08-22T15:29:46.164584722Z""}"
"[INFO] Downloaded from central: https://repo.maven.apache.org/maven2/org/apache/maven/maven-plugin-api/3.0/maven-plugin-api-3.0.pom (2.3 kB at 104 kB/s)
",2026-08-22T15:29:46.1862112Z,info,"{""serviceId"":""87697b40-66d1-4a58-89e6-1068a09cbf8c"",""deploymentId"":""d6c8c3b8-3bb6-45c0-bc76-a9729ab89f82"",""deploymentInstanceId"":null}","{""level"":""info"",""source"":""buildkit"",""type"":""log"",""vertex"":""sha256:5123184c115415746b9e45a79609be5df6469d0b755767bd2a7f4b208b8cff02"",""stream"":1,""data"":""W0lORk9dIERvd25sb2FkZWQgZnJvbSBjZW50cmFsOiBodHRwczovL3JlcG8ubWF2ZW4uYXBhY2hlLm9yZy9tYXZlbjIvb3JnL2FwYWNoZS9tYXZlbi9tYXZlbi1wbHVnaW4tYXBpLzMuMC9tYXZlbi1wbHVnaW4tYXBpLTMuMC5wb20gKDIuMyBrQiBhdCAxMDQga0IvcykK"",""timestamp"":""2026-08-22T15:29:46.1862112Z""}"
"[INFO] Downloading from central: https://repo.maven.apache.org/maven2/org/sonatype/sisu/sisu-inject-plexus/1.4.2/sisu-inject-plexus-1.4.2.pom
",2026-08-22T15:29:46.189633334Z,info,"{""serviceId"":""87697b40-66d1-4a58-89e6-1068a09cbf8c"",""deploymentId"":""d6c8c3b8-3bb6-45c0-bc76-a9729ab89f82"",""deploymentInstanceId"":null}","{""level"":""info"",""source"":""buildkit"",""type"":""log"",""vertex"":""sha256:5123184c115415746b9e45a79609be5df6469d0b755767bd2a7f4b208b8cff02"",""stream"":1,""data"":""W0lORk9dIERvd25sb2FkaW5nIGZyb20gY2VudHJhbDogaHR0cHM6Ly9yZXBvLm1hdmVuLmFwYWNoZS5vcmcvbWF2ZW4yL29yZy9zb25hdHlwZS9zaXN1L3Npc3UtaW5qZWN0LXBsZXh1cy8xLjQuMi9zaXN1LWluamVjdC1wbGV4dXMtMS40LjIucG9tCg=="",""timestamp"":""2026-08-22T15:29:46.189633334Z""}"
"[INFO] Downloaded from central: https://repo.maven.apache.org/maven2/org/sonatype/sisu/sisu-inject-plexus/1.4.2/sisu-inject-plexus-1.4.2.pom (5.4 kB at 185 kB/s)
",2026-08-22T15:29:46.218811022Z,info,"{""serviceId"":""87697b40-66d1-4a58-89e6-1068a09cbf8c"",""deploymentId"":""d6c8c3b8-3bb6-45c0-bc76-a9729ab89f82"",""deploymentInstanceId"":null}","{""level"":""info"",""source"":""buildkit"",""type"":""log"",""vertex"":""sha256:5123184c115415746b9e45a79609be5df6469d0b755767bd2a7f4b208b8cff02"",""stream"":1,""data"":""W0lORk9dIERvd25sb2FkZWQgZnJvbSBjZW50cmFsOiBodHRwczovL3JlcG8ubWF2ZW4uYXBhY2hlLm9yZy9tYXZlbjIvb3JnL3NvbmF0eXBlL3Npc3Uvc2lzdS1pbmplY3QtcGxleHVzLzEuNC4yL3Npc3UtaW5qZWN0LXBsZXh1cy0xLjQuMi5wb20gKDUuNCBrQiBhdCAxODUga0IvcykK"",""timestamp"":""2026-08-22T15:29:46.218811022Z""}"
"[INFO] Downloading from central: https://repo.maven.apache.org/maven2/org/sonatype/sisu/inject/guice-plexus/1.4.2/guice-plexus-1.4.2.pom
",2026-08-22T15:29:46.221121309Z,info,"{""serviceId"":""87697b40-66d1-4a58-89e6-1068a09cbf8c"",""deploymentId"":""d6c8c3b8-3bb6-45c0-bc76-a9729ab89f82"",""deploymentInstanceId"":null}","{""level"":""info"",""source"":""buildkit"",""type"":""log"",""vertex"":""sha256:5123184c115415746b9e45a79609be5df6469d0b755767bd2a7f4b208b8cff02"",""stream"":1,""data"":""W0lORk9dIERvd25sb2FkaW5nIGZyb20gY2VudHJhbDogaHR0cHM6Ly9yZXBvLm1hdmVuLmFwYWNoZS5vcmcvbWF2ZW4yL29yZy9zb25hdHlwZS9zaXN1L2luamVjdC9ndWljZS1wbGV4dXMvMS40LjIvZ3VpY2UtcGxleHVzLTEuNC4yLnBvbQo="",""timestamp"":""2026-08-22T15:29:46.221121309Z""}"
"[INFO] Downloaded from central: https://repo.maven.apache.org/maven2/org/sonatype/sisu/inject/guice-plexus/1.4.2/guice-plexus-1.4.2.pom (3.1 kB at 80 kB/s)
",2026-08-22T15:29:46.25958565Z,info,"{""serviceId"":""87697b40-66d1-4a58-89e6-1068a09cbf8c"",""deploymentId"":""d6c8c3b8-3bb6-45c0-bc76-a9729ab89f82"",""deploymentInstanceId"":null}","{""level"":""info"",""source"":""buildkit"",""type"":""log"",""vertex"":""sha256:5123184c115415746b9e45a79609be5df6469d0b755767bd2a7f4b208b8cff02"",""stream"":1,""data"":""W0lORk9dIERvd25sb2FkZWQgZnJvbSBjZW50cmFsOiBodHRwczovL3JlcG8ubWF2ZW4uYXBhY2hlLm9yZy9tYXZlbjIvb3JnL3NvbmF0eXBlL3Npc3UvaW5qZWN0L2d1aWNlLXBsZXh1cy8xLjQuMi9ndWljZS1wbGV4dXMtMS40LjIucG9tICgzLjEga0IgYXQgODAga0IvcykK"",""timestamp"":""2026-08-22T15:29:46.25958565Z""}"
"[INFO] Downloading from central: https://repo.maven.apache.org/maven2/org/sonatype/sisu/inject/guice-bean/1.4.2/guice-bean-1.4.2.pom
",2026-08-22T15:29:46.261178791Z,info,"{""serviceId"":""87697b40-66d1-4a58-89e6-1068a09cbf8c"",""deploymentId"":""d6c8c3b8-3bb6-45c0-bc76-a9729ab89f82"",""deploymentInstanceId"":null}","{""level"":""info"",""source"":""buildkit"",""type"":""log"",""vertex"":""sha256:5123184c115415746b9e45a79609be5df6469d0b755767bd2a7f4b208b8cff02"",""stream"":1,""data"":""W0lORk9dIERvd25sb2FkaW5nIGZyb20gY2VudHJhbDogaHR0cHM6Ly9yZXBvLm1hdmVuLmFwYWNoZS5vcmcvbWF2ZW4yL29yZy9zb25hdHlwZS9zaXN1L2luamVjdC9ndWljZS1iZWFuLzEuNC4yL2d1aWNlLWJlYW4tMS40LjIucG9tCg=="",""timestamp"":""2026-08-22T15:29:46.261178791Z""}"
"[INFO] Downloaded from central: https://repo.maven.apache.org/maven2/org/sonatype/sisu/inject/guice-bean/1.4.2/guice-bean-1.4.2.pom (2.6 kB at 113 kB/s)
",2026-08-22T15:29:46.284802285Z,info,"{""serviceId"":""87697b40-66d1-4a58-89e6-1068a09cbf8c"",""deploymentId"":""d6c8c3b8-3bb6-45c0-bc76-a9729ab89f82"",""deploymentInstanceId"":null}","{""level"":""info"",""source"":""buildkit"",""type"":""log"",""vertex"":""sha256:5123184c115415746b9e45a79609be5df6469d0b755767bd2a7f4b208b8cff02"",""stream"":1,""data"":""W0lORk9dIERvd25sb2FkZWQgZnJvbSBjZW50cmFsOiBodHRwczovL3JlcG8ubWF2ZW4uYXBhY2hlLm9yZy9tYXZlbjIvb3JnL3NvbmF0eXBlL3Npc3UvaW5qZWN0L2d1aWNlLWJlYW4vMS40LjIvZ3VpY2UtYmVhbi0xLjQuMi5wb20gKDIuNiBrQiBhdCAxMTMga0IvcykK"",""timestamp"":""2026-08-22T15:29:46.284802285Z""}"
"[INFO] Downloading from central: https://repo.maven.apache.org/maven2/org/sonatype/sisu/sisu-inject/1.4.2/sisu-inject-1.4.2.pom
",2026-08-22T15:29:46.286239521Z,info,"{""serviceId"":""87697b40-66d1-4a58-89e6-1068a09cbf8c"",""deploymentId"":""d6c8c3b8-3bb6-45c0-bc76-a9729ab89f82"",""deploymentInstanceId"":null}","{""level"":""info"",""source"":""buildkit"",""type"":""log"",""vertex"":""sha256:5123184c115415746b9e45a79609be5df6469d0b755767bd2a7f4b208b8cff02"",""stream"":1,""data"":""W0lORk9dIERvd25sb2FkaW5nIGZyb20gY2VudHJhbDogaHR0cHM6Ly9yZXBvLm1hdmVuLmFwYWNoZS5vcmcvbWF2ZW4yL29yZy9zb25hdHlwZS9zaXN1L3Npc3UtaW5qZWN0LzEuNC4yL3Npc3UtaW5qZWN0LTEuNC4yLnBvbQo="",""timestamp"":""2026-08-22T15:29:46.286239521Z""}"
"[INFO] Downloaded from central: https://repo.maven.apache.org/maven2/org/sonatype/sisu/sisu-inject/1.4.2/sisu-inject-1.4.2.pom (1.2 kB at 54 kB/s)
",2026-08-22T15:29:46.30941906Z,info,"{""serviceId"":""87697b40-66d1-4a58-89e6-1068a09cbf8c"",""deploymentId"":""d6c8c3b8-3bb6-45c0-bc76-a9729ab89f82"",""deploymentInstanceId"":null}","{""level"":""info"",""source"":""buildkit"",""type"":""log"",""vertex"":""sha256:5123184c115415746b9e45a79609be5df6469d0b755767bd2a7f4b208b8cff02"",""stream"":1,""data"":""W0lORk9dIERvd25sb2FkZWQgZnJvbSBjZW50cmFsOiBodHRwczovL3JlcG8ubWF2ZW4uYXBhY2hlLm9yZy9tYXZlbjIvb3JnL3NvbmF0eXBlL3Npc3Uvc2lzdS1pbmplY3QvMS40LjIvc2lzdS1pbmplY3QtMS40LjIucG9tICgxLjIga0IgYXQgNTQga0IvcykK"",""timestamp"":""2026-08-22T15:29:46.30941906Z""}"
"[INFO] Downloading from central: https://repo.maven.apache.org/maven2/org/sonatype/sisu/sisu-parent/1.4.2/sisu-parent-1.4.2.pom
",2026-08-22T15:29:46.310897188Z,info,"{""serviceId"":""87697b40-66d1-4a58-89e6-1068a09cbf8c"",""deploymentId"":""d6c8c3b8-3bb6-45c0-bc76-a9729ab89f82"",""deploymentInstanceId"":null}","{""level"":""info"",""source"":""buildkit"",""type"":""log"",""vertex"":""sha256:5123184c115415746b9e45a79609be5df6469d0b755767bd2a7f4b208b8cff02"",""stream"":1,""data"":""W0lORk9dIERvd25sb2FkaW5nIGZyb20gY2VudHJhbDogaHR0cHM6Ly9yZXBvLm1hdmVuLmFwYWNoZS5vcmcvbWF2ZW4yL29yZy9zb25hdHlwZS9zaXN1L3Npc3UtcGFyZW50LzEuNC4yL3Npc3UtcGFyZW50LTEuNC4yLnBvbQo="",""timestamp"":""2026-08-22T15:29:46.310897188Z""}"
"[INFO] Downloaded from central: https://repo.maven.apache.org/maven2/org/sonatype/sisu/sisu-parent/1.4.2/sisu-parent-1.4.2.pom (7.8 kB at 311 kB/s)
",2026-08-22T15:29:46.335376346Z,info,"{""serviceId"":""87697b40-66d1-4a58-89e6-1068a09cbf8c"",""deploymentId"":""d6c8c3b8-3bb6-45c0-bc76-a9729ab89f82"",""deploymentInstanceId"":null}","{""level"":""info"",""source"":""buildkit"",""type"":""log"",""vertex"":""sha256:5123184c115415746b9e45a79609be5df6469d0b755767bd2a7f4b208b8cff02"",""stream"":1,""data"":""W0lORk9dIERvd25sb2FkZWQgZnJvbSBjZW50cmFsOiBodHRwczovL3JlcG8ubWF2ZW4uYXBhY2hlLm9yZy9tYXZlbjIvb3JnL3NvbmF0eXBlL3Npc3Uvc2lzdS1wYXJlbnQvMS40LjIvc2lzdS1wYXJlbnQtMS40LjIucG9tICg3Ljgga0IgYXQgMzExIGtCL3MpCg=="",""timestamp"":""2026-08-22T15:29:46.335376346Z""}"
"[INFO] Downloading from central: https://repo.maven.apache.org/maven2/org/sonatype/forge/forge-parent/6/forge-parent-6.pom
",2026-08-22T15:29:46.337217298Z,info,"{""serviceId"":""87697b40-66d1-4a58-89e6-1068a09cbf8c"",""deploymentId"":""d6c8c3b8-3bb6-45c0-bc76-a9729ab89f82"",""deploymentInstanceId"":null}","{""level"":""info"",""source"":""buildkit"",""type"":""log"",""vertex"":""sha256:5123184c115415746b9e45a79609be5df6469d0b755767bd2a7f4b208b8cff02"",""stream"":1,""data"":""W0lORk9dIERvd25sb2FkaW5nIGZyb20gY2VudHJhbDogaHR0cHM6Ly9yZXBvLm1hdmVuLmFwYWNoZS5vcmcvbWF2ZW4yL29yZy9zb25hdHlwZS9mb3JnZS9mb3JnZS1wYXJlbnQvNi9mb3JnZS1wYXJlbnQtNi5wb20K"",""timestamp"":""2026-08-22T15:29:46.337217298Z""}"
"[INFO] Downloaded from central: https://repo.maven.apache.org/maven2/org/sonatype/forge/forge-parent/6/forge-parent-6.pom (11 kB at 414 kB/s)
",2026-08-22T15:29:46.363912412Z,info,"{""serviceId"":""87697b40-66d1-4a58-89e6-1068a09cbf8c"",""deploymentId"":""d6c8c3b8-3bb6-45c0-bc76-a9729ab89f82"",""deploymentInstanceId"":null}","{""level"":""info"",""source"":""buildkit"",""type"":""log"",""vertex"":""sha256:5123184c115415746b9e45a79609be5df6469d0b755767bd2a7f4b208b8cff02"",""stream"":1,""data"":""W0lORk9dIERvd25sb2FkZWQgZnJvbSBjZW50cmFsOiBodHRwczovL3JlcG8ubWF2ZW4uYXBhY2hlLm9yZy9tYXZlbjIvb3JnL3NvbmF0eXBlL2ZvcmdlL2ZvcmdlLXBhcmVudC82L2ZvcmdlLXBhcmVudC02LnBvbSAoMTEga0IgYXQgNDE0IGtCL3MpCg=="",""timestamp"":""2026-08-22T15:29:46.363912412Z""}"
"[INFO] Downloading from central: https://repo.maven.apache.org/maven2/org/codehaus/plexus/plexus-component-annotations/1.5.4/plexus-component-annotations-1.5.4.pom
",2026-08-22T15:29:46.366935087Z,info,"{""serviceId"":""87697b40-66d1-4a58-89e6-1068a09cbf8c"",""deploymentId"":""d6c8c3b8-3bb6-45c0-bc76-a9729ab89f82"",""deploymentInstanceId"":null}","{""level"":""info"",""source"":""buildkit"",""type"":""log"",""vertex"":""sha256:5123184c115415746b9e45a79609be5df6469d0b755767bd2a7f4b208b8cff02"",""stream"":1,""data"":""W0lORk9dIERvd25sb2FkaW5nIGZyb20gY2VudHJhbDogaHR0cHM6Ly9yZXBvLm1hdmVuLmFwYWNoZS5vcmcvbWF2ZW4yL29yZy9jb2RlaGF1cy9wbGV4dXMvcGxleHVzLWNvbXBvbmVudC1hbm5vdGF0aW9ucy8xLjUuNC9wbGV4dXMtY29tcG9uZW50LWFubm90YXRpb25zLTEuNS40LnBvbQo="",""timestamp"":""2026-08-22T15:29:46.366935087Z""}"
"[INFO] Downloaded from central: https://repo.maven.apache.org/maven2/org/codehaus/plexus/plexus-component-annotations/1.5.4/plexus-component-annotations-1.5.4.pom (815 B at 31 kB/s)
",2026-08-22T15:29:46.393141717Z,info,"{""serviceId"":""87697b40-66d1-4a58-89e6-1068a09cbf8c"",""deploymentId"":""d6c8c3b8-3bb6-45c0-bc76-a9729ab89f82"",""deploymentInstanceId"":null}","{""level"":""info"",""source"":""buildkit"",""type"":""log"",""vertex"":""sha256:5123184c115415746b9e45a79609be5df6469d0b755767bd2a7f4b208b8cff02"",""stream"":1,""data"":""W0lORk9dIERvd25sb2FkZWQgZnJvbSBjZW50cmFsOiBodHRwczovL3JlcG8ubWF2ZW4uYXBhY2hlLm9yZy9tYXZlbjIvb3JnL2NvZGVoYXVzL3BsZXh1cy9wbGV4dXMtY29tcG9uZW50LWFubm90YXRpb25zLzEuNS40L3BsZXh1cy1jb21wb25lbnQtYW5ub3RhdGlvbnMtMS41LjQucG9tICg4MTUgQiBhdCAzMSBrQi9zKQo="",""timestamp"":""2026-08-22T15:29:46.393141717Z""}"
"[INFO] Downloading from central: https://repo.maven.apache.org/maven2/org/codehaus/plexus/plexus-containers/1.5.4/plexus-containers-1.5.4.pom
",2026-08-22T15:29:46.3949434Z,info,"{""serviceId"":""87697b40-66d1-4a58-89e6-1068a09cbf8c"",""deploymentId"":""d6c8c3b8-3bb6-45c0-bc76-a9729ab89f82"",""deploymentInstanceId"":null}","{""level"":""info"",""source"":""buildkit"",""type"":""log"",""vertex"":""sha256:5123184c115415746b9e45a79609be5df6469d0b755767bd2a7f4b208b8cff02"",""stream"":1,""data"":""W0lORk9dIERvd25sb2FkaW5nIGZyb20gY2VudHJhbDogaHR0cHM6Ly9yZXBvLm1hdmVuLmFwYWNoZS5vcmcvbWF2ZW4yL29yZy9jb2RlaGF1cy9wbGV4dXMvcGxleHVzLWNvbnRhaW5lcnMvMS41LjQvcGxleHVzLWNvbnRhaW5lcnMtMS41LjQucG9tCg=="",""timestamp"":""2026-08-22T15:29:46.3949434Z""}"
"[INFO] Downloaded from central: https://repo.maven.apache.org/maven2/org/codehaus/plexus/plexus-containers/1.5.4/plexus-containers-1.5.4.pom (4.2 kB at 141 kB/s)
",2026-08-22T15:29:46.424185665Z,info,"{""serviceId"":""87697b40-66d1-4a58-89e6-1068a09cbf8c"",""deploymentId"":""d6c8c3b8-3bb6-45c0-bc76-a9729ab89f82"",""deploymentInstanceId"":null}","{""level"":""info"",""source"":""buildkit"",""type"":""log"",""vertex"":""sha256:5123184c115415746b9e45a79609be5df6469d0b755767bd2a7f4b208b8cff02"",""stream"":1,""data"":""W0lORk9dIERvd25sb2FkZWQgZnJvbSBjZW50cmFsOiBodHRwczovL3JlcG8ubWF2ZW4uYXBhY2hlLm9yZy9tYXZlbjIvb3JnL2NvZGVoYXVzL3BsZXh1cy9wbGV4dXMtY29udGFpbmVycy8xLjUuNC9wbGV4dXMtY29udGFpbmVycy0xLjUuNC5wb20gKDQuMiBrQiBhdCAxNDEga0IvcykK"",""timestamp"":""2026-08-22T15:29:46.424185665Z""}"
"[INFO] Downloading from central: https://repo.maven.apache.org/maven2/org/codehaus/plexus/plexus/2.0.5/plexus-2.0.5.pom
",2026-08-22T15:29:46.42694156Z,info,"{""serviceId"":""87697b40-66d1-4a58-89e6-1068a09cbf8c"",""deploymentId"":""d6c8c3b8-3bb6-45c0-bc76-a9729ab89f82"",""deploymentInstanceId"":null}","{""level"":""info"",""source"":""buildkit"",""type"":""log"",""vertex"":""sha256:5123184c115415746b9e45a79609be5df6469d0b755767bd2a7f4b208b8cff02"",""stream"":1,""data"":""W0lORk9dIERvd25sb2FkaW5nIGZyb20gY2VudHJhbDogaHR0cHM6Ly9yZXBvLm1hdmVuLmFwYWNoZS5vcmcvbWF2ZW4yL29yZy9jb2RlaGF1cy9wbGV4dXMvcGxleHVzLzIuMC41L3BsZXh1cy0yLjAuNS5wb20K"",""timestamp"":""2026-08-22T15:29:46.42694156Z""}"
"[INFO] Downloaded from central: https://repo.maven.apache.org/maven2/org/codehaus/plexus/plexus/2.0.5/plexus-2.0.5.pom (17 kB at 620 kB/s)
",2026-08-22T15:29:46.455027269Z,info,"{""serviceId"":""87697b40-66d1-4a58-89e6-1068a09cbf8c"",""deploymentId"":""d6c8c3b8-3bb6-45c0-bc76-a9729ab89f82"",""deploymentInstanceId"":null}","{""level"":""info"",""source"":""buildkit"",""type"":""log"",""vertex"":""sha256:5123184c115415746b9e45a79609be5df6469d0b755767bd2a7f4b208b8cff02"",""stream"":1,""data"":""W0lORk9dIERvd25sb2FkZWQgZnJvbSBjZW50cmFsOiBodHRwczovL3JlcG8ubWF2ZW4uYXBhY2hlLm9yZy9tYXZlbjIvb3JnL2NvZGVoYXVzL3BsZXh1cy9wbGV4dXMvMi4wLjUvcGxleHVzLTIuMC41LnBvbSAoMTcga0IgYXQgNjIwIGtCL3MpCg=="",""timestamp"":""2026-08-22T15:29:46.455027269Z""}"
"[INFO] Downloading from central: https://repo.maven.apache.org/maven2/org/codehaus/plexus/plexus-classworlds/2.2.3/plexus-classworlds-2.2.3.pom
",2026-08-22T15:29:46.459884557Z,info,"{""serviceId"":""87697b40-66d1-4a58-89e6-1068a09cbf8c"",""deploymentId"":""d6c8c3b8-3bb6-45c0-bc76-a9729ab89f82"",""deploymentInstanceId"":null}","{""level"":""info"",""source"":""buildkit"",""type"":""log"",""vertex"":""sha256:5123184c115415746b9e45a79609be5df6469d0b755767bd2a7f4b208b8cff02"",""stream"":1,""data"":""W0lORk9dIERvd25sb2FkaW5nIGZyb20gY2VudHJhbDogaHR0cHM6Ly9yZXBvLm1hdmVuLmFwYWNoZS5vcmcvbWF2ZW4yL29yZy9jb2RlaGF1cy9wbGV4dXMvcGxleHVzLWNsYXNzd29ybGRzLzIuMi4zL3BsZXh1cy1jbGFzc3dvcmxkcy0yLjIuMy5wb20K"",""timestamp"":""2026-08-22T15:29:46.459884557Z""}"
"[INFO] Downloaded from central: https://repo.maven.apache.org/maven2/org/codehaus/plexus/plexus-classworlds/2.2.3/plexus-classworlds-2.2.3.pom (4.0 kB at 167 kB/s)
",2026-08-22T15:29:46.483299549Z,info,"{""serviceId"":""87697b40-66d1-4a58-89e6-1068a09cbf8c"",""deploymentId"":""d6c8c3b8-3bb6-45c0-bc76-a9729ab89f82"",""deploymentInstanceId"":null}","{""level"":""info"",""source"":""buildkit"",""type"":""log"",""vertex"":""sha256:5123184c115415746b9e45a79609be5df6469d0b755767bd2a7f4b208b8cff02"",""stream"":1,""data"":""W0lORk9dIERvd25sb2FkZWQgZnJvbSBjZW50cmFsOiBodHRwczovL3JlcG8ubWF2ZW4uYXBhY2hlLm9yZy9tYXZlbjIvb3JnL2NvZGVoYXVzL3BsZXh1cy9wbGV4dXMtY2xhc3N3b3JsZHMvMi4yLjMvcGxleHVzLWNsYXNzd29ybGRzLTIuMi4zLnBvbSAoNC4wIGtCIGF0IDE2NyBrQi9zKQo="",""timestamp"":""2026-08-22T15:29:46.483299549Z""}"
"[INFO] Downloading from central: https://repo.maven.apache.org/maven2/org/codehaus/plexus/plexus/2.0.6/plexus-2.0.6.pom
",2026-08-22T15:29:46.485362925Z,info,"{""serviceId"":""87697b40-66d1-4a58-89e6-1068a09cbf8c"",""deploymentId"":""d6c8c3b8-3bb6-45c0-bc76-a9729ab89f82"",""deploymentInstanceId"":null}","{""level"":""info"",""source"":""buildkit"",""type"":""log"",""vertex"":""sha256:5123184c115415746b9e45a79609be5df6469d0b755767bd2a7f4b208b8cff02"",""stream"":1,""data"":""W0lORk9dIERvd25sb2FkaW5nIGZyb20gY2VudHJhbDogaHR0cHM6Ly9yZXBvLm1hdmVuLmFwYWNoZS5vcmcvbWF2ZW4yL29yZy9jb2RlaGF1cy9wbGV4dXMvcGxleHVzLzIuMC42L3BsZXh1cy0yLjAuNi5wb20K"",""timestamp"":""2026-08-22T15:29:46.485362925Z""}"
"[INFO] Downloaded from central: https://repo.maven.apache.org/maven2/org/codehaus/plexus/plexus/2.0.6/plexus-2.0.6.pom (17 kB at 698 kB/s)
",2026-08-22T15:29:46.509558077Z,info,"{""serviceId"":""87697b40-66d1-4a58-89e6-1068a09cbf8c"",""deploymentId"":""d6c8c3b8-3bb6-45c0-bc76-a9729ab89f82"",""deploymentInstanceId"":null}","{""level"":""info"",""source"":""buildkit"",""type"":""log"",""vertex"":""sha256:5123184c115415746b9e45a79609be5df6469d0b755767bd2a7f4b208b8cff02"",""stream"":1,""data"":""W0lORk9dIERvd25sb2FkZWQgZnJvbSBjZW50cmFsOiBodHRwczovL3JlcG8ubWF2ZW4uYXBhY2hlLm9yZy9tYXZlbjIvb3JnL2NvZGVoYXVzL3BsZXh1cy9wbGV4dXMvMi4wLjYvcGxleHVzLTIuMC42LnBvbSAoMTcga0IgYXQgNjk4IGtCL3MpCg=="",""timestamp"":""2026-08-22T15:29:46.509558077Z""}"
"[INFO] Downloading from central: https://repo.maven.apache.org/maven2/org/sonatype/sisu/sisu-inject-bean/1.4.2/sisu-inject-bean-1.4.2.pom
",2026-08-22T15:29:46.513097888Z,info,"{""serviceId"":""87697b40-66d1-4a58-89e6-1068a09cbf8c"",""deploymentId"":""d6c8c3b8-3bb6-45c0-bc76-a9729ab89f82"",""deploymentInstanceId"":null}","{""level"":""info"",""source"":""buildkit"",""type"":""log"",""vertex"":""sha256:5123184c115415746b9e45a79609be5df6469d0b755767bd2a7f4b208b8cff02"",""stream"":1,""data"":""W0lORk9dIERvd25sb2FkaW5nIGZyb20gY2VudHJhbDogaHR0cHM6Ly9yZXBvLm1hdmVuLmFwYWNoZS5vcmcvbWF2ZW4yL29yZy9zb25hdHlwZS9zaXN1L3Npc3UtaW5qZWN0LWJlYW4vMS40LjIvc2lzdS1pbmplY3QtYmVhbi0xLjQuMi5wb20K"",""timestamp"":""2026-08-22T15:29:46.513097888Z""}"
"[INFO] Downloaded from central: https://repo.maven.apache.org/maven2/org/sonatype/sisu/sisu-inject-bean/1.4.2/sisu-inject-bean-1.4.2.pom (5.5 kB at 202 kB/s)
",2026-08-22T15:29:46.539993452Z,info,"{""serviceId"":""87697b40-66d1-4a58-89e6-1068a09cbf8c"",""deploymentId"":""d6c8c3b8-3bb6-45c0-bc76-a9729ab89f82"",""deploymentInstanceId"":null}","{""level"":""info"",""source"":""buildkit"",""type"":""log"",""vertex"":""sha256:5123184c115415746b9e45a79609be5df6469d0b755767bd2a7f4b208b8cff02"",""stream"":1,""data"":""W0lORk9dIERvd25sb2FkZWQgZnJvbSBjZW50cmFsOiBodHRwczovL3JlcG8ubWF2ZW4uYXBhY2hlLm9yZy9tYXZlbjIvb3JnL3NvbmF0eXBlL3Npc3Uvc2lzdS1pbmplY3QtYmVhbi8xLjQuMi9zaXN1LWluamVjdC1iZWFuLTEuNC4yLnBvbSAoNS41IGtCIGF0IDIwMiBrQi9zKQo="",""timestamp"":""2026-08-22T15:29:46.539993452Z""}"
"[INFO] Downloading from central: https://repo.maven.apache.org/maven2/org/sonatype/sisu/sisu-guice/2.1.7/sisu-guice-2.1.7.pom
",2026-08-22T15:29:46.550283662Z,info,"{""serviceId"":""87697b40-66d1-4a58-89e6-1068a09cbf8c"",""deploymentId"":""d6c8c3b8-3bb6-45c0-bc76-a9729ab89f82"",""deploymentInstanceId"":null}","{""level"":""info"",""source"":""buildkit"",""type"":""log"",""vertex"":""sha256:5123184c115415746b9e45a79609be5df6469d0b755767bd2a7f4b208b8cff02"",""stream"":1,""data"":""W0lORk9dIERvd25sb2FkaW5nIGZyb20gY2VudHJhbDogaHR0cHM6Ly9yZXBvLm1hdmVuLmFwYWNoZS5vcmcvbWF2ZW4yL29yZy9zb25hdHlwZS9zaXN1L3Npc3UtZ3VpY2UvMi4xLjcvc2lzdS1ndWljZS0yLjEuNy5wb20K"",""timestamp"":""2026-08-22T15:29:46.550283662Z""}"
"[INFO] Downloaded from central: https://repo.maven.apache.org/maven2/org/sonatype/sisu/sisu-guice/2.1.7/sisu-guice-2.1.7.pom (11 kB at 425 kB/s)
",2026-08-22T15:29:46.576355179Z,info,"{""serviceId"":""87697b40-66d1-4a58-89e6-1068a09cbf8c"",""deploymentId"":""d6c8c3b8-3bb6-45c0-bc76-a9729ab89f82"",""deploymentInstanceId"":null}","{""level"":""info"",""source"":""buildkit"",""type"":""log"",""vertex"":""sha256:5123184c115415746b9e45a79609be5df6469d0b755767bd2a7f4b208b8cff02"",""stream"":1,""data"":""W0lORk9dIERvd25sb2FkZWQgZnJvbSBjZW50cmFsOiBodHRwczovL3JlcG8ubWF2ZW4uYXBhY2hlLm9yZy9tYXZlbjIvb3JnL3NvbmF0eXBlL3Npc3Uvc2lzdS1ndWljZS8yLjEuNy9zaXN1LWd1aWNlLTIuMS43LnBvbSAoMTEga0IgYXQgNDI1IGtCL3MpCg=="",""timestamp"":""2026-08-22T15:29:46.576355179Z""}"
"[INFO] Downloading from central: https://repo.maven.apache.org/maven2/org/apache/maven/shared/maven-shared-utils/3.1.0/maven-shared-utils-3.1.0.pom
",2026-08-22T15:29:46.580169252Z,info,"{""serviceId"":""87697b40-66d1-4a58-89e6-1068a09cbf8c"",""deploymentId"":""d6c8c3b8-3bb6-45c0-bc76-a9729ab89f82"",""deploymentInstanceId"":null}","{""level"":""info"",""source"":""buildkit"",""type"":""log"",""vertex"":""sha256:5123184c115415746b9e45a79609be5df6469d0b755767bd2a7f4b208b8cff02"",""stream"":1,""data"":""W0lORk9dIERvd25sb2FkaW5nIGZyb20gY2VudHJhbDogaHR0cHM6Ly9yZXBvLm1hdmVuLmFwYWNoZS5vcmcvbWF2ZW4yL29yZy9hcGFjaGUvbWF2ZW4vc2hhcmVkL21hdmVuLXNoYXJlZC11dGlscy8zLjEuMC9tYXZlbi1zaGFyZWQtdXRpbHMtMy4xLjAucG9tCg=="",""timestamp"":""2026-08-22T15:29:46.580169252Z""}"
"[INFO] Downloaded from central: https://repo.maven.apache.org/maven2/org/apache/maven/shared/maven-shared-utils/3.1.0/maven-shared-utils-3.1.0.pom (5.0 kB at 199 kB/s)
",2026-08-22T15:29:46.604827779Z,info,"{""serviceId"":""87697b40-66d1-4a58-89e6-1068a09cbf8c"",""deploymentId"":""d6c8c3b8-3bb6-45c0-bc76-a9729ab89f82"",""deploymentInstanceId"":null}","{""level"":""info"",""source"":""buildkit"",""type"":""log"",""vertex"":""sha256:5123184c115415746b9e45a79609be5df6469d0b755767bd2a7f4b208b8cff02"",""stream"":1,""data"":""W0lORk9dIERvd25sb2FkZWQgZnJvbSBjZW50cmFsOiBodHRwczovL3JlcG8ubWF2ZW4uYXBhY2hlLm9yZy9tYXZlbjIvb3JnL2FwYWNoZS9tYXZlbi9zaGFyZWQvbWF2ZW4tc2hhcmVkLXV0aWxzLzMuMS4wL21hdmVuLXNoYXJlZC11dGlscy0zLjEuMC5wb20gKDUuMCBrQiBhdCAxOTkga0IvcykK"",""timestamp"":""2026-08-22T15:29:46.604827779Z""}"
"[INFO] Downloading from central: https://repo.maven.apache.org/maven2/org/apache/maven/shared/maven-shared-components/30/maven-shared-components-30.pom
",2026-08-22T15:29:46.606653579Z,info,"{""serviceId"":""87697b40-66d1-4a58-89e6-1068a09cbf8c"",""deploymentId"":""d6c8c3b8-3bb6-45c0-bc76-a9729ab89f82"",""deploymentInstanceId"":null}","{""level"":""info"",""source"":""buildkit"",""type"":""log"",""vertex"":""sha256:5123184c115415746b9e45a79609be5df6469d0b755767bd2a7f4b208b8cff02"",""stream"":1,""data"":""W0lORk9dIERvd25sb2FkaW5nIGZyb20gY2VudHJhbDogaHR0cHM6Ly9yZXBvLm1hdmVuLmFwYWNoZS5vcmcvbWF2ZW4yL29yZy9hcGFjaGUvbWF2ZW4vc2hhcmVkL21hdmVuLXNoYXJlZC1jb21wb25lbnRzLzMwL21hdmVuLXNoYXJlZC1jb21wb25lbnRzLTMwLnBvbQo="",""timestamp"":""2026-08-22T15:29:46.606653579Z""}"
"[INFO] Downloaded from central: https://repo.maven.apache.org/maven2/org/apache/maven/shared/maven-shared-components/30/maven-shared-components-30.pom (4.6 kB at 208 kB/s)
",2026-08-22T15:29:46.628163172Z,info,"{""serviceId"":""87697b40-66d1-4a58-89e6-1068a09cbf8c"",""deploymentId"":""d6c8c3b8-3bb6-45c0-bc76-a9729ab89f82"",""deploymentInstanceId"":null}","{""level"":""info"",""source"":""buildkit"",""type"":""log"",""vertex"":""sha256:5123184c115415746b9e45a79609be5df6469d0b755767bd2a7f4b208b8cff02"",""stream"":1,""data"":""W0lORk9dIERvd25sb2FkZWQgZnJvbSBjZW50cmFsOiBodHRwczovL3JlcG8ubWF2ZW4uYXBhY2hlLm9yZy9tYXZlbjIvb3JnL2FwYWNoZS9tYXZlbi9zaGFyZWQvbWF2ZW4tc2hhcmVkLWNvbXBvbmVudHMvMzAvbWF2ZW4tc2hhcmVkLWNvbXBvbmVudHMtMzAucG9tICg0LjYga0IgYXQgMjA4IGtCL3MpCg=="",""timestamp"":""2026-08-22T15:29:46.628163172Z""}"
"[INFO] Downloading from central: https://repo.maven.apache.org/maven2/org/apache/maven/maven-parent/30/maven-parent-30.pom
",2026-08-22T15:29:46.629750243Z,info,"{""serviceId"":""87697b40-66d1-4a58-89e6-1068a09cbf8c"",""deploymentId"":""d6c8c3b8-3bb6-45c0-bc76-a9729ab89f82"",""deploymentInstanceId"":null}","{""level"":""info"",""source"":""buildkit"",""type"":""log"",""vertex"":""sha256:5123184c115415746b9e45a79609be5df6469d0b755767bd2a7f4b208b8cff02"",""stream"":1,""data"":""W0lORk9dIERvd25sb2FkaW5nIGZyb20gY2VudHJhbDogaHR0cHM6Ly9yZXBvLm1hdmVuLmFwYWNoZS5vcmcvbWF2ZW4yL29yZy9hcGFjaGUvbWF2ZW4vbWF2ZW4tcGFyZW50LzMwL21hdmVuLXBhcmVudC0zMC5wb20K"",""timestamp"":""2026-08-22T15:29:46.629750243Z""}"
"[INFO] Downloaded from central: https://repo.maven.apache.org/maven2/org/apache/maven/maven-parent/30/maven-parent-30.pom (41 kB at 1.7 MB/s)
",2026-08-22T15:29:46.65469543Z,info,"{""serviceId"":""87697b40-66d1-4a58-89e6-1068a09cbf8c"",""deploymentId"":""d6c8c3b8-3bb6-45c0-bc76-a9729ab89f82"",""deploymentInstanceId"":null}","{""level"":""info"",""source"":""buildkit"",""type"":""log"",""vertex"":""sha256:5123184c115415746b9e45a79609be5df6469d0b755767bd2a7f4b208b8cff02"",""stream"":1,""data"":""W0lORk9dIERvd25sb2FkZWQgZnJvbSBjZW50cmFsOiBodHRwczovL3JlcG8ubWF2ZW4uYXBhY2hlLm9yZy9tYXZlbjIvb3JnL2FwYWNoZS9tYXZlbi9tYXZlbi1wYXJlbnQvMzAvbWF2ZW4tcGFyZW50LTMwLnBvbSAoNDEga0IgYXQgMS43IE1CL3MpCg=="",""timestamp"":""2026-08-22T15:29:46.65469543Z""}"
"[INFO] Downloading from central: https://repo.maven.apache.org/maven2/org/apache/apache/18/apache-18.pom
",2026-08-22T15:29:46.657463554Z,info,"{""serviceId"":""87697b40-66d1-4a58-89e6-1068a09cbf8c"",""deploymentId"":""d6c8c3b8-3bb6-45c0-bc76-a9729ab89f82"",""deploymentInstanceId"":null}","{""level"":""info"",""source"":""buildkit"",""type"":""log"",""vertex"":""sha256:5123184c115415746b9e45a79609be5df6469d0b755767bd2a7f4b208b8cff02"",""stream"":1,""data"":""W0lORk9dIERvd25sb2FkaW5nIGZyb20gY2VudHJhbDogaHR0cHM6Ly9yZXBvLm1hdmVuLmFwYWNoZS5vcmcvbWF2ZW4yL29yZy9hcGFjaGUvYXBhY2hlLzE4L2FwYWNoZS0xOC5wb20K"",""timestamp"":""2026-08-22T15:29:46.657463554Z""}"
"[INFO] Downloaded from central: https://repo.maven.apache.org/maven2/org/apache/apache/18/apache-18.pom (16 kB at 603 kB/s)
",2026-08-22T15:29:46.683705747Z,info,"{""serviceId"":""87697b40-66d1-4a58-89e6-1068a09cbf8c"",""deploymentId"":""d6c8c3b8-3bb6-45c0-bc76-a9729ab89f82"",""deploymentInstanceId"":null}","{""level"":""info"",""source"":""buildkit"",""type"":""log"",""vertex"":""sha256:5123184c115415746b9e45a79609be5df6469d0b755767bd2a7f4b208b8cff02"",""stream"":1,""data"":""W0lORk9dIERvd25sb2FkZWQgZnJvbSBjZW50cmFsOiBodHRwczovL3JlcG8ubWF2ZW4uYXBhY2hlLm9yZy9tYXZlbjIvb3JnL2FwYWNoZS9hcGFjaGUvMTgvYXBhY2hlLTE4LnBvbSAoMTYga0IgYXQgNjAzIGtCL3MpCg=="",""timestamp"":""2026-08-22T15:29:46.683705747Z""}"
"[INFO] Downloading from central: https://repo.maven.apache.org/maven2/commons-io/commons-io/2.5/commons-io-2.5.pom
",2026-08-22T15:29:46.686789564Z,info,"{""serviceId"":""87697b40-66d1-4a58-89e6-1068a09cbf8c"",""deploymentId"":""d6c8c3b8-3bb6-45c0-bc76-a9729ab89f82"",""deploymentInstanceId"":null}","{""level"":""info"",""source"":""buildkit"",""type"":""log"",""vertex"":""sha256:5123184c115415746b9e45a79609be5df6469d0b755767bd2a7f4b208b8cff02"",""stream"":1,""data"":""W0lORk9dIERvd25sb2FkaW5nIGZyb20gY2VudHJhbDogaHR0cHM6Ly9yZXBvLm1hdmVuLmFwYWNoZS5vcmcvbWF2ZW4yL2NvbW1vbnMtaW8vY29tbW9ucy1pby8yLjUvY29tbW9ucy1pby0yLjUucG9tCg=="",""timestamp"":""2026-08-22T15:29:46.686789564Z""}"
"[INFO] Downloaded from central: https://repo.maven.apache.org/maven2/commons-io/commons-io/2.5/commons-io-2.5.pom (13 kB at 532 kB/s)
",2026-08-22T15:29:46.71191343Z,info,"{""serviceId"":""87697b40-66d1-4a58-89e6-1068a09cbf8c"",""deploymentId"":""d6c8c3b8-3bb6-45c0-bc76-a9729ab89f82"",""deploymentInstanceId"":null}","{""level"":""info"",""source"":""buildkit"",""type"":""log"",""vertex"":""sha256:5123184c115415746b9e45a79609be5df6469d0b755767bd2a7f4b208b8cff02"",""stream"":1,""data"":""W0lORk9dIERvd25sb2FkZWQgZnJvbSBjZW50cmFsOiBodHRwczovL3JlcG8ubWF2ZW4uYXBhY2hlLm9yZy9tYXZlbjIvY29tbW9ucy1pby9jb21tb25zLWlvLzIuNS9jb21tb25zLWlvLTIuNS5wb20gKDEzIGtCIGF0IDUzMiBrQi9zKQo="",""timestamp"":""2026-08-22T15:29:46.71191343Z""}"
"[INFO] Downloading from central: https://repo.maven.apache.org/maven2/org/slf4j/slf4j-api/1.7.5/slf4j-api-1.7.5.pom
",2026-08-22T15:29:46.716004949Z,info,"{""serviceId"":""87697b40-66d1-4a58-89e6-1068a09cbf8c"",""deploymentId"":""d6c8c3b8-3bb6-45c0-bc76-a9729ab89f82"",""deploymentInstanceId"":null}","{""level"":""info"",""source"":""buildkit"",""type"":""log"",""vertex"":""sha256:5123184c115415746b9e45a79609be5df6469d0b755767bd2a7f4b208b8cff02"",""stream"":1,""data"":""W0lORk9dIERvd25sb2FkaW5nIGZyb20gY2VudHJhbDogaHR0cHM6Ly9yZXBvLm1hdmVuLmFwYWNoZS5vcmcvbWF2ZW4yL29yZy9zbGY0ai9zbGY0ai1hcGkvMS43LjUvc2xmNGotYXBpLTEuNy41LnBvbQo="",""timestamp"":""2026-08-22T15:29:46.716004949Z""}"
"[INFO] Downloaded from central: https://repo.maven.apache.org/maven2/org/slf4j/slf4j-api/1.7.5/slf4j-api-1.7.5.pom (2.7 kB at 108 kB/s)
",2026-08-22T15:29:46.74045921Z,info,"{""serviceId"":""87697b40-66d1-4a58-89e6-1068a09cbf8c"",""deploymentId"":""d6c8c3b8-3bb6-45c0-bc76-a9729ab89f82"",""deploymentInstanceId"":null}","{""level"":""info"",""source"":""buildkit"",""type"":""log"",""vertex"":""sha256:5123184c115415746b9e45a79609be5df6469d0b755767bd2a7f4b208b8cff02"",""stream"":1,""data"":""W0lORk9dIERvd25sb2FkZWQgZnJvbSBjZW50cmFsOiBodHRwczovL3JlcG8ubWF2ZW4uYXBhY2hlLm9yZy9tYXZlbjIvb3JnL3NsZjRqL3NsZjRqLWFwaS8xLjcuNS9zbGY0ai1hcGktMS43LjUucG9tICgyLjcga0IgYXQgMTA4IGtCL3MpCg=="",""timestamp"":""2026-08-22T15:29:46.74045921Z""}"
"[INFO] Downloading from central: https://repo.maven.apache.org/maven2/org/slf4j/slf4j-parent/1.7.5/slf4j-parent-1.7.5.pom
",2026-08-22T15:29:46.742489606Z,info,"{""serviceId"":""87697b40-66d1-4a58-89e6-1068a09cbf8c"",""deploymentId"":""d6c8c3b8-3bb6-45c0-bc76-a9729ab89f82"",""deploymentInstanceId"":null}","{""level"":""info"",""source"":""buildkit"",""type"":""log"",""vertex"":""sha256:5123184c115415746b9e45a79609be5df6469d0b755767bd2a7f4b208b8cff02"",""stream"":1,""data"":""W0lORk9dIERvd25sb2FkaW5nIGZyb20gY2VudHJhbDogaHR0cHM6Ly9yZXBvLm1hdmVuLmFwYWNoZS5vcmcvbWF2ZW4yL29yZy9zbGY0ai9zbGY0ai1wYXJlbnQvMS43LjUvc2xmNGotcGFyZW50LTEuNy41LnBvbQo="",""timestamp"":""2026-08-22T15:29:46.742489606Z""}"
"[INFO] Downloaded from central: https://repo.maven.apache.org/maven2/org/slf4j/slf4j-parent/1.7.5/slf4j-parent-1.7.5.pom (12 kB at 513 kB/s)
",2026-08-22T15:29:46.765478949Z,info,"{""serviceId"":""87697b40-66d1-4a58-89e6-1068a09cbf8c"",""deploymentId"":""d6c8c3b8-3bb6-45c0-bc76-a9729ab89f82"",""deploymentInstanceId"":null}","{""level"":""info"",""source"":""buildkit"",""type"":""log"",""vertex"":""sha256:5123184c115415746b9e45a79609be5df6469d0b755767bd2a7f4b208b8cff02"",""stream"":1,""data"":""W0lORk9dIERvd25sb2FkZWQgZnJvbSBjZW50cmFsOiBodHRwczovL3JlcG8ubWF2ZW4uYXBhY2hlLm9yZy9tYXZlbjIvb3JnL3NsZjRqL3NsZjRqLXBhcmVudC8xLjcuNS9zbGY0ai1wYXJlbnQtMS43LjUucG9tICgxMiBrQiBhdCA1MTMga0IvcykK"",""timestamp"":""2026-08-22T15:29:46.765478949Z""}"
"[INFO] Downloading from central: https://repo.maven.apache.org/maven2/org/sonatype/plexus/plexus-build-api/0.0.7/plexus-build-api-0.0.7.pom
",2026-08-22T15:29:46.76861187Z,info,"{""serviceId"":""87697b40-66d1-4a58-89e6-1068a09cbf8c"",""deploymentId"":""d6c8c3b8-3bb6-45c0-bc76-a9729ab89f82"",""deploymentInstanceId"":null}","{""level"":""info"",""source"":""buildkit"",""type"":""log"",""vertex"":""sha256:5123184c115415746b9e45a79609be5df6469d0b755767bd2a7f4b208b8cff02"",""stream"":1,""data"":""W0lORk9dIERvd25sb2FkaW5nIGZyb20gY2VudHJhbDogaHR0cHM6Ly9yZXBvLm1hdmVuLmFwYWNoZS5vcmcvbWF2ZW4yL29yZy9zb25hdHlwZS9wbGV4dXMvcGxleHVzLWJ1aWxkLWFwaS8wLjAuNy9wbGV4dXMtYnVpbGQtYXBpLTAuMC43LnBvbQo="",""timestamp"":""2026-08-22T15:29:46.76861187Z""}"
"[INFO] Downloaded from central: https://repo.maven.apache.org/maven2/org/sonatype/plexus/plexus-build-api/0.0.7/plexus-build-api-0.0.7.pom (3.2 kB at 134 kB/s)
",2026-08-22T15:29:46.792393702Z,info,"{""serviceId"":""87697b40-66d1-4a58-89e6-1068a09cbf8c"",""deploymentId"":""d6c8c3b8-3bb6-45c0-bc76-a9729ab89f82"",""deploymentInstanceId"":null}","{""level"":""info"",""source"":""buildkit"",""type"":""log"",""vertex"":""sha256:5123184c115415746b9e45a79609be5df6469d0b755767bd2a7f4b208b8cff02"",""stream"":1,""data"":""W0lORk9dIERvd25sb2FkZWQgZnJvbSBjZW50cmFsOiBodHRwczovL3JlcG8ubWF2ZW4uYXBhY2hlLm9yZy9tYXZlbjIvb3JnL3NvbmF0eXBlL3BsZXh1cy9wbGV4dXMtYnVpbGQtYXBpLzAuMC43L3BsZXh1cy1idWlsZC1hcGktMC4wLjcucG9tICgzLjIga0IgYXQgMTM0IGtCL3MpCg=="",""timestamp"":""2026-08-22T15:29:46.792393702Z""}"
"[INFO] Downloading from central: https://repo.maven.apache.org/maven2/org/sonatype/spice/spice-parent/15/spice-parent-15.pom
",2026-08-22T15:29:46.794001945Z,info,"{""serviceId"":""87697b40-66d1-4a58-89e6-1068a09cbf8c"",""deploymentId"":""d6c8c3b8-3bb6-45c0-bc76-a9729ab89f82"",""deploymentInstanceId"":null}","{""level"":""info"",""source"":""buildkit"",""type"":""log"",""vertex"":""sha256:5123184c115415746b9e45a79609be5df6469d0b755767bd2a7f4b208b8cff02"",""stream"":1,""data"":""W0lORk9dIERvd25sb2FkaW5nIGZyb20gY2VudHJhbDogaHR0cHM6Ly9yZXBvLm1hdmVuLmFwYWNoZS5vcmcvbWF2ZW4yL29yZy9zb25hdHlwZS9zcGljZS9zcGljZS1wYXJlbnQvMTUvc3BpY2UtcGFyZW50LTE1LnBvbQo="",""timestamp"":""2026-08-22T15:29:46.794001945Z""}"
"[INFO] Downloaded from central: https://repo.maven.apache.org/maven2/org/sonatype/spice/spice-parent/15/spice-parent-15.pom (8.4 kB at 261 kB/s)
",2026-08-22T15:29:46.825438262Z,info,"{""serviceId"":""87697b40-66d1-4a58-89e6-1068a09cbf8c"",""deploymentId"":""d6c8c3b8-3bb6-45c0-bc76-a9729ab89f82"",""deploymentInstanceId"":null}","{""level"":""info"",""source"":""buildkit"",""type"":""log"",""vertex"":""sha256:5123184c115415746b9e45a79609be5df6469d0b755767bd2a7f4b208b8cff02"",""stream"":1,""data"":""W0lORk9dIERvd25sb2FkZWQgZnJvbSBjZW50cmFsOiBodHRwczovL3JlcG8ubWF2ZW4uYXBhY2hlLm9yZy9tYXZlbjIvb3JnL3NvbmF0eXBlL3NwaWNlL3NwaWNlLXBhcmVudC8xNS9zcGljZS1wYXJlbnQtMTUucG9tICg4LjQga0IgYXQgMjYxIGtCL3MpCg=="",""timestamp"":""2026-08-22T15:29:46.825438262Z""}"
"[INFO] Downloading from central: https://repo.maven.apache.org/maven2/org/sonatype/forge/forge-parent/5/forge-parent-5.pom
",2026-08-22T15:29:46.827395388Z,info,"{""serviceId"":""87697b40-66d1-4a58-89e6-1068a09cbf8c"",""deploymentId"":""d6c8c3b8-3bb6-45c0-bc76-a9729ab89f82"",""deploymentInstanceId"":null}","{""level"":""info"",""source"":""buildkit"",""type"":""log"",""vertex"":""sha256:5123184c115415746b9e45a79609be5df6469d0b755767bd2a7f4b208b8cff02"",""stream"":1,""data"":""W0lORk9dIERvd25sb2FkaW5nIGZyb20gY2VudHJhbDogaHR0cHM6Ly9yZXBvLm1hdmVuLmFwYWNoZS5vcmcvbWF2ZW4yL29yZy9zb25hdHlwZS9mb3JnZS9mb3JnZS1wYXJlbnQvNS9mb3JnZS1wYXJlbnQtNS5wb20K"",""timestamp"":""2026-08-22T15:29:46.827395388Z""}"
"[INFO] Downloaded from central: https://repo.maven.apache.org/maven2/org/sonatype/forge/forge-parent/5/forge-parent-5.pom (8.4 kB at 348 kB/s)
",2026-08-22T15:29:46.851247987Z,info,"{""serviceId"":""87697b40-66d1-4a58-89e6-1068a09cbf8c"",""deploymentId"":""d6c8c3b8-3bb6-45c0-bc76-a9729ab89f82"",""deploymentInstanceId"":null}","{""level"":""info"",""source"":""buildkit"",""type"":""log"",""vertex"":""sha256:5123184c115415746b9e45a79609be5df6469d0b755767bd2a7f4b208b8cff02"",""stream"":1,""data"":""W0lORk9dIERvd25sb2FkZWQgZnJvbSBjZW50cmFsOiBodHRwczovL3JlcG8ubWF2ZW4uYXBhY2hlLm9yZy9tYXZlbjIvb3JnL3NvbmF0eXBlL2ZvcmdlL2ZvcmdlLXBhcmVudC81L2ZvcmdlLXBhcmVudC01LnBvbSAoOC40IGtCIGF0IDM0OCBrQi9zKQo="",""timestamp"":""2026-08-22T15:29:46.851247987Z""}"
"[INFO] Downloading from central: https://repo.maven.apache.org/maven2/org/apache/maven/doxia/doxia-sink-api/2.0.0/doxia-sink-api-2.0.0.jar
",2026-08-22T15:29:46.862275081Z,info,"{""serviceId"":""87697b40-66d1-4a58-89e6-1068a09cbf8c"",""deploymentId"":""d6c8c3b8-3bb6-45c0-bc76-a9729ab89f82"",""deploymentInstanceId"":null}","{""level"":""info"",""source"":""buildkit"",""type"":""log"",""vertex"":""sha256:5123184c115415746b9e45a79609be5df6469d0b755767bd2a7f4b208b8cff02"",""stream"":1,""data"":""W0lORk9dIERvd25sb2FkaW5nIGZyb20gY2VudHJhbDogaHR0cHM6Ly9yZXBvLm1hdmVuLmFwYWNoZS5vcmcvbWF2ZW4yL29yZy9hcGFjaGUvbWF2ZW4vZG94aWEvZG94aWEtc2luay1hcGkvMi4wLjAvZG94aWEtc2luay1hcGktMi4wLjAuamFyCg=="",""timestamp"":""2026-08-22T15:29:46.862275081Z""}"
"[INFO] Downloaded from central: https://repo.maven.apache.org/maven2/org/apache/maven/doxia/doxia-sink-api/2.0.0/doxia-sink-api-2.0.0.jar (11 kB at 566 kB/s)
",2026-08-22T15:29:46.88262204Z,info,"{""serviceId"":""87697b40-66d1-4a58-89e6-1068a09cbf8c"",""deploymentId"":""d6c8c3b8-3bb6-45c0-bc76-a9729ab89f82"",""deploymentInstanceId"":null}","{""level"":""info"",""source"":""buildkit"",""type"":""log"",""vertex"":""sha256:5123184c115415746b9e45a79609be5df6469d0b755767bd2a7f4b208b8cff02"",""stream"":1,""data"":""W0lORk9dIERvd25sb2FkZWQgZnJvbSBjZW50cmFsOiBodHRwczovL3JlcG8ubWF2ZW4uYXBhY2hlLm9yZy9tYXZlbjIvb3JnL2FwYWNoZS9tYXZlbi9kb3hpYS9kb3hpYS1zaW5rLWFwaS8yLjAuMC9kb3hpYS1zaW5rLWFwaS0yLjAuMC5qYXIgKDExIGtCIGF0IDU2NiBrQi9zKQo="",""timestamp"":""2026-08-22T15:29:46.88262204Z""}"
"[INFO] Downloading from central: https://repo.maven.apache.org/maven2/org/apache/maven/reporting/maven-reporting-api/4.0.0/maven-reporting-api-4.0.0.jar
",2026-08-22T15:29:46.883532586Z,info,"{""serviceId"":""87697b40-66d1-4a58-89e6-1068a09cbf8c"",""deploymentId"":""d6c8c3b8-3bb6-45c0-bc76-a9729ab89f82"",""deploymentInstanceId"":null}","{""level"":""info"",""source"":""buildkit"",""type"":""log"",""vertex"":""sha256:5123184c115415746b9e45a79609be5df6469d0b755767bd2a7f4b208b8cff02"",""stream"":1,""data"":""W0lORk9dIERvd25sb2FkaW5nIGZyb20gY2VudHJhbDogaHR0cHM6Ly9yZXBvLm1hdmVuLmFwYWNoZS5vcmcvbWF2ZW4yL29yZy9hcGFjaGUvbWF2ZW4vcmVwb3J0aW5nL21hdmVuLXJlcG9ydGluZy1hcGkvNC4wLjAvbWF2ZW4tcmVwb3J0aW5nLWFwaS00LjAuMC5qYXIK"",""timestamp"":""2026-08-22T15:29:46.883532586Z""}"
"[INFO] Downloading from central: https://repo.maven.apache.org/maven2/org/apache/maven/reporting/maven-reporting-impl/4.0.0/maven-reporting-impl-4.0.0.jar
",2026-08-22T15:29:46.883567388Z,info,"{""serviceId"":""87697b40-66d1-4a58-89e6-1068a09cbf8c"",""deploymentId"":""d6c8c3b8-3bb6-45c0-bc76-a9729ab89f82"",""deploymentInstanceId"":null}","{""level"":""info"",""source"":""buildkit"",""type"":""log"",""vertex"":""sha256:5123184c115415746b9e45a79609be5df6469d0b755767bd2a7f4b208b8cff02"",""stream"":1,""data"":""W0lORk9dIERvd25sb2FkaW5nIGZyb20gY2VudHJhbDogaHR0cHM6Ly9yZXBvLm1hdmVuLmFwYWNoZS5vcmcvbWF2ZW4yL29yZy9hcGFjaGUvbWF2ZW4vcmVwb3J0aW5nL21hdmVuLXJlcG9ydGluZy1pbXBsLzQuMC4wL21hdmVuLXJlcG9ydGluZy1pbXBsLTQuMC4wLmphcgo="",""timestamp"":""2026-08-22T15:29:46.883567388Z""}"
"[INFO] Downloading from central: https://repo.maven.apache.org/maven2/org/apache/maven/doxia/doxia-site-model/2.0.0/doxia-site-model-2.0.0.jar
",2026-08-22T15:29:46.88414143Z,info,"{""serviceId"":""87697b40-66d1-4a58-89e6-1068a09cbf8c"",""deploymentId"":""d6c8c3b8-3bb6-45c0-bc76-a9729ab89f82"",""deploymentInstanceId"":null}","{""level"":""info"",""source"":""buildkit"",""type"":""log"",""vertex"":""sha256:5123184c115415746b9e45a79609be5df6469d0b755767bd2a7f4b208b8cff02"",""stream"":1,""data"":""W0lORk9dIERvd25sb2FkaW5nIGZyb20gY2VudHJhbDogaHR0cHM6Ly9yZXBvLm1hdmVuLmFwYWNoZS5vcmcvbWF2ZW4yL29yZy9hcGFjaGUvbWF2ZW4vZG94aWEvZG94aWEtc2l0ZS1tb2RlbC8yLjAuMC9kb3hpYS1zaXRlLW1vZGVsLTIuMC4wLmphcgo="",""timestamp"":""2026-08-22T15:29:46.88414143Z""}"
"[INFO] Downloading from central: https://repo.maven.apache.org/maven2/org/apache/maven/doxia/doxia-core/2.0.0/doxia-core-2.0.0.jar
",2026-08-22T15:29:46.884176943Z,info,"{""serviceId"":""87697b40-66d1-4a58-89e6-1068a09cbf8c"",""deploymentId"":""d6c8c3b8-3bb6-45c0-bc76-a9729ab89f82"",""deploymentInstanceId"":null}","{""level"":""info"",""source"":""buildkit"",""type"":""log"",""vertex"":""sha256:5123184c115415746b9e45a79609be5df6469d0b755767bd2a7f4b208b8cff02"",""stream"":1,""data"":""W0lORk9dIERvd25sb2FkaW5nIGZyb20gY2VudHJhbDogaHR0cHM6Ly9yZXBvLm1hdmVuLmFwYWNoZS5vcmcvbWF2ZW4yL29yZy9hcGFjaGUvbWF2ZW4vZG94aWEvZG94aWEtY29yZS8yLjAuMC9kb3hpYS1jb3JlLTIuMC4wLmphcgo="",""timestamp"":""2026-08-22T15:29:46.884176943Z""}"
"[INFO] Downloading from central: https://repo.maven.apache.org/maven2/org/apache/commons/commons-text/1.12.0/commons-text-1.12.0.jar
",2026-08-22T15:29:46.884478726Z,info,"{""serviceId"":""87697b40-66d1-4a58-89e6-1068a09cbf8c"",""deploymentId"":""d6c8c3b8-3bb6-45c0-bc76-a9729ab89f82"",""deploymentInstanceId"":null}","{""level"":""info"",""source"":""buildkit"",""type"":""log"",""vertex"":""sha256:5123184c115415746b9e45a79609be5df6469d0b755767bd2a7f4b208b8cff02"",""stream"":1,""data"":""W0lORk9dIERvd25sb2FkaW5nIGZyb20gY2VudHJhbDogaHR0cHM6Ly9yZXBvLm1hdmVuLmFwYWNoZS5vcmcvbWF2ZW4yL29yZy9hcGFjaGUvY29tbW9ucy9jb21tb25zLXRleHQvMS4xMi4wL2NvbW1vbnMtdGV4dC0xLjEyLjAuamFyCg=="",""timestamp"":""2026-08-22T15:29:46.884478726Z""}"
"[INFO] Downloaded from central: https://repo.maven.apache.org/maven2/org/apache/maven/reporting/maven-reporting-api/4.0.0/maven-reporting-api-4.0.0.jar (9.8 kB at 444 kB/s)
",2026-08-22T15:29:46.904543651Z,info,"{""serviceId"":""87697b40-66d1-4a58-89e6-1068a09cbf8c"",""deploymentId"":""d6c8c3b8-3bb6-45c0-bc76-a9729ab89f82"",""deploymentInstanceId"":null}","{""level"":""info"",""source"":""buildkit"",""type"":""log"",""vertex"":""sha256:5123184c115415746b9e45a79609be5df6469d0b755767bd2a7f4b208b8cff02"",""stream"":1,""data"":""W0lORk9dIERvd25sb2FkZWQgZnJvbSBjZW50cmFsOiBodHRwczovL3JlcG8ubWF2ZW4uYXBhY2hlLm9yZy9tYXZlbjIvb3JnL2FwYWNoZS9tYXZlbi9yZXBvcnRpbmcvbWF2ZW4tcmVwb3J0aW5nLWFwaS80LjAuMC9tYXZlbi1yZXBvcnRpbmctYXBpLTQuMC4wLmphciAoOS44IGtCIGF0IDQ0NCBrQi9zKQo="",""timestamp"":""2026-08-22T15:29:46.904543651Z""}"
"[INFO] Downloading from central: https://repo.maven.apache.org/maven2/org/apache/maven/doxia/doxia-integration-tools/2.0.0/doxia-integration-tools-2.0.0.jar
",2026-08-22T15:29:46.904561448Z,info,"{""serviceId"":""87697b40-66d1-4a58-89e6-1068a09cbf8c"",""deploymentId"":""d6c8c3b8-3bb6-45c0-bc76-a9729ab89f82"",""deploymentInstanceId"":null}","{""level"":""info"",""source"":""buildkit"",""type"":""log"",""vertex"":""sha256:5123184c115415746b9e45a79609be5df6469d0b755767bd2a7f4b208b8cff02"",""stream"":1,""data"":""W0lORk9dIERvd25sb2FkaW5nIGZyb20gY2VudHJhbDogaHR0cHM6Ly9yZXBvLm1hdmVuLmFwYWNoZS5vcmcvbWF2ZW4yL29yZy9hcGFjaGUvbWF2ZW4vZG94aWEvZG94aWEtaW50ZWdyYXRpb24tdG9vbHMvMi4wLjAvZG94aWEtaW50ZWdyYXRpb24tdG9vbHMtMi4wLjAuamFyCg=="",""timestamp"":""2026-08-22T15:29:46.904561448Z""}"
"[INFO] Downloaded from central: https://repo.maven.apache.org/maven2/org/apache/commons/commons-text/1.12.0/commons-text-1.12.0.jar (251 kB at 12 MB/s)
",2026-08-22T15:29:46.904804372Z,info,"{""serviceId"":""87697b40-66d1-4a58-89e6-1068a09cbf8c"",""deploymentId"":""d6c8c3b8-3bb6-45c0-bc76-a9729ab89f82"",""deploymentInstanceId"":null}","{""level"":""info"",""source"":""buildkit"",""type"":""log"",""vertex"":""sha256:5123184c115415746b9e45a79609be5df6469d0b755767bd2a7f4b208b8cff02"",""stream"":1,""data"":""W0lORk9dIERvd25sb2FkZWQgZnJvbSBjZW50cmFsOiBodHRwczovL3JlcG8ubWF2ZW4uYXBhY2hlLm9yZy9tYXZlbjIvb3JnL2FwYWNoZS9jb21tb25zL2NvbW1vbnMtdGV4dC8xLjEyLjAvY29tbW9ucy10ZXh0LTEuMTIuMC5qYXIgKDI1MSBrQiBhdCAxMiBNQi9zKQo="",""timestamp"":""2026-08-22T15:29:46.904804372Z""}"
"[INFO] Downloading from central: https://repo.maven.apache.org/maven2/org/codehaus/plexus/plexus-interpolation/1.27/plexus-interpolation-1.27.jar
",2026-08-22T15:29:46.90486262Z,info,"{""serviceId"":""87697b40-66d1-4a58-89e6-1068a09cbf8c"",""deploymentId"":""d6c8c3b8-3bb6-45c0-bc76-a9729ab89f82"",""deploymentInstanceId"":null}","{""level"":""info"",""source"":""buildkit"",""type"":""log"",""vertex"":""sha256:5123184c115415746b9e45a79609be5df6469d0b755767bd2a7f4b208b8cff02"",""stream"":1,""data"":""W0lORk9dIERvd25sb2FkaW5nIGZyb20gY2VudHJhbDogaHR0cHM6Ly9yZXBvLm1hdmVuLmFwYWNoZS5vcmcvbWF2ZW4yL29yZy9jb2RlaGF1cy9wbGV4dXMvcGxleHVzLWludGVycG9sYXRpb24vMS4yNy9wbGV4dXMtaW50ZXJwb2xhdGlvbi0xLjI3Lmphcgo="",""timestamp"":""2026-08-22T15:29:46.90486262Z""}"
"[INFO] Downloaded from central: https://repo.maven.apache.org/maven2/org/apache/maven/reporting/maven-reporting-impl/4.0.0/maven-reporting-impl-4.0.0.jar (21 kB at 838 kB/s)
[INFO] Downloading from central: https://repo.maven.apache.org/maven2/org/apache/maven/doxia/doxia-site-renderer/2.0.0/doxia-site-renderer-2.0.0.jar
",2026-08-22T15:29:46.907486406Z,info,"{""serviceId"":""87697b40-66d1-4a58-89e6-1068a09cbf8c"",""deploymentId"":""d6c8c3b8-3bb6-45c0-bc76-a9729ab89f82"",""deploymentInstanceId"":null}","{""level"":""info"",""source"":""buildkit"",""type"":""log"",""vertex"":""sha256:5123184c115415746b9e45a79609be5df6469d0b755767bd2a7f4b208b8cff02"",""stream"":1,""data"":""W0lORk9dIERvd25sb2FkZWQgZnJvbSBjZW50cmFsOiBodHRwczovL3JlcG8ubWF2ZW4uYXBhY2hlLm9yZy9tYXZlbjIvb3JnL2FwYWNoZS9tYXZlbi9yZXBvcnRpbmcvbWF2ZW4tcmVwb3J0aW5nLWltcGwvNC4wLjAvbWF2ZW4tcmVwb3J0aW5nLWltcGwtNC4wLjAuamFyICgyMSBrQiBhdCA4Mzgga0IvcykKW0lORk9dIERvd25sb2FkaW5nIGZyb20gY2VudHJhbDogaHR0cHM6Ly9yZXBvLm1hdmVuLmFwYWNoZS5vcmcvbWF2ZW4yL29yZy9hcGFjaGUvbWF2ZW4vZG94aWEvZG94aWEtc2l0ZS1yZW5kZXJlci8yLjAuMC9kb3hpYS1zaXRlLXJlbmRlcmVyLTIuMC4wLmphcgo="",""timestamp"":""2026-08-22T15:29:46.907486406Z""}"
"[INFO] Downloaded from central: https://repo.maven.apache.org/maven2/org/apache/maven/doxia/doxia-core/2.0.0/doxia-core-2.0.0.jar (168 kB at 6.7 MB/s)
",2026-08-22T15:29:46.90850871Z,info,"{""serviceId"":""87697b40-66d1-4a58-89e6-1068a09cbf8c"",""deploymentId"":""d6c8c3b8-3bb6-45c0-bc76-a9729ab89f82"",""deploymentInstanceId"":null}","{""level"":""info"",""source"":""buildkit"",""type"":""log"",""vertex"":""sha256:5123184c115415746b9e45a79609be5df6469d0b755767bd2a7f4b208b8cff02"",""stream"":1,""data"":""W0lORk9dIERvd25sb2FkZWQgZnJvbSBjZW50cmFsOiBodHRwczovL3JlcG8ubWF2ZW4uYXBhY2hlLm9yZy9tYXZlbjIvb3JnL2FwYWNoZS9tYXZlbi9kb3hpYS9kb3hpYS1jb3JlLzIuMC4wL2RveGlhLWNvcmUtMi4wLjAuamFyICgxNjgga0IgYXQgNi43IE1CL3MpCg=="",""timestamp"":""2026-08-22T15:29:46.90850871Z""}"
"[INFO] Downloading from central: https://repo.maven.apache.org/maven2/org/apache/maven/doxia/doxia-skin-model/2.0.0/doxia-skin-model-2.0.0.jar
",2026-08-22T15:29:46.90858831Z,info,"{""serviceId"":""87697b40-66d1-4a58-89e6-1068a09cbf8c"",""deploymentId"":""d6c8c3b8-3bb6-45c0-bc76-a9729ab89f82"",""deploymentInstanceId"":null}","{""level"":""info"",""source"":""buildkit"",""type"":""log"",""vertex"":""sha256:5123184c115415746b9e45a79609be5df6469d0b755767bd2a7f4b208b8cff02"",""stream"":1,""data"":""W0lORk9dIERvd25sb2FkaW5nIGZyb20gY2VudHJhbDogaHR0cHM6Ly9yZXBvLm1hdmVuLmFwYWNoZS5vcmcvbWF2ZW4yL29yZy9hcGFjaGUvbWF2ZW4vZG94aWEvZG94aWEtc2tpbi1tb2RlbC8yLjAuMC9kb3hpYS1za2luLW1vZGVsLTIuMC4wLmphcgo="",""timestamp"":""2026-08-22T15:29:46.90858831Z""}"
"[INFO] Downloaded from central: https://repo.maven.apache.org/maven2/org/apache/maven/doxia/doxia-site-model/2.0.0/doxia-site-model-2.0.0.jar (86 kB at 2.5 MB/s)
[INFO] Downloading from central: https://repo.maven.apache.org/maven2/org/apache/maven/doxia/doxia-module-xhtml5/2.0.0/doxia-module-xhtml5-2.0.0.jar
",2026-08-22T15:29:46.918075364Z,info,"{""serviceId"":""87697b40-66d1-4a58-89e6-1068a09cbf8c"",""deploymentId"":""d6c8c3b8-3bb6-45c0-bc76-a9729ab89f82"",""deploymentInstanceId"":null}","{""level"":""info"",""source"":""buildkit"",""type"":""log"",""vertex"":""sha256:5123184c115415746b9e45a79609be5df6469d0b755767bd2a7f4b208b8cff02"",""stream"":1,""data"":""W0lORk9dIERvd25sb2FkZWQgZnJvbSBjZW50cmFsOiBodHRwczovL3JlcG8ubWF2ZW4uYXBhY2hlLm9yZy9tYXZlbjIvb3JnL2FwYWNoZS9tYXZlbi9kb3hpYS9kb3hpYS1zaXRlLW1vZGVsLzIuMC4wL2RveGlhLXNpdGUtbW9kZWwtMi4wLjAuamFyICg4NiBrQiBhdCAyLjUgTUIvcykKW0lORk9dIERvd25sb2FkaW5nIGZyb20gY2VudHJhbDogaHR0cHM6Ly9yZXBvLm1hdmVuLmFwYWNoZS5vcmcvbWF2ZW4yL29yZy9hcGFjaGUvbWF2ZW4vZG94aWEvZG94aWEtbW9kdWxlLXhodG1sNS8yLjAuMC9kb3hpYS1tb2R1bGUteGh0bWw1LTIuMC4wLmphcgo="",""timestamp"":""2026-08-22T15:29:46.918075364Z""}"
"[INFO] Downloaded from central: https://repo.maven.apache.org/maven2/org/apache/maven/doxia/doxia-integration-tools/2.0.0/doxia-integration-tools-2.0.0.jar (50 kB at 1.3 MB/s)
",2026-08-22T15:29:46.923711821Z,info,"{""serviceId"":""87697b40-66d1-4a58-89e6-1068a09cbf8c"",""deploymentId"":""d6c8c3b8-3bb6-45c0-bc76-a9729ab89f82"",""deploymentInstanceId"":null}","{""level"":""info"",""source"":""buildkit"",""type"":""log"",""vertex"":""sha256:5123184c115415746b9e45a79609be5df6469d0b755767bd2a7f4b208b8cff02"",""stream"":1,""data"":""W0lORk9dIERvd25sb2FkZWQgZnJvbSBjZW50cmFsOiBodHRwczovL3JlcG8ubWF2ZW4uYXBhY2hlLm9yZy9tYXZlbjIvb3JnL2FwYWNoZS9tYXZlbi9kb3hpYS9kb3hpYS1pbnRlZ3JhdGlvbi10b29scy8yLjAuMC9kb3hpYS1pbnRlZ3JhdGlvbi10b29scy0yLjAuMC5qYXIgKDUwIGtCIGF0IDEuMyBNQi9zKQo="",""timestamp"":""2026-08-22T15:29:46.923711821Z""}"
"[INFO] Downloading from central: https://repo.maven.apache.org/maven2/org/codehaus/plexus/plexus-velocity/2.2.0/plexus-velocity-2.2.0.jar
",2026-08-22T15:29:46.923730409Z,info,"{""serviceId"":""87697b40-66d1-4a58-89e6-1068a09cbf8c"",""deploymentId"":""d6c8c3b8-3bb6-45c0-bc76-a9729ab89f82"",""deploymentInstanceId"":null}","{""level"":""info"",""source"":""buildkit"",""type"":""log"",""vertex"":""sha256:5123184c115415746b9e45a79609be5df6469d0b755767bd2a7f4b208b8cff02"",""stream"":1,""data"":""W0lORk9dIERvd25sb2FkaW5nIGZyb20gY2VudHJhbDogaHR0cHM6Ly9yZXBvLm1hdmVuLmFwYWNoZS5vcmcvbWF2ZW4yL29yZy9jb2RlaGF1cy9wbGV4dXMvcGxleHVzLXZlbG9jaXR5LzIuMi4wL3BsZXh1cy12ZWxvY2l0eS0yLjIuMC5qYXIK"",""timestamp"":""2026-08-22T15:29:46.923730409Z""}"
[INFO] Downloaded from central: https://repo.maven.apache.org/maven2/org/codehaus/plexus/plexus-interpolation/1.27/plexus-interpolation-1.27.jar (86 kB at 2.0 MB/s),2026-08-22T15:29:46.928108788Z,info,"{""serviceId"":""87697b40-66d1-4a58-89e6-1068a09cbf8c"",""deploymentId"":""d6c8c3b8-3bb6-45c0-bc76-a9729ab89f82"",""deploymentInstanceId"":null}","{""level"":""info"",""source"":""buildkit"",""type"":""log"",""vertex"":""sha256:5123184c115415746b9e45a79609be5df6469d0b755767bd2a7f4b208b8cff02"",""stream"":1,""data"":""W0lORk9dIERvd25sb2FkZWQgZnJvbSBjZW50cmFsOiBodHRwczovL3JlcG8ubWF2ZW4uYXBhY2hlLm9yZy9tYXZlbjIvb3JnL2NvZGVoYXVzL3BsZXh1cy9wbGV4dXMtaW50ZXJwb2xhdGlvbi8xLjI3L3BsZXh1cy1pbnRlcnBvbGF0aW9uLTEuMjcuamFyICg4NiBrQiBhdCAyLjAgTUIvcyk="",""timestamp"":""2026-08-22T15:29:46.928108788Z""}"
,2026-08-22T15:29:46.92815648Z,info,"{""serviceId"":""87697b40-66d1-4a58-89e6-1068a09cbf8c"",""deploymentId"":""d6c8c3b8-3bb6-45c0-bc76-a9729ab89f82"",""deploymentInstanceId"":null}","{""level"":""info"",""source"":""buildkit"",""type"":""log"",""vertex"":""sha256:5123184c115415746b9e45a79609be5df6469d0b755767bd2a7f4b208b8cff02"",""stream"":1,""data"":""Cg=="",""timestamp"":""2026-08-22T15:29:46.92815648Z""}"
"[INFO] Downloading from central: https://repo.maven.apache.org/maven2/org/apache/velocity/velocity-engine-core/2.4/velocity-engine-core-2.4.jar
",2026-08-22T15:29:46.928237261Z,info,"{""serviceId"":""87697b40-66d1-4a58-89e6-1068a09cbf8c"",""deploymentId"":""d6c8c3b8-3bb6-45c0-bc76-a9729ab89f82"",""deploymentInstanceId"":null}","{""level"":""info"",""source"":""buildkit"",""type"":""log"",""vertex"":""sha256:5123184c115415746b9e45a79609be5df6469d0b755767bd2a7f4b208b8cff02"",""stream"":1,""data"":""W0lORk9dIERvd25sb2FkaW5nIGZyb20gY2VudHJhbDogaHR0cHM6Ly9yZXBvLm1hdmVuLmFwYWNoZS5vcmcvbWF2ZW4yL29yZy9hcGFjaGUvdmVsb2NpdHkvdmVsb2NpdHktZW5naW5lLWNvcmUvMi40L3ZlbG9jaXR5LWVuZ2luZS1jb3JlLTIuNC5qYXIK"",""timestamp"":""2026-08-22T15:29:46.928237261Z""}"
"[INFO] Downloaded from central: https://repo.maven.apache.org/maven2/org/apache/maven/doxia/doxia-skin-model/2.0.0/doxia-skin-model-2.0.0.jar (16 kB at 364 kB/s)
",2026-08-22T15:29:46.929564272Z,info,"{""serviceId"":""87697b40-66d1-4a58-89e6-1068a09cbf8c"",""deploymentId"":""d6c8c3b8-3bb6-45c0-bc76-a9729ab89f82"",""deploymentInstanceId"":null}","{""level"":""info"",""source"":""buildkit"",""type"":""log"",""vertex"":""sha256:5123184c115415746b9e45a79609be5df6469d0b755767bd2a7f4b208b8cff02"",""stream"":1,""data"":""W0lORk9dIERvd25sb2FkZWQgZnJvbSBjZW50cmFsOiBodHRwczovL3JlcG8ubWF2ZW4uYXBhY2hlLm9yZy9tYXZlbjIvb3JnL2FwYWNoZS9tYXZlbi9kb3hpYS9kb3hpYS1za2luLW1vZGVsLzIuMC4wL2RveGlhLXNraW4tbW9kZWwtMi4wLjAuamFyICgxNiBrQiBhdCAzNjQga0IvcykK"",""timestamp"":""2026-08-22T15:29:46.929564272Z""}"
"[INFO] Downloading from central: https://repo.maven.apache.org/maven2/org/apache/velocity/tools/velocity-tools-generic/3.1/velocity-tools-generic-3.1.jar
",2026-08-22T15:29:46.929660366Z,info,"{""serviceId"":""87697b40-66d1-4a58-89e6-1068a09cbf8c"",""deploymentId"":""d6c8c3b8-3bb6-45c0-bc76-a9729ab89f82"",""deploymentInstanceId"":null}","{""level"":""info"",""source"":""buildkit"",""type"":""log"",""vertex"":""sha256:5123184c115415746b9e45a79609be5df6469d0b755767bd2a7f4b208b8cff02"",""stream"":1,""data"":""W0lORk9dIERvd25sb2FkaW5nIGZyb20gY2VudHJhbDogaHR0cHM6Ly9yZXBvLm1hdmVuLmFwYWNoZS5vcmcvbWF2ZW4yL29yZy9hcGFjaGUvdmVsb2NpdHkvdG9vbHMvdmVsb2NpdHktdG9vbHMtZ2VuZXJpYy8zLjEvdmVsb2NpdHktdG9vbHMtZ2VuZXJpYy0zLjEuamFyCg=="",""timestamp"":""2026-08-22T15:29:46.929660366Z""}"
"[INFO] Downloaded from central: https://repo.maven.apache.org/maven2/org/apache/maven/doxia/doxia-site-renderer/2.0.0/doxia-site-renderer-2.0.0.jar (44 kB at 969 kB/s)
",2026-08-22T15:29:46.930001378Z,info,"{""serviceId"":""87697b40-66d1-4a58-89e6-1068a09cbf8c"",""deploymentId"":""d6c8c3b8-3bb6-45c0-bc76-a9729ab89f82"",""deploymentInstanceId"":null}","{""level"":""info"",""source"":""buildkit"",""type"":""log"",""vertex"":""sha256:5123184c115415746b9e45a79609be5df6469d0b755767bd2a7f4b208b8cff02"",""stream"":1,""data"":""W0lORk9dIERvd25sb2FkZWQgZnJvbSBjZW50cmFsOiBodHRwczovL3JlcG8ubWF2ZW4uYXBhY2hlLm9yZy9tYXZlbjIvb3JnL2FwYWNoZS9tYXZlbi9kb3hpYS9kb3hpYS1zaXRlLXJlbmRlcmVyLzIuMC4wL2RveGlhLXNpdGUtcmVuZGVyZXItMi4wLjAuamFyICg0NCBrQiBhdCA5Njkga0IvcykK"",""timestamp"":""2026-08-22T15:29:46.930001378Z""}"
"[INFO] Downloading from central: https://repo.maven.apache.org/maven2/commons-beanutils/commons-beanutils/1.9.4/commons-beanutils-1.9.4.jar
",2026-08-22T15:29:46.930041688Z,info,"{""serviceId"":""87697b40-66d1-4a58-89e6-1068a09cbf8c"",""deploymentId"":""d6c8c3b8-3bb6-45c0-bc76-a9729ab89f82"",""deploymentInstanceId"":null}","{""level"":""info"",""source"":""buildkit"",""type"":""log"",""vertex"":""sha256:5123184c115415746b9e45a79609be5df6469d0b755767bd2a7f4b208b8cff02"",""stream"":1,""data"":""W0lORk9dIERvd25sb2FkaW5nIGZyb20gY2VudHJhbDogaHR0cHM6Ly9yZXBvLm1hdmVuLmFwYWNoZS5vcmcvbWF2ZW4yL2NvbW1vbnMtYmVhbnV0aWxzL2NvbW1vbnMtYmVhbnV0aWxzLzEuOS40L2NvbW1vbnMtYmVhbnV0aWxzLTEuOS40Lmphcgo="",""timestamp"":""2026-08-22T15:29:46.930041688Z""}"
"[INFO] Downloaded from central: https://repo.maven.apache.org/maven2/org/codehaus/plexus/plexus-velocity/2.2.0/plexus-velocity-2.2.0.jar (5.7 kB at 101 kB/s)
[INFO] Downloading from central: https://repo.maven.apache.org/maven2/commons-logging/commons-logging/1.2/commons-logging-1.2.jar
",2026-08-22T15:29:46.940738147Z,info,"{""serviceId"":""87697b40-66d1-4a58-89e6-1068a09cbf8c"",""deploymentId"":""d6c8c3b8-3bb6-45c0-bc76-a9729ab89f82"",""deploymentInstanceId"":null}","{""level"":""info"",""source"":""buildkit"",""type"":""log"",""vertex"":""sha256:5123184c115415746b9e45a79609be5df6469d0b755767bd2a7f4b208b8cff02"",""stream"":1,""data"":""W0lORk9dIERvd25sb2FkZWQgZnJvbSBjZW50cmFsOiBodHRwczovL3JlcG8ubWF2ZW4uYXBhY2hlLm9yZy9tYXZlbjIvb3JnL2NvZGVoYXVzL3BsZXh1cy9wbGV4dXMtdmVsb2NpdHkvMi4yLjAvcGxleHVzLXZlbG9jaXR5LTIuMi4wLmphciAoNS43IGtCIGF0IDEwMSBrQi9zKQpbSU5GT10gRG93bmxvYWRpbmcgZnJvbSBjZW50cmFsOiBodHRwczovL3JlcG8ubWF2ZW4uYXBhY2hlLm9yZy9tYXZlbjIvY29tbW9ucy1sb2dnaW5nL2NvbW1vbnMtbG9nZ2luZy8xLjIvY29tbW9ucy1sb2dnaW5nLTEuMi5qYXIK"",""timestamp"":""2026-08-22T15:29:46.940738147Z""}"
"[INFO] Downloaded from central: https://repo.maven.apache.org/maven2/org/apache/maven/doxia/doxia-module-xhtml5/2.0.0/doxia-module-xhtml5-2.0.0.jar (17 kB at 294 kB/s)
[INFO] Downloading from central: https://repo.maven.apache.org/maven2/commons-collections/commons-collections/3.2.2/commons-collections-3.2.2.jar
",2026-08-22T15:29:46.943076515Z,info,"{""serviceId"":""87697b40-66d1-4a58-89e6-1068a09cbf8c"",""deploymentId"":""d6c8c3b8-3bb6-45c0-bc76-a9729ab89f82"",""deploymentInstanceId"":null}","{""level"":""info"",""source"":""buildkit"",""type"":""log"",""vertex"":""sha256:5123184c115415746b9e45a79609be5df6469d0b755767bd2a7f4b208b8cff02"",""stream"":1,""data"":""W0lORk9dIERvd25sb2FkZWQgZnJvbSBjZW50cmFsOiBodHRwczovL3JlcG8ubWF2ZW4uYXBhY2hlLm9yZy9tYXZlbjIvb3JnL2FwYWNoZS9tYXZlbi9kb3hpYS9kb3hpYS1tb2R1bGUteGh0bWw1LzIuMC4wL2RveGlhLW1vZHVsZS14aHRtbDUtMi4wLjAuamFyICgxNyBrQiBhdCAyOTQga0IvcykKW0lORk9dIERvd25sb2FkaW5nIGZyb20gY2VudHJhbDogaHR0cHM6Ly9yZXBvLm1hdmVuLmFwYWNoZS5vcmcvbWF2ZW4yL2NvbW1vbnMtY29sbGVjdGlvbnMvY29tbW9ucy1jb2xsZWN0aW9ucy8zLjIuMi9jb21tb25zLWNvbGxlY3Rpb25zLTMuMi4yLmphcgo="",""timestamp"":""2026-08-22T15:29:46.943076515Z""}"
"[INFO] Downloaded from central: https://repo.maven.apache.org/maven2/org/apache/velocity/velocity-engine-core/2.4/velocity-engine-core-2.4.jar (510 kB at 7.2 MB/s)
[INFO] Downloading from central: https://repo.maven.apache.org/maven2/org/apache/commons/commons-digester3/3.2/commons-digester3-3.2.jar
",2026-08-22T15:29:46.955420787Z,info,"{""serviceId"":""87697b40-66d1-4a58-89e6-1068a09cbf8c"",""deploymentId"":""d6c8c3b8-3bb6-45c0-bc76-a9729ab89f82"",""deploymentInstanceId"":null}","{""level"":""info"",""source"":""buildkit"",""type"":""log"",""vertex"":""sha256:5123184c115415746b9e45a79609be5df6469d0b755767bd2a7f4b208b8cff02"",""stream"":1,""data"":""W0lORk9dIERvd25sb2FkZWQgZnJvbSBjZW50cmFsOiBodHRwczovL3JlcG8ubWF2ZW4uYXBhY2hlLm9yZy9tYXZlbjIvb3JnL2FwYWNoZS92ZWxvY2l0eS92ZWxvY2l0eS1lbmdpbmUtY29yZS8yLjQvdmVsb2NpdHktZW5naW5lLWNvcmUtMi40LmphciAoNTEwIGtCIGF0IDcuMiBNQi9zKQpbSU5GT10gRG93bmxvYWRpbmcgZnJvbSBjZW50cmFsOiBodHRwczovL3JlcG8ubWF2ZW4uYXBhY2hlLm9yZy9tYXZlbjIvb3JnL2FwYWNoZS9jb21tb25zL2NvbW1vbnMtZGlnZXN0ZXIzLzMuMi9jb21tb25zLWRpZ2VzdGVyMy0zLjIuamFyCg=="",""timestamp"":""2026-08-22T15:29:46.955420787Z""}"
"[INFO] Downloaded from central: https://repo.maven.apache.org/maven2/org/apache/velocity/tools/velocity-tools-generic/3.1/velocity-tools-generic-3.1.jar (217 kB at 3.1 MB/s)
[INFO] Downloading from central: https://repo.maven.apache.org/maven2/com/github/cliftonlabs/json-simple/3.0.2/json-simple-3.0.2.jar
",2026-08-22T15:29:46.955866966Z,info,"{""serviceId"":""87697b40-66d1-4a58-89e6-1068a09cbf8c"",""deploymentId"":""d6c8c3b8-3bb6-45c0-bc76-a9729ab89f82"",""deploymentInstanceId"":null}","{""level"":""info"",""source"":""buildkit"",""type"":""log"",""vertex"":""sha256:5123184c115415746b9e45a79609be5df6469d0b755767bd2a7f4b208b8cff02"",""stream"":1,""data"":""W0lORk9dIERvd25sb2FkZWQgZnJvbSBjZW50cmFsOiBodHRwczovL3JlcG8ubWF2ZW4uYXBhY2hlLm9yZy9tYXZlbjIvb3JnL2FwYWNoZS92ZWxvY2l0eS90b29scy92ZWxvY2l0eS10b29scy1nZW5lcmljLzMuMS92ZWxvY2l0eS10b29scy1nZW5lcmljLTMuMS5qYXIgKDIxNyBrQiBhdCAzLjEgTUIvcykKW0lORk9dIERvd25sb2FkaW5nIGZyb20gY2VudHJhbDogaHR0cHM6Ly9yZXBvLm1hdmVuLmFwYWNoZS5vcmcvbWF2ZW4yL2NvbS9naXRodWIvY2xpZnRvbmxhYnMvanNvbi1zaW1wbGUvMy4wLjIvanNvbi1zaW1wbGUtMy4wLjIuamFyCg=="",""timestamp"":""2026-08-22T15:29:46.955866966Z""}"
"[INFO] Downloaded from central: https://repo.maven.apache.org/maven2/commons-beanutils/commons-beanutils/1.9.4/commons-beanutils-1.9.4.jar (247 kB at 3.4 MB/s)
",2026-08-22T15:29:46.957042189Z,info,"{""serviceId"":""87697b40-66d1-4a58-89e6-1068a09cbf8c"",""deploymentId"":""d6c8c3b8-3bb6-45c0-bc76-a9729ab89f82"",""deploymentInstanceId"":null}","{""level"":""info"",""source"":""buildkit"",""type"":""log"",""vertex"":""sha256:5123184c115415746b9e45a79609be5df6469d0b755767bd2a7f4b208b8cff02"",""stream"":1,""data"":""W0lORk9dIERvd25sb2FkZWQgZnJvbSBjZW50cmFsOiBodHRwczovL3JlcG8ubWF2ZW4uYXBhY2hlLm9yZy9tYXZlbjIvY29tbW9ucy1iZWFudXRpbHMvY29tbW9ucy1iZWFudXRpbHMvMS45LjQvY29tbW9ucy1iZWFudXRpbHMtMS45LjQuamFyICgyNDcga0IgYXQgMy40IE1CL3MpCg=="",""timestamp"":""2026-08-22T15:29:46.957042189Z""}"
"[INFO] Downloading from central: https://repo.maven.apache.org/maven2/org/apache/maven/doxia/doxia-module-apt/2.0.0/doxia-module-apt-2.0.0.jar
",2026-08-22T15:29:46.957076571Z,info,"{""serviceId"":""87697b40-66d1-4a58-89e6-1068a09cbf8c"",""deploymentId"":""d6c8c3b8-3bb6-45c0-bc76-a9729ab89f82"",""deploymentInstanceId"":null}","{""level"":""info"",""source"":""buildkit"",""type"":""log"",""vertex"":""sha256:5123184c115415746b9e45a79609be5df6469d0b755767bd2a7f4b208b8cff02"",""stream"":1,""data"":""W0lORk9dIERvd25sb2FkaW5nIGZyb20gY2VudHJhbDogaHR0cHM6Ly9yZXBvLm1hdmVuLmFwYWNoZS5vcmcvbWF2ZW4yL29yZy9hcGFjaGUvbWF2ZW4vZG94aWEvZG94aWEtbW9kdWxlLWFwdC8yLjAuMC9kb3hpYS1tb2R1bGUtYXB0LTIuMC4wLmphcgo="",""timestamp"":""2026-08-22T15:29:46.957076571Z""}"
"[INFO] Downloaded from central: https://repo.maven.apache.org/maven2/commons-logging/commons-logging/1.2/commons-logging-1.2.jar (62 kB at 803 kB/s)
[INFO] Downloading from central: https://repo.maven.apache.org/maven2/org/apache/maven/doxia/doxia-module-xdoc/2.0.0/doxia-module-xdoc-2.0.0.jar
",2026-08-22T15:29:46.962101991Z,info,"{""serviceId"":""87697b40-66d1-4a58-89e6-1068a09cbf8c"",""deploymentId"":""d6c8c3b8-3bb6-45c0-bc76-a9729ab89f82"",""deploymentInstanceId"":null}","{""level"":""info"",""source"":""buildkit"",""type"":""log"",""vertex"":""sha256:5123184c115415746b9e45a79609be5df6469d0b755767bd2a7f4b208b8cff02"",""stream"":1,""data"":""W0lORk9dIERvd25sb2FkZWQgZnJvbSBjZW50cmFsOiBodHRwczovL3JlcG8ubWF2ZW4uYXBhY2hlLm9yZy9tYXZlbjIvY29tbW9ucy1sb2dnaW5nL2NvbW1vbnMtbG9nZ2luZy8xLjIvY29tbW9ucy1sb2dnaW5nLTEuMi5qYXIgKDYyIGtCIGF0IDgwMyBrQi9zKQpbSU5GT10gRG93bmxvYWRpbmcgZnJvbSBjZW50cmFsOiBodHRwczovL3JlcG8ubWF2ZW4uYXBhY2hlLm9yZy9tYXZlbjIvb3JnL2FwYWNoZS9tYXZlbi9kb3hpYS9kb3hpYS1tb2R1bGUteGRvYy8yLjAuMC9kb3hpYS1tb2R1bGUteGRvYy0yLjAuMC5qYXIK"",""timestamp"":""2026-08-22T15:29:46.962101991Z""}"
"[INFO] Downloaded from central: https://repo.maven.apache.org/maven2/commons-collections/commons-collections/3.2.2/commons-collections-3.2.2.jar (588 kB at 6.6 MB/s)
[INFO] Downloading from central: https://repo.maven.apache.org/maven2/org/apache/maven/maven-archiver/3.6.2/maven-archiver-3.6.2.jar
",2026-08-22T15:29:46.973536818Z,info,"{""serviceId"":""87697b40-66d1-4a58-89e6-1068a09cbf8c"",""deploymentId"":""d6c8c3b8-3bb6-45c0-bc76-a9729ab89f82"",""deploymentInstanceId"":null}","{""level"":""info"",""source"":""buildkit"",""type"":""log"",""vertex"":""sha256:5123184c115415746b9e45a79609be5df6469d0b755767bd2a7f4b208b8cff02"",""stream"":1,""data"":""W0lORk9dIERvd25sb2FkZWQgZnJvbSBjZW50cmFsOiBodHRwczovL3JlcG8ubWF2ZW4uYXBhY2hlLm9yZy9tYXZlbjIvY29tbW9ucy1jb2xsZWN0aW9ucy9jb21tb25zLWNvbGxlY3Rpb25zLzMuMi4yL2NvbW1vbnMtY29sbGVjdGlvbnMtMy4yLjIuamFyICg1ODgga0IgYXQgNi42IE1CL3MpCltJTkZPXSBEb3dubG9hZGluZyBmcm9tIGNlbnRyYWw6IGh0dHBzOi8vcmVwby5tYXZlbi5hcGFjaGUub3JnL21hdmVuMi9vcmcvYXBhY2hlL21hdmVuL21hdmVuLWFyY2hpdmVyLzMuNi4yL21hdmVuLWFyY2hpdmVyLTMuNi4yLmphcgo="",""timestamp"":""2026-08-22T15:29:46.973536818Z""}"
"[INFO] Downloaded from central: https://repo.maven.apache.org/maven2/com/github/cliftonlabs/json-simple/3.0.2/json-simple-3.0.2.jar (35 kB at 373 kB/s)
[INFO] Downloading from central: https://repo.maven.apache.org/maven2/org/apache/maven/resolver/maven-resolver-api/1.4.1/maven-resolver-api-1.4.1.jar
",2026-08-22T15:29:46.979021778Z,info,"{""serviceId"":""87697b40-66d1-4a58-89e6-1068a09cbf8c"",""deploymentId"":""d6c8c3b8-3bb6-45c0-bc76-a9729ab89f82"",""deploymentInstanceId"":null}","{""level"":""info"",""source"":""buildkit"",""type"":""log"",""vertex"":""sha256:5123184c115415746b9e45a79609be5df6469d0b755767bd2a7f4b208b8cff02"",""stream"":1,""data"":""W0lORk9dIERvd25sb2FkZWQgZnJvbSBjZW50cmFsOiBodHRwczovL3JlcG8ubWF2ZW4uYXBhY2hlLm9yZy9tYXZlbjIvY29tL2dpdGh1Yi9jbGlmdG9ubGFicy9qc29uLXNpbXBsZS8zLjAuMi9qc29uLXNpbXBsZS0zLjAuMi5qYXIgKDM1IGtCIGF0IDM3MyBrQi9zKQpbSU5GT10gRG93bmxvYWRpbmcgZnJvbSBjZW50cmFsOiBodHRwczovL3JlcG8ubWF2ZW4uYXBhY2hlLm9yZy9tYXZlbjIvb3JnL2FwYWNoZS9tYXZlbi9yZXNvbHZlci9tYXZlbi1yZXNvbHZlci1hcGkvMS40LjEvbWF2ZW4tcmVzb2x2ZXItYXBpLTEuNC4xLmphcgo="",""timestamp"":""2026-08-22T15:29:46.979021778Z""}"
"[INFO] Downloaded from central: https://repo.maven.apache.org/maven2/org/apache/maven/doxia/doxia-module-apt/2.0.0/doxia-module-apt-2.0.0.jar (54 kB at 555 kB/s)
",2026-08-22T15:29:46.982105214Z,info,"{""serviceId"":""87697b40-66d1-4a58-89e6-1068a09cbf8c"",""deploymentId"":""d6c8c3b8-3bb6-45c0-bc76-a9729ab89f82"",""deploymentInstanceId"":null}","{""level"":""info"",""source"":""buildkit"",""type"":""log"",""vertex"":""sha256:5123184c115415746b9e45a79609be5df6469d0b755767bd2a7f4b208b8cff02"",""stream"":1,""data"":""W0lORk9dIERvd25sb2FkZWQgZnJvbSBjZW50cmFsOiBodHRwczovL3JlcG8ubWF2ZW4uYXBhY2hlLm9yZy9tYXZlbjIvb3JnL2FwYWNoZS9tYXZlbi9kb3hpYS9kb3hpYS1tb2R1bGUtYXB0LzIuMC4wL2RveGlhLW1vZHVsZS1hcHQtMi4wLjAuamFyICg1NCBrQiBhdCA1NTUga0IvcykK"",""timestamp"":""2026-08-22T15:29:46.982105214Z""}"
"[INFO] Downloading from central: https://repo.maven.apache.org/maven2/org/eclipse/sisu/org.eclipse.sisu.plexus/0.9.0.M3/org.eclipse.sisu.plexus-0.9.0.M3.jar
",2026-08-22T15:29:46.98213628Z,info,"{""serviceId"":""87697b40-66d1-4a58-89e6-1068a09cbf8c"",""deploymentId"":""d6c8c3b8-3bb6-45c0-bc76-a9729ab89f82"",""deploymentInstanceId"":null}","{""level"":""info"",""source"":""buildkit"",""type"":""log"",""vertex"":""sha256:5123184c115415746b9e45a79609be5df6469d0b755767bd2a7f4b208b8cff02"",""stream"":1,""data"":""W0lORk9dIERvd25sb2FkaW5nIGZyb20gY2VudHJhbDogaHR0cHM6Ly9yZXBvLm1hdmVuLmFwYWNoZS5vcmcvbWF2ZW4yL29yZy9lY2xpcHNlL3Npc3Uvb3JnLmVjbGlwc2Uuc2lzdS5wbGV4dXMvMC45LjAuTTMvb3JnLmVjbGlwc2Uuc2lzdS5wbGV4dXMtMC45LjAuTTMuamFyCg=="",""timestamp"":""2026-08-22T15:29:46.98213628Z""}"
"[INFO] Downloaded from central: https://repo.maven.apache.org/maven2/org/apache/maven/doxia/doxia-module-xdoc/2.0.0/doxia-module-xdoc-2.0.0.jar (35 kB at 352 kB/s)
[INFO] Downloading from central: https://repo.maven.apache.org/maven2/org/eclipse/sisu/org.eclipse.sisu.inject/0.9.0.M3/org.eclipse.sisu.inject-0.9.0.M3.jar
",2026-08-22T15:29:46.984502791Z,info,"{""serviceId"":""87697b40-66d1-4a58-89e6-1068a09cbf8c"",""deploymentId"":""d6c8c3b8-3bb6-45c0-bc76-a9729ab89f82"",""deploymentInstanceId"":null}","{""level"":""info"",""source"":""buildkit"",""type"":""log"",""vertex"":""sha256:5123184c115415746b9e45a79609be5df6469d0b755767bd2a7f4b208b8cff02"",""stream"":1,""data"":""W0lORk9dIERvd25sb2FkZWQgZnJvbSBjZW50cmFsOiBodHRwczovL3JlcG8ubWF2ZW4uYXBhY2hlLm9yZy9tYXZlbjIvb3JnL2FwYWNoZS9tYXZlbi9kb3hpYS9kb3hpYS1tb2R1bGUteGRvYy8yLjAuMC9kb3hpYS1tb2R1bGUteGRvYy0yLjAuMC5qYXIgKDM1IGtCIGF0IDM1MiBrQi9zKQpbSU5GT10gRG93bmxvYWRpbmcgZnJvbSBjZW50cmFsOiBodHRwczovL3JlcG8ubWF2ZW4uYXBhY2hlLm9yZy9tYXZlbjIvb3JnL2VjbGlwc2Uvc2lzdS9vcmcuZWNsaXBzZS5zaXN1LmluamVjdC8wLjkuMC5NMy9vcmcuZWNsaXBzZS5zaXN1LmluamVjdC0wLjkuMC5NMy5qYXIK"",""timestamp"":""2026-08-22T15:29:46.984502791Z""}"
"[INFO] Downloaded from central: https://repo.maven.apache.org/maven2/org/apache/commons/commons-digester3/3.2/commons-digester3-3.2.jar (242 kB at 2.2 MB/s)
",2026-08-22T15:29:46.995910788Z,info,"{""serviceId"":""87697b40-66d1-4a58-89e6-1068a09cbf8c"",""deploymentId"":""d6c8c3b8-3bb6-45c0-bc76-a9729ab89f82"",""deploymentInstanceId"":null}","{""level"":""info"",""source"":""buildkit"",""type"":""log"",""vertex"":""sha256:5123184c115415746b9e45a79609be5df6469d0b755767bd2a7f4b208b8cff02"",""stream"":1,""data"":""W0lORk9dIERvd25sb2FkZWQgZnJvbSBjZW50cmFsOiBodHRwczovL3JlcG8ubWF2ZW4uYXBhY2hlLm9yZy9tYXZlbjIvb3JnL2FwYWNoZS9jb21tb25zL2NvbW1vbnMtZGlnZXN0ZXIzLzMuMi9jb21tb25zLWRpZ2VzdGVyMy0zLjIuamFyICgyNDIga0IgYXQgMi4yIE1CL3MpCg=="",""timestamp"":""2026-08-22T15:29:46.995910788Z""}"
"[INFO] Downloading from central: https://repo.maven.apache.org/maven2/org/codehaus/plexus/plexus-classworlds/2.6.0/plexus-classworlds-2.6.0.jar
",2026-08-22T15:29:46.995931579Z,info,"{""serviceId"":""87697b40-66d1-4a58-89e6-1068a09cbf8c"",""deploymentId"":""d6c8c3b8-3bb6-45c0-bc76-a9729ab89f82"",""deploymentInstanceId"":null}","{""level"":""info"",""source"":""buildkit"",""type"":""log"",""vertex"":""sha256:5123184c115415746b9e45a79609be5df6469d0b755767bd2a7f4b208b8cff02"",""stream"":1,""data"":""W0lORk9dIERvd25sb2FkaW5nIGZyb20gY2VudHJhbDogaHR0cHM6Ly9yZXBvLm1hdmVuLmFwYWNoZS5vcmcvbWF2ZW4yL29yZy9jb2RlaGF1cy9wbGV4dXMvcGxleHVzLWNsYXNzd29ybGRzLzIuNi4wL3BsZXh1cy1jbGFzc3dvcmxkcy0yLjYuMC5qYXIK"",""timestamp"":""2026-08-22T15:29:46.995931579Z""}"
"[INFO] Downloaded from central: https://repo.maven.apache.org/maven2/org/apache/maven/maven-archiver/3.6.2/maven-archiver-3.6.2.jar (27 kB at 233 kB/s)
[INFO] Downloading from central: https://repo.maven.apache.org/maven2/org/codehaus/plexus/plexus-archiver/4.10.0/plexus-archiver-4.10.0.jar
",2026-08-22T15:29:46.999559693Z,info,"{""serviceId"":""87697b40-66d1-4a58-89e6-1068a09cbf8c"",""deploymentId"":""d6c8c3b8-3bb6-45c0-bc76-a9729ab89f82"",""deploymentInstanceId"":null}","{""level"":""info"",""source"":""buildkit"",""type"":""log"",""vertex"":""sha256:5123184c115415746b9e45a79609be5df6469d0b755767bd2a7f4b208b8cff02"",""stream"":1,""data"":""W0lORk9dIERvd25sb2FkZWQgZnJvbSBjZW50cmFsOiBodHRwczovL3JlcG8ubWF2ZW4uYXBhY2hlLm9yZy9tYXZlbjIvb3JnL2FwYWNoZS9tYXZlbi9tYXZlbi1hcmNoaXZlci8zLjYuMi9tYXZlbi1hcmNoaXZlci0zLjYuMi5qYXIgKDI3IGtCIGF0IDIzMyBrQi9zKQpbSU5GT10gRG93bmxvYWRpbmcgZnJvbSBjZW50cmFsOiBodHRwczovL3JlcG8ubWF2ZW4uYXBhY2hlLm9yZy9tYXZlbjIvb3JnL2NvZGVoYXVzL3BsZXh1cy9wbGV4dXMtYXJjaGl2ZXIvNC4xMC4wL3BsZXh1cy1hcmNoaXZlci00LjEwLjAuamFyCg=="",""timestamp"":""2026-08-22T15:29:46.999559693Z""}"
"[INFO] Downloaded from central: https://repo.maven.apache.org/maven2/org/apache/maven/resolver/maven-resolver-api/1.4.1/maven-resolver-api-1.4.1.jar (149 kB at 1.3 MB/s)
[INFO] Downloading from central: https://repo.maven.apache.org/maven2/javax/inject/javax.inject/1/javax.inject-1.jar
",2026-08-22T15:29:47.00026421Z,info,"{""serviceId"":""87697b40-66d1-4a58-89e6-1068a09cbf8c"",""deploymentId"":""d6c8c3b8-3bb6-45c0-bc76-a9729ab89f82"",""deploymentInstanceId"":null}","{""level"":""info"",""source"":""buildkit"",""type"":""log"",""vertex"":""sha256:5123184c115415746b9e45a79609be5df6469d0b755767bd2a7f4b208b8cff02"",""stream"":1,""data"":""W0lORk9dIERvd25sb2FkZWQgZnJvbSBjZW50cmFsOiBodHRwczovL3JlcG8ubWF2ZW4uYXBhY2hlLm9yZy9tYXZlbjIvb3JnL2FwYWNoZS9tYXZlbi9yZXNvbHZlci9tYXZlbi1yZXNvbHZlci1hcGkvMS40LjEvbWF2ZW4tcmVzb2x2ZXItYXBpLTEuNC4xLmphciAoMTQ5IGtCIGF0IDEuMyBNQi9zKQpbSU5GT10gRG93bmxvYWRpbmcgZnJvbSBjZW50cmFsOiBodHRwczovL3JlcG8ubWF2ZW4uYXBhY2hlLm9yZy9tYXZlbjIvamF2YXgvaW5qZWN0L2phdmF4LmluamVjdC8xL2phdmF4LmluamVjdC0xLmphcgo="",""timestamp"":""2026-08-22T15:29:47.00026421Z""}"
"[INFO] Downloaded from central: https://repo.maven.apache.org/maven2/org/eclipse/sisu/org.eclipse.sisu.plexus/0.9.0.M3/org.eclipse.sisu.plexus-0.9.0.M3.jar (216 kB at 1.8 MB/s)
",2026-08-22T15:29:47.002728567Z,info,"{""serviceId"":""87697b40-66d1-4a58-89e6-1068a09cbf8c"",""deploymentId"":""d6c8c3b8-3bb6-45c0-bc76-a9729ab89f82"",""deploymentInstanceId"":null}","{""level"":""info"",""source"":""buildkit"",""type"":""log"",""vertex"":""sha256:5123184c115415746b9e45a79609be5df6469d0b755767bd2a7f4b208b8cff02"",""stream"":1,""data"":""W0lORk9dIERvd25sb2FkZWQgZnJvbSBjZW50cmFsOiBodHRwczovL3JlcG8ubWF2ZW4uYXBhY2hlLm9yZy9tYXZlbjIvb3JnL2VjbGlwc2Uvc2lzdS9vcmcuZWNsaXBzZS5zaXN1LnBsZXh1cy8wLjkuMC5NMy9vcmcuZWNsaXBzZS5zaXN1LnBsZXh1cy0wLjkuMC5NMy5qYXIgKDIxNiBrQiBhdCAxLjggTUIvcykK"",""timestamp"":""2026-08-22T15:29:47.002728567Z""}"
"[INFO] Downloading from central: https://repo.maven.apache.org/maven2/commons-io/commons-io/2.16.1/commons-io-2.16.1.jar
",2026-08-22T15:29:47.002750149Z,info,"{""serviceId"":""87697b40-66d1-4a58-89e6-1068a09cbf8c"",""deploymentId"":""d6c8c3b8-3bb6-45c0-bc76-a9729ab89f82"",""deploymentInstanceId"":null}","{""level"":""info"",""source"":""buildkit"",""type"":""log"",""vertex"":""sha256:5123184c115415746b9e45a79609be5df6469d0b755767bd2a7f4b208b8cff02"",""stream"":1,""data"":""W0lORk9dIERvd25sb2FkaW5nIGZyb20gY2VudHJhbDogaHR0cHM6Ly9yZXBvLm1hdmVuLmFwYWNoZS5vcmcvbWF2ZW4yL2NvbW1vbnMtaW8vY29tbW9ucy1pby8yLjE2LjEvY29tbW9ucy1pby0yLjE2LjEuamFyCg=="",""timestamp"":""2026-08-22T15:29:47.002750149Z""}"
"[INFO] Downloaded from central: https://repo.maven.apache.org/maven2/org/eclipse/sisu/org.eclipse.sisu.inject/0.9.0.M3/org.eclipse.sisu.inject-0.9.0.M3.jar (434 kB at 3.5 MB/s)
[INFO] Downloading from central: https://repo.maven.apache.org/maven2/org/apache/commons/commons-compress/1.26.2/commons-compress-1.26.2.jar
",2026-08-22T15:29:47.00717641Z,info,"{""serviceId"":""87697b40-66d1-4a58-89e6-1068a09cbf8c"",""deploymentId"":""d6c8c3b8-3bb6-45c0-bc76-a9729ab89f82"",""deploymentInstanceId"":null}","{""level"":""info"",""source"":""buildkit"",""type"":""log"",""vertex"":""sha256:5123184c115415746b9e45a79609be5df6469d0b755767bd2a7f4b208b8cff02"",""stream"":1,""data"":""W0lORk9dIERvd25sb2FkZWQgZnJvbSBjZW50cmFsOiBodHRwczovL3JlcG8ubWF2ZW4uYXBhY2hlLm9yZy9tYXZlbjIvb3JnL2VjbGlwc2Uvc2lzdS9vcmcuZWNsaXBzZS5zaXN1LmluamVjdC8wLjkuMC5NMy9vcmcuZWNsaXBzZS5zaXN1LmluamVjdC0wLjkuMC5NMy5qYXIgKDQzNCBrQiBhdCAzLjUgTUIvcykKW0lORk9dIERvd25sb2FkaW5nIGZyb20gY2VudHJhbDogaHR0cHM6Ly9yZXBvLm1hdmVuLmFwYWNoZS5vcmcvbWF2ZW4yL29yZy9hcGFjaGUvY29tbW9ucy9jb21tb25zLWNvbXByZXNzLzEuMjYuMi9jb21tb25zLWNvbXByZXNzLTEuMjYuMi5qYXIK"",""timestamp"":""2026-08-22T15:29:47.00717641Z""}"
"[INFO] Downloaded from central: https://repo.maven.apache.org/maven2/org/codehaus/plexus/plexus-classworlds/2.6.0/plexus-classworlds-2.6.0.jar (53 kB at 398 kB/s)
[INFO] Downloading from central: https://repo.maven.apache.org/maven2/commons-codec/commons-codec/1.17.0/commons-codec-1.17.0.jar
",2026-08-22T15:29:47.017925749Z,info,"{""serviceId"":""87697b40-66d1-4a58-89e6-1068a09cbf8c"",""deploymentId"":""d6c8c3b8-3bb6-45c0-bc76-a9729ab89f82"",""deploymentInstanceId"":null}","{""level"":""info"",""source"":""buildkit"",""type"":""log"",""vertex"":""sha256:5123184c115415746b9e45a79609be5df6469d0b755767bd2a7f4b208b8cff02"",""stream"":1,""data"":""W0lORk9dIERvd25sb2FkZWQgZnJvbSBjZW50cmFsOiBodHRwczovL3JlcG8ubWF2ZW4uYXBhY2hlLm9yZy9tYXZlbjIvb3JnL2NvZGVoYXVzL3BsZXh1cy9wbGV4dXMtY2xhc3N3b3JsZHMvMi42LjAvcGxleHVzLWNsYXNzd29ybGRzLTIuNi4wLmphciAoNTMga0IgYXQgMzk4IGtCL3MpCltJTkZPXSBEb3dubG9hZGluZyBmcm9tIGNlbnRyYWw6IGh0dHBzOi8vcmVwby5tYXZlbi5hcGFjaGUub3JnL21hdmVuMi9jb21tb25zLWNvZGVjL2NvbW1vbnMtY29kZWMvMS4xNy4wL2NvbW1vbnMtY29kZWMtMS4xNy4wLmphcgo="",""timestamp"":""2026-08-22T15:29:47.017925749Z""}"
"[INFO] Downloaded from central: https://repo.maven.apache.org/maven2/org/codehaus/plexus/plexus-archiver/4.10.0/plexus-archiver-4.10.0.jar (225 kB at 1.6 MB/s)
[INFO] Downloading from central: https://repo.maven.apache.org/maven2/io/airlift/aircompressor/0.27/aircompressor-0.27.jar
",2026-08-22T15:29:47.021647173Z,info,"{""serviceId"":""87697b40-66d1-4a58-89e6-1068a09cbf8c"",""deploymentId"":""d6c8c3b8-3bb6-45c0-bc76-a9729ab89f82"",""deploymentInstanceId"":null}","{""level"":""info"",""source"":""buildkit"",""type"":""log"",""vertex"":""sha256:5123184c115415746b9e45a79609be5df6469d0b755767bd2a7f4b208b8cff02"",""stream"":1,""data"":""W0lORk9dIERvd25sb2FkZWQgZnJvbSBjZW50cmFsOiBodHRwczovL3JlcG8ubWF2ZW4uYXBhY2hlLm9yZy9tYXZlbjIvb3JnL2NvZGVoYXVzL3BsZXh1cy9wbGV4dXMtYXJjaGl2ZXIvNC4xMC4wL3BsZXh1cy1hcmNoaXZlci00LjEwLjAuamFyICgyMjUga0IgYXQgMS42IE1CL3MpCltJTkZPXSBEb3dubG9hZGluZyBmcm9tIGNlbnRyYWw6IGh0dHBzOi8vcmVwby5tYXZlbi5hcGFjaGUub3JnL21hdmVuMi9pby9haXJsaWZ0L2FpcmNvbXByZXNzb3IvMC4yNy9haXJjb21wcmVzc29yLTAuMjcuamFyCg=="",""timestamp"":""2026-08-22T15:29:47.021647173Z""}"
"[INFO] Downloaded from central: https://repo.maven.apache.org/maven2/commons-io/commons-io/2.16.1/commons-io-2.16.1.jar (509 kB at 3.6 MB/s)
[INFO] Downloading from central: https://repo.maven.apache.org/maven2/org/tukaani/xz/1.9/xz-1.9.jar
",2026-08-22T15:29:47.026898812Z,info,"{""serviceId"":""87697b40-66d1-4a58-89e6-1068a09cbf8c"",""deploymentId"":""d6c8c3b8-3bb6-45c0-bc76-a9729ab89f82"",""deploymentInstanceId"":null}","{""level"":""info"",""source"":""buildkit"",""type"":""log"",""vertex"":""sha256:5123184c115415746b9e45a79609be5df6469d0b755767bd2a7f4b208b8cff02"",""stream"":1,""data"":""W0lORk9dIERvd25sb2FkZWQgZnJvbSBjZW50cmFsOiBodHRwczovL3JlcG8ubWF2ZW4uYXBhY2hlLm9yZy9tYXZlbjIvY29tbW9ucy1pby9jb21tb25zLWlvLzIuMTYuMS9jb21tb25zLWlvLTIuMTYuMS5qYXIgKDUwOSBrQiBhdCAzLjYgTUIvcykKW0lORk9dIERvd25sb2FkaW5nIGZyb20gY2VudHJhbDogaHR0cHM6Ly9yZXBvLm1hdmVuLmFwYWNoZS5vcmcvbWF2ZW4yL29yZy90dWthYW5pL3h6LzEuOS94ei0xLjkuamFyCg=="",""timestamp"":""2026-08-22T15:29:47.026898812Z""}"
"[INFO] Downloaded from central: https://repo.maven.apache.org/maven2/javax/inject/javax.inject/1/javax.inject-1.jar (2.5 kB at 17 kB/s)
",2026-08-22T15:29:47.027695327Z,info,"{""serviceId"":""87697b40-66d1-4a58-89e6-1068a09cbf8c"",""deploymentId"":""d6c8c3b8-3bb6-45c0-bc76-a9729ab89f82"",""deploymentInstanceId"":null}","{""level"":""info"",""source"":""buildkit"",""type"":""log"",""vertex"":""sha256:5123184c115415746b9e45a79609be5df6469d0b755767bd2a7f4b208b8cff02"",""stream"":1,""data"":""W0lORk9dIERvd25sb2FkZWQgZnJvbSBjZW50cmFsOiBodHRwczovL3JlcG8ubWF2ZW4uYXBhY2hlLm9yZy9tYXZlbjIvamF2YXgvaW5qZWN0L2phdmF4LmluamVjdC8xL2phdmF4LmluamVjdC0xLmphciAoMi41IGtCIGF0IDE3IGtCL3MpCg=="",""timestamp"":""2026-08-22T15:29:47.027695327Z""}"
"[INFO] Downloading from central: https://repo.maven.apache.org/maven2/com/github/luben/zstd-jni/1.5.6-3/zstd-jni-1.5.6-3.jar
",2026-08-22T15:29:47.027759133Z,info,"{""serviceId"":""87697b40-66d1-4a58-89e6-1068a09cbf8c"",""deploymentId"":""d6c8c3b8-3bb6-45c0-bc76-a9729ab89f82"",""deploymentInstanceId"":null}","{""level"":""info"",""source"":""buildkit"",""type"":""log"",""vertex"":""sha256:5123184c115415746b9e45a79609be5df6469d0b755767bd2a7f4b208b8cff02"",""stream"":1,""data"":""W0lORk9dIERvd25sb2FkaW5nIGZyb20gY2VudHJhbDogaHR0cHM6Ly9yZXBvLm1hdmVuLmFwYWNoZS5vcmcvbWF2ZW4yL2NvbS9naXRodWIvbHViZW4venN0ZC1qbmkvMS41LjYtMy96c3RkLWpuaS0xLjUuNi0zLmphcgo="",""timestamp"":""2026-08-22T15:29:47.027759133Z""}"
"[INFO] Downloaded from central: https://repo.maven.apache.org/maven2/org/apache/commons/commons-compress/1.26.2/commons-compress-1.26.2.jar (1.1 MB at 7.4 MB/s)
",2026-08-22T15:29:47.030654357Z,info,"{""serviceId"":""87697b40-66d1-4a58-89e6-1068a09cbf8c"",""deploymentId"":""d6c8c3b8-3bb6-45c0-bc76-a9729ab89f82"",""deploymentInstanceId"":null}","{""level"":""info"",""source"":""buildkit"",""type"":""log"",""vertex"":""sha256:5123184c115415746b9e45a79609be5df6469d0b755767bd2a7f4b208b8cff02"",""stream"":1,""data"":""W0lORk9dIERvd25sb2FkZWQgZnJvbSBjZW50cmFsOiBodHRwczovL3JlcG8ubWF2ZW4uYXBhY2hlLm9yZy9tYXZlbjIvb3JnL2FwYWNoZS9jb21tb25zL2NvbW1vbnMtY29tcHJlc3MvMS4yNi4yL2NvbW1vbnMtY29tcHJlc3MtMS4yNi4yLmphciAoMS4xIE1CIGF0IDcuNCBNQi9zKQo="",""timestamp"":""2026-08-22T15:29:47.030654357Z""}"
"[INFO] Downloading from central: https://repo.maven.apache.org/maven2/org/codehaus/plexus/plexus-xml/3.0.1/plexus-xml-3.0.1.jar
",2026-08-22T15:29:47.030674096Z,info,"{""serviceId"":""87697b40-66d1-4a58-89e6-1068a09cbf8c"",""deploymentId"":""d6c8c3b8-3bb6-45c0-bc76-a9729ab89f82"",""deploymentInstanceId"":null}","{""level"":""info"",""source"":""buildkit"",""type"":""log"",""vertex"":""sha256:5123184c115415746b9e45a79609be5df6469d0b755767bd2a7f4b208b8cff02"",""stream"":1,""data"":""W0lORk9dIERvd25sb2FkaW5nIGZyb20gY2VudHJhbDogaHR0cHM6Ly9yZXBvLm1hdmVuLmFwYWNoZS5vcmcvbWF2ZW4yL29yZy9jb2RlaGF1cy9wbGV4dXMvcGxleHVzLXhtbC8zLjAuMS9wbGV4dXMteG1sLTMuMC4xLmphcgo="",""timestamp"":""2026-08-22T15:29:47.030674096Z""}"
"[INFO] Downloaded from central: https://repo.maven.apache.org/maven2/commons-codec/commons-codec/1.17.0/commons-codec-1.17.0.jar (373 kB at 2.4 MB/s)
",2026-08-22T15:29:47.040623705Z,info,"{""serviceId"":""87697b40-66d1-4a58-89e6-1068a09cbf8c"",""deploymentId"":""d6c8c3b8-3bb6-45c0-bc76-a9729ab89f82"",""deploymentInstanceId"":null}","{""level"":""info"",""source"":""buildkit"",""type"":""log"",""vertex"":""sha256:5123184c115415746b9e45a79609be5df6469d0b755767bd2a7f4b208b8cff02"",""stream"":1,""data"":""W0lORk9dIERvd25sb2FkZWQgZnJvbSBjZW50cmFsOiBodHRwczovL3JlcG8ubWF2ZW4uYXBhY2hlLm9yZy9tYXZlbjIvY29tbW9ucy1jb2RlYy9jb21tb25zLWNvZGVjLzEuMTcuMC9jb21tb25zLWNvZGVjLTEuMTcuMC5qYXIgKDM3MyBrQiBhdCAyLjQgTUIvcykK"",""timestamp"":""2026-08-22T15:29:47.040623705Z""}"
"[INFO] Downloading from central: https://repo.maven.apache.org/maven2/org/codehaus/plexus/plexus-io/3.5.1/plexus-io-3.5.1.jar
",2026-08-22T15:29:47.040639358Z,info,"{""serviceId"":""87697b40-66d1-4a58-89e6-1068a09cbf8c"",""deploymentId"":""d6c8c3b8-3bb6-45c0-bc76-a9729ab89f82"",""deploymentInstanceId"":null}","{""level"":""info"",""source"":""buildkit"",""type"":""log"",""vertex"":""sha256:5123184c115415746b9e45a79609be5df6469d0b755767bd2a7f4b208b8cff02"",""stream"":1,""data"":""W0lORk9dIERvd25sb2FkaW5nIGZyb20gY2VudHJhbDogaHR0cHM6Ly9yZXBvLm1hdmVuLmFwYWNoZS5vcmcvbWF2ZW4yL29yZy9jb2RlaGF1cy9wbGV4dXMvcGxleHVzLWlvLzMuNS4xL3BsZXh1cy1pby0zLjUuMS5qYXIK"",""timestamp"":""2026-08-22T15:29:47.040639358Z""}"
"[INFO] Downloaded from central: https://repo.maven.apache.org/maven2/io/airlift/aircompressor/0.27/aircompressor-0.27.jar (255 kB at 1.6 MB/s)
[INFO] Downloading from central: https://repo.maven.apache.org/maven2/org/codehaus/plexus/plexus-i18n/1.0-beta-10/plexus-i18n-1.0-beta-10.jar
",2026-08-22T15:29:47.04416652Z,info,"{""serviceId"":""87697b40-66d1-4a58-89e6-1068a09cbf8c"",""deploymentId"":""d6c8c3b8-3bb6-45c0-bc76-a9729ab89f82"",""deploymentInstanceId"":null}","{""level"":""info"",""source"":""buildkit"",""type"":""log"",""vertex"":""sha256:5123184c115415746b9e45a79609be5df6469d0b755767bd2a7f4b208b8cff02"",""stream"":1,""data"":""W0lORk9dIERvd25sb2FkZWQgZnJvbSBjZW50cmFsOiBodHRwczovL3JlcG8ubWF2ZW4uYXBhY2hlLm9yZy9tYXZlbjIvaW8vYWlybGlmdC9haXJjb21wcmVzc29yLzAuMjcvYWlyY29tcHJlc3Nvci0wLjI3LmphciAoMjU1IGtCIGF0IDEuNiBNQi9zKQpbSU5GT10gRG93bmxvYWRpbmcgZnJvbSBjZW50cmFsOiBodHRwczovL3JlcG8ubWF2ZW4uYXBhY2hlLm9yZy9tYXZlbjIvb3JnL2NvZGVoYXVzL3BsZXh1cy9wbGV4dXMtaTE4bi8xLjAtYmV0YS0xMC9wbGV4dXMtaTE4bi0xLjAtYmV0YS0xMC5qYXIK"",""timestamp"":""2026-08-22T15:29:47.04416652Z""}"
"[INFO] Downloaded from central: https://repo.maven.apache.org/maven2/org/codehaus/plexus/plexus-xml/3.0.1/plexus-xml-3.0.1.jar (94 kB at 575 kB/s)
",2026-08-22T15:29:47.048827694Z,info,"{""serviceId"":""87697b40-66d1-4a58-89e6-1068a09cbf8c"",""deploymentId"":""d6c8c3b8-3bb6-45c0-bc76-a9729ab89f82"",""deploymentInstanceId"":null}","{""level"":""info"",""source"":""buildkit"",""type"":""log"",""vertex"":""sha256:5123184c115415746b9e45a79609be5df6469d0b755767bd2a7f4b208b8cff02"",""stream"":1,""data"":""W0lORk9dIERvd25sb2FkZWQgZnJvbSBjZW50cmFsOiBodHRwczovL3JlcG8ubWF2ZW4uYXBhY2hlLm9yZy9tYXZlbjIvb3JnL2NvZGVoYXVzL3BsZXh1cy9wbGV4dXMteG1sLzMuMC4xL3BsZXh1cy14bWwtMy4wLjEuamFyICg5NCBrQiBhdCA1NzUga0IvcykK"",""timestamp"":""2026-08-22T15:29:47.048827694Z""}"
"[INFO] Downloading from central: https://repo.maven.apache.org/maven2/org/apache/maven/shared/maven-dependency-analyzer/1.15.0/maven-dependency-analyzer-1.15.0.jar
",2026-08-22T15:29:47.04884535Z,info,"{""serviceId"":""87697b40-66d1-4a58-89e6-1068a09cbf8c"",""deploymentId"":""d6c8c3b8-3bb6-45c0-bc76-a9729ab89f82"",""deploymentInstanceId"":null}","{""level"":""info"",""source"":""buildkit"",""type"":""log"",""vertex"":""sha256:5123184c115415746b9e45a79609be5df6469d0b755767bd2a7f4b208b8cff02"",""stream"":1,""data"":""W0lORk9dIERvd25sb2FkaW5nIGZyb20gY2VudHJhbDogaHR0cHM6Ly9yZXBvLm1hdmVuLmFwYWNoZS5vcmcvbWF2ZW4yL29yZy9hcGFjaGUvbWF2ZW4vc2hhcmVkL21hdmVuLWRlcGVuZGVuY3ktYW5hbHl6ZXIvMS4xNS4wL21hdmVuLWRlcGVuZGVuY3ktYW5hbHl6ZXItMS4xNS4wLmphcgo="",""timestamp"":""2026-08-22T15:29:47.04884535Z""}"
"[INFO] Downloaded from central: https://repo.maven.apache.org/maven2/org/tukaani/xz/1.9/xz-1.9.jar (116 kB at 686 kB/s)
",2026-08-22T15:29:47.053842017Z,info,"{""serviceId"":""87697b40-66d1-4a58-89e6-1068a09cbf8c"",""deploymentId"":""d6c8c3b8-3bb6-45c0-bc76-a9729ab89f82"",""deploymentInstanceId"":null}","{""level"":""info"",""source"":""buildkit"",""type"":""log"",""vertex"":""sha256:5123184c115415746b9e45a79609be5df6469d0b755767bd2a7f4b208b8cff02"",""stream"":1,""data"":""W0lORk9dIERvd25sb2FkZWQgZnJvbSBjZW50cmFsOiBodHRwczovL3JlcG8ubWF2ZW4uYXBhY2hlLm9yZy9tYXZlbjIvb3JnL3R1a2FhbmkveHovMS45L3h6LTEuOS5qYXIgKDExNiBrQiBhdCA2ODYga0IvcykK"",""timestamp"":""2026-08-22T15:29:47.053842017Z""}"
"[INFO] Downloading from central: https://repo.maven.apache.org/maven2/org/ow2/asm/asm/9.7/asm-9.7.jar
",2026-08-22T15:29:47.053894386Z,info,"{""serviceId"":""87697b40-66d1-4a58-89e6-1068a09cbf8c"",""deploymentId"":""d6c8c3b8-3bb6-45c0-bc76-a9729ab89f82"",""deploymentInstanceId"":null}","{""level"":""info"",""source"":""buildkit"",""type"":""log"",""vertex"":""sha256:5123184c115415746b9e45a79609be5df6469d0b755767bd2a7f4b208b8cff02"",""stream"":1,""data"":""W0lORk9dIERvd25sb2FkaW5nIGZyb20gY2VudHJhbDogaHR0cHM6Ly9yZXBvLm1hdmVuLmFwYWNoZS5vcmcvbWF2ZW4yL29yZy9vdzIvYXNtL2FzbS85LjcvYXNtLTkuNy5qYXIK"",""timestamp"":""2026-08-22T15:29:47.053894386Z""}"
"[INFO] Downloaded from central: https://repo.maven.apache.org/maven2/org/codehaus/plexus/plexus-io/3.5.1/plexus-io-3.5.1.jar (80 kB at 449 kB/s)
",2026-08-22T15:29:47.062719738Z,info,"{""serviceId"":""87697b40-66d1-4a58-89e6-1068a09cbf8c"",""deploymentId"":""d6c8c3b8-3bb6-45c0-bc76-a9729ab89f82"",""deploymentInstanceId"":null}","{""level"":""info"",""source"":""buildkit"",""type"":""log"",""vertex"":""sha256:5123184c115415746b9e45a79609be5df6469d0b755767bd2a7f4b208b8cff02"",""stream"":1,""data"":""W0lORk9dIERvd25sb2FkZWQgZnJvbSBjZW50cmFsOiBodHRwczovL3JlcG8ubWF2ZW4uYXBhY2hlLm9yZy9tYXZlbjIvb3JnL2NvZGVoYXVzL3BsZXh1cy9wbGV4dXMtaW8vMy41LjEvcGxleHVzLWlvLTMuNS4xLmphciAoODAga0IgYXQgNDQ5IGtCL3MpCg=="",""timestamp"":""2026-08-22T15:29:47.062719738Z""}"
"[INFO] Downloading from central: https://repo.maven.apache.org/maven2/org/apache/maven/shared/maven-dependency-tree/3.3.0/maven-dependency-tree-3.3.0.jar
",2026-08-22T15:29:47.062811705Z,info,"{""serviceId"":""87697b40-66d1-4a58-89e6-1068a09cbf8c"",""deploymentId"":""d6c8c3b8-3bb6-45c0-bc76-a9729ab89f82"",""deploymentInstanceId"":null}","{""level"":""info"",""source"":""buildkit"",""type"":""log"",""vertex"":""sha256:5123184c115415746b9e45a79609be5df6469d0b755767bd2a7f4b208b8cff02"",""stream"":1,""data"":""W0lORk9dIERvd25sb2FkaW5nIGZyb20gY2VudHJhbDogaHR0cHM6Ly9yZXBvLm1hdmVuLmFwYWNoZS5vcmcvbWF2ZW4yL29yZy9hcGFjaGUvbWF2ZW4vc2hhcmVkL21hdmVuLWRlcGVuZGVuY3ktdHJlZS8zLjMuMC9tYXZlbi1kZXBlbmRlbmN5LXRyZWUtMy4zLjAuamFyCg=="",""timestamp"":""2026-08-22T15:29:47.062811705Z""}"
"[INFO] Downloaded from central: https://repo.maven.apache.org/maven2/org/apache/maven/shared/maven-dependency-analyzer/1.15.0/maven-dependency-analyzer-1.15.0.jar (45 kB at 246 kB/s)
[INFO] Downloading from central: https://repo.maven.apache.org/maven2/org/apache/maven/shared/maven-common-artifact-filters/3.4.0/maven-common-artifact-filters-3.4.0.jar
",2026-08-22T15:29:47.067448793Z,info,"{""serviceId"":""87697b40-66d1-4a58-89e6-1068a09cbf8c"",""deploymentId"":""d6c8c3b8-3bb6-45c0-bc76-a9729ab89f82"",""deploymentInstanceId"":null}","{""level"":""info"",""source"":""buildkit"",""type"":""log"",""vertex"":""sha256:5123184c115415746b9e45a79609be5df6469d0b755767bd2a7f4b208b8cff02"",""stream"":1,""data"":""W0lORk9dIERvd25sb2FkZWQgZnJvbSBjZW50cmFsOiBodHRwczovL3JlcG8ubWF2ZW4uYXBhY2hlLm9yZy9tYXZlbjIvb3JnL2FwYWNoZS9tYXZlbi9zaGFyZWQvbWF2ZW4tZGVwZW5kZW5jeS1hbmFseXplci8xLjE1LjAvbWF2ZW4tZGVwZW5kZW5jeS1hbmFseXplci0xLjE1LjAuamFyICg0NSBrQiBhdCAyNDYga0IvcykKW0lORk9dIERvd25sb2FkaW5nIGZyb20gY2VudHJhbDogaHR0cHM6Ly9yZXBvLm1hdmVuLmFwYWNoZS5vcmcvbWF2ZW4yL29yZy9hcGFjaGUvbWF2ZW4vc2hhcmVkL21hdmVuLWNvbW1vbi1hcnRpZmFjdC1maWx0ZXJzLzMuNC4wL21hdmVuLWNvbW1vbi1hcnRpZmFjdC1maWx0ZXJzLTMuNC4wLmphcgo="",""timestamp"":""2026-08-22T15:29:47.067448793Z""}"
"[INFO] Downloaded from central: https://repo.maven.apache.org/maven2/org/codehaus/plexus/plexus-i18n/1.0-beta-10/plexus-i18n-1.0-beta-10.jar (12 kB at 65 kB/s)
",2026-08-22T15:29:47.067875022Z,info,"{""serviceId"":""87697b40-66d1-4a58-89e6-1068a09cbf8c"",""deploymentId"":""d6c8c3b8-3bb6-45c0-bc76-a9729ab89f82"",""deploymentInstanceId"":null}","{""level"":""info"",""source"":""buildkit"",""type"":""log"",""vertex"":""sha256:5123184c115415746b9e45a79609be5df6469d0b755767bd2a7f4b208b8cff02"",""stream"":1,""data"":""W0lORk9dIERvd25sb2FkZWQgZnJvbSBjZW50cmFsOiBodHRwczovL3JlcG8ubWF2ZW4uYXBhY2hlLm9yZy9tYXZlbjIvb3JnL2NvZGVoYXVzL3BsZXh1cy9wbGV4dXMtaTE4bi8xLjAtYmV0YS0xMC9wbGV4dXMtaTE4bi0xLjAtYmV0YS0xMC5qYXIgKDEyIGtCIGF0IDY1IGtCL3MpCg=="",""timestamp"":""2026-08-22T15:29:47.067875022Z""}"
"[INFO] Downloading from central: https://repo.maven.apache.org/maven2/org/apache/maven/shared/maven-artifact-transfer/0.13.1/maven-artifact-transfer-0.13.1.jar
",2026-08-22T15:29:47.067889955Z,info,"{""serviceId"":""87697b40-66d1-4a58-89e6-1068a09cbf8c"",""deploymentId"":""d6c8c3b8-3bb6-45c0-bc76-a9729ab89f82"",""deploymentInstanceId"":null}","{""level"":""info"",""source"":""buildkit"",""type"":""log"",""vertex"":""sha256:5123184c115415746b9e45a79609be5df6469d0b755767bd2a7f4b208b8cff02"",""stream"":1,""data"":""W0lORk9dIERvd25sb2FkaW5nIGZyb20gY2VudHJhbDogaHR0cHM6Ly9yZXBvLm1hdmVuLmFwYWNoZS5vcmcvbWF2ZW4yL29yZy9hcGFjaGUvbWF2ZW4vc2hhcmVkL21hdmVuLWFydGlmYWN0LXRyYW5zZmVyLzAuMTMuMS9tYXZlbi1hcnRpZmFjdC10cmFuc2Zlci0wLjEzLjEuamFyCg=="",""timestamp"":""2026-08-22T15:29:47.067889955Z""}"
"[INFO] Downloaded from central: https://repo.maven.apache.org/maven2/org/ow2/asm/asm/9.7/asm-9.7.jar (125 kB at 637 kB/s)
",2026-08-22T15:29:47.081684652Z,info,"{""serviceId"":""87697b40-66d1-4a58-89e6-1068a09cbf8c"",""deploymentId"":""d6c8c3b8-3bb6-45c0-bc76-a9729ab89f82"",""deploymentInstanceId"":null}","{""level"":""info"",""source"":""buildkit"",""type"":""log"",""vertex"":""sha256:5123184c115415746b9e45a79609be5df6469d0b755767bd2a7f4b208b8cff02"",""stream"":1,""data"":""W0lORk9dIERvd25sb2FkZWQgZnJvbSBjZW50cmFsOiBodHRwczovL3JlcG8ubWF2ZW4uYXBhY2hlLm9yZy9tYXZlbjIvb3JnL293Mi9hc20vYXNtLzkuNy9hc20tOS43LmphciAoMTI1IGtCIGF0IDYzNyBrQi9zKQo="",""timestamp"":""2026-08-22T15:29:47.081684652Z""}"
"[INFO] Downloading from central: https://repo.maven.apache.org/maven2/org/codehaus/plexus/plexus-component-annotations/2.0.0/plexus-component-annotations-2.0.0.jar
",2026-08-22T15:29:47.081700556Z,info,"{""serviceId"":""87697b40-66d1-4a58-89e6-1068a09cbf8c"",""deploymentId"":""d6c8c3b8-3bb6-45c0-bc76-a9729ab89f82"",""deploymentInstanceId"":null}","{""level"":""info"",""source"":""buildkit"",""type"":""log"",""vertex"":""sha256:5123184c115415746b9e45a79609be5df6469d0b755767bd2a7f4b208b8cff02"",""stream"":1,""data"":""W0lORk9dIERvd25sb2FkaW5nIGZyb20gY2VudHJhbDogaHR0cHM6Ly9yZXBvLm1hdmVuLmFwYWNoZS5vcmcvbWF2ZW4yL29yZy9jb2RlaGF1cy9wbGV4dXMvcGxleHVzLWNvbXBvbmVudC1hbm5vdGF0aW9ucy8yLjAuMC9wbGV4dXMtY29tcG9uZW50LWFubm90YXRpb25zLTIuMC4wLmphcgo="",""timestamp"":""2026-08-22T15:29:47.081700556Z""}"
"[INFO] Downloaded from central: https://repo.maven.apache.org/maven2/org/apache/maven/shared/maven-dependency-tree/3.3.0/maven-dependency-tree-3.3.0.jar (43 kB at 214 kB/s)
",2026-08-22T15:29:47.084252705Z,info,"{""serviceId"":""87697b40-66d1-4a58-89e6-1068a09cbf8c"",""deploymentId"":""d6c8c3b8-3bb6-45c0-bc76-a9729ab89f82"",""deploymentInstanceId"":null}","{""level"":""info"",""source"":""buildkit"",""type"":""log"",""vertex"":""sha256:5123184c115415746b9e45a79609be5df6469d0b755767bd2a7f4b208b8cff02"",""stream"":1,""data"":""W0lORk9dIERvd25sb2FkZWQgZnJvbSBjZW50cmFsOiBodHRwczovL3JlcG8ubWF2ZW4uYXBhY2hlLm9yZy9tYXZlbjIvb3JnL2FwYWNoZS9tYXZlbi9zaGFyZWQvbWF2ZW4tZGVwZW5kZW5jeS10cmVlLzMuMy4wL21hdmVuLWRlcGVuZGVuY3ktdHJlZS0zLjMuMC5qYXIgKDQzIGtCIGF0IDIxNCBrQi9zKQo="",""timestamp"":""2026-08-22T15:29:47.084252705Z""}"
"[INFO] Downloading from central: https://repo.maven.apache.org/maven2/org/apache/maven/shared/maven-shared-utils/3.4.2/maven-shared-utils-3.4.2.jar
",2026-08-22T15:29:47.084283842Z,info,"{""serviceId"":""87697b40-66d1-4a58-89e6-1068a09cbf8c"",""deploymentId"":""d6c8c3b8-3bb6-45c0-bc76-a9729ab89f82"",""deploymentInstanceId"":null}","{""level"":""info"",""source"":""buildkit"",""type"":""log"",""vertex"":""sha256:5123184c115415746b9e45a79609be5df6469d0b755767bd2a7f4b208b8cff02"",""stream"":1,""data"":""W0lORk9dIERvd25sb2FkaW5nIGZyb20gY2VudHJhbDogaHR0cHM6Ly9yZXBvLm1hdmVuLmFwYWNoZS5vcmcvbWF2ZW4yL29yZy9hcGFjaGUvbWF2ZW4vc2hhcmVkL21hdmVuLXNoYXJlZC11dGlscy8zLjQuMi9tYXZlbi1zaGFyZWQtdXRpbHMtMy40LjIuamFyCg=="",""timestamp"":""2026-08-22T15:29:47.084283842Z""}"
"[INFO] Downloaded from central: https://repo.maven.apache.org/maven2/org/apache/maven/shared/maven-artifact-transfer/0.13.1/maven-artifact-transfer-0.13.1.jar (159 kB at 785 kB/s)
",2026-08-22T15:29:47.087804765Z,info,"{""serviceId"":""87697b40-66d1-4a58-89e6-1068a09cbf8c"",""deploymentId"":""d6c8c3b8-3bb6-45c0-bc76-a9729ab89f82"",""deploymentInstanceId"":null}","{""level"":""info"",""source"":""buildkit"",""type"":""log"",""vertex"":""sha256:5123184c115415746b9e45a79609be5df6469d0b755767bd2a7f4b208b8cff02"",""stream"":1,""data"":""W0lORk9dIERvd25sb2FkZWQgZnJvbSBjZW50cmFsOiBodHRwczovL3JlcG8ubWF2ZW4uYXBhY2hlLm9yZy9tYXZlbjIvb3JnL2FwYWNoZS9tYXZlbi9zaGFyZWQvbWF2ZW4tYXJ0aWZhY3QtdHJhbnNmZXIvMC4xMy4xL21hdmVuLWFydGlmYWN0LXRyYW5zZmVyLTAuMTMuMS5qYXIgKDE1OSBrQiBhdCA3ODUga0IvcykK"",""timestamp"":""2026-08-22T15:29:47.087804765Z""}"
"[INFO] Downloading from central: https://repo.maven.apache.org/maven2/org/apache/maven/resolver/maven-resolver-util/1.4.1/maven-resolver-util-1.4.1.jar
",2026-08-22T15:29:47.087875391Z,info,"{""serviceId"":""87697b40-66d1-4a58-89e6-1068a09cbf8c"",""deploymentId"":""d6c8c3b8-3bb6-45c0-bc76-a9729ab89f82"",""deploymentInstanceId"":null}","{""level"":""info"",""source"":""buildkit"",""type"":""log"",""vertex"":""sha256:5123184c115415746b9e45a79609be5df6469d0b755767bd2a7f4b208b8cff02"",""stream"":1,""data"":""W0lORk9dIERvd25sb2FkaW5nIGZyb20gY2VudHJhbDogaHR0cHM6Ly9yZXBvLm1hdmVuLmFwYWNoZS5vcmcvbWF2ZW4yL29yZy9hcGFjaGUvbWF2ZW4vcmVzb2x2ZXIvbWF2ZW4tcmVzb2x2ZXItdXRpbC8xLjQuMS9tYXZlbi1yZXNvbHZlci11dGlsLTEuNC4xLmphcgo="",""timestamp"":""2026-08-22T15:29:47.087875391Z""}"
"[INFO] Downloaded from central: https://repo.maven.apache.org/maven2/com/github/luben/zstd-jni/1.5.6-3/zstd-jni-1.5.6-3.jar (6.7 MB at 32 MB/s)
",2026-08-22T15:29:47.094584868Z,info,"{""serviceId"":""87697b40-66d1-4a58-89e6-1068a09cbf8c"",""deploymentId"":""d6c8c3b8-3bb6-45c0-bc76-a9729ab89f82"",""deploymentInstanceId"":null}","{""level"":""info"",""source"":""buildkit"",""type"":""log"",""vertex"":""sha256:5123184c115415746b9e45a79609be5df6469d0b755767bd2a7f4b208b8cff02"",""stream"":1,""data"":""W0lORk9dIERvd25sb2FkZWQgZnJvbSBjZW50cmFsOiBodHRwczovL3JlcG8ubWF2ZW4uYXBhY2hlLm9yZy9tYXZlbjIvY29tL2dpdGh1Yi9sdWJlbi96c3RkLWpuaS8xLjUuNi0zL3pzdGQtam5pLTEuNS42LTMuamFyICg2LjcgTUIgYXQgMzIgTUIvcykK"",""timestamp"":""2026-08-22T15:29:47.094584868Z""}"
"[INFO] Downloading from central: https://repo.maven.apache.org/maven2/org/sonatype/plexus/plexus-build-api/0.0.7/plexus-build-api-0.0.7.jar
",2026-08-22T15:29:47.094602514Z,info,"{""serviceId"":""87697b40-66d1-4a58-89e6-1068a09cbf8c"",""deploymentId"":""d6c8c3b8-3bb6-45c0-bc76-a9729ab89f82"",""deploymentInstanceId"":null}","{""level"":""info"",""source"":""buildkit"",""type"":""log"",""vertex"":""sha256:5123184c115415746b9e45a79609be5df6469d0b755767bd2a7f4b208b8cff02"",""stream"":1,""data"":""W0lORk9dIERvd25sb2FkaW5nIGZyb20gY2VudHJhbDogaHR0cHM6Ly9yZXBvLm1hdmVuLmFwYWNoZS5vcmcvbWF2ZW4yL29yZy9zb25hdHlwZS9wbGV4dXMvcGxleHVzLWJ1aWxkLWFwaS8wLjAuNy9wbGV4dXMtYnVpbGQtYXBpLTAuMC43Lmphcgo="",""timestamp"":""2026-08-22T15:29:47.094602514Z""}"
"[INFO] Downloaded from central: https://repo.maven.apache.org/maven2/org/apache/maven/shared/maven-common-artifact-filters/3.4.0/maven-common-artifact-filters-3.4.0.jar (58 kB at 276 kB/s)
",2026-08-22T15:29:47.096513562Z,info,"{""serviceId"":""87697b40-66d1-4a58-89e6-1068a09cbf8c"",""deploymentId"":""d6c8c3b8-3bb6-45c0-bc76-a9729ab89f82"",""deploymentInstanceId"":null}","{""level"":""info"",""source"":""buildkit"",""type"":""log"",""vertex"":""sha256:5123184c115415746b9e45a79609be5df6469d0b755767bd2a7f4b208b8cff02"",""stream"":1,""data"":""W0lORk9dIERvd25sb2FkZWQgZnJvbSBjZW50cmFsOiBodHRwczovL3JlcG8ubWF2ZW4uYXBhY2hlLm9yZy9tYXZlbjIvb3JnL2FwYWNoZS9tYXZlbi9zaGFyZWQvbWF2ZW4tY29tbW9uLWFydGlmYWN0LWZpbHRlcnMvMy40LjAvbWF2ZW4tY29tbW9uLWFydGlmYWN0LWZpbHRlcnMtMy40LjAuamFyICg1OCBrQiBhdCAyNzYga0IvcykK"",""timestamp"":""2026-08-22T15:29:47.096513562Z""}"
"[INFO] Downloading from central: https://repo.maven.apache.org/maven2/org/slf4j/slf4j-api/1.7.36/slf4j-api-1.7.36.jar
",2026-08-22T15:29:47.096566922Z,info,"{""serviceId"":""87697b40-66d1-4a58-89e6-1068a09cbf8c"",""deploymentId"":""d6c8c3b8-3bb6-45c0-bc76-a9729ab89f82"",""deploymentInstanceId"":null}","{""level"":""info"",""source"":""buildkit"",""type"":""log"",""vertex"":""sha256:5123184c115415746b9e45a79609be5df6469d0b755767bd2a7f4b208b8cff02"",""stream"":1,""data"":""W0lORk9dIERvd25sb2FkaW5nIGZyb20gY2VudHJhbDogaHR0cHM6Ly9yZXBvLm1hdmVuLmFwYWNoZS5vcmcvbWF2ZW4yL29yZy9zbGY0ai9zbGY0ai1hcGkvMS43LjM2L3NsZjRqLWFwaS0xLjcuMzYuamFyCg=="",""timestamp"":""2026-08-22T15:29:47.096566922Z""}"
"[INFO] Downloaded from central: https://repo.maven.apache.org/maven2/org/apache/maven/shared/maven-shared-utils/3.4.2/maven-shared-utils-3.4.2.jar (151 kB at 690 kB/s)
",2026-08-22T15:29:47.103810359Z,info,"{""serviceId"":""87697b40-66d1-4a58-89e6-1068a09cbf8c"",""deploymentId"":""d6c8c3b8-3bb6-45c0-bc76-a9729ab89f82"",""deploymentInstanceId"":null}","{""level"":""info"",""source"":""buildkit"",""type"":""log"",""vertex"":""sha256:5123184c115415746b9e45a79609be5df6469d0b755767bd2a7f4b208b8cff02"",""stream"":1,""data"":""W0lORk9dIERvd25sb2FkZWQgZnJvbSBjZW50cmFsOiBodHRwczovL3JlcG8ubWF2ZW4uYXBhY2hlLm9yZy9tYXZlbjIvb3JnL2FwYWNoZS9tYXZlbi9zaGFyZWQvbWF2ZW4tc2hhcmVkLXV0aWxzLzMuNC4yL21hdmVuLXNoYXJlZC11dGlscy0zLjQuMi5qYXIgKDE1MSBrQiBhdCA2OTAga0IvcykK"",""timestamp"":""2026-08-22T15:29:47.103810359Z""}"
"[INFO] Downloaded from central: https://repo.maven.apache.org/maven2/org/apache/maven/resolver/maven-resolver-util/1.4.1/maven-resolver-util-1.4.1.jar (168 kB at 745 kB/s)
",2026-08-22T15:29:47.109933497Z,info,"{""serviceId"":""87697b40-66d1-4a58-89e6-1068a09cbf8c"",""deploymentId"":""d6c8c3b8-3bb6-45c0-bc76-a9729ab89f82"",""deploymentInstanceId"":null}","{""level"":""info"",""source"":""buildkit"",""type"":""log"",""vertex"":""sha256:5123184c115415746b9e45a79609be5df6469d0b755767bd2a7f4b208b8cff02"",""stream"":1,""data"":""W0lORk9dIERvd25sb2FkZWQgZnJvbSBjZW50cmFsOiBodHRwczovL3JlcG8ubWF2ZW4uYXBhY2hlLm9yZy9tYXZlbjIvb3JnL2FwYWNoZS9tYXZlbi9yZXNvbHZlci9tYXZlbi1yZXNvbHZlci11dGlsLzEuNC4xL21hdmVuLXJlc29sdmVyLXV0aWwtMS40LjEuamFyICgxNjgga0IgYXQgNzQ1IGtCL3MpCg=="",""timestamp"":""2026-08-22T15:29:47.109933497Z""}"
"[INFO] Downloaded from central: https://repo.maven.apache.org/maven2/org/codehaus/plexus/plexus-component-annotations/2.0.0/plexus-component-annotations-2.0.0.jar (4.2 kB at 19 kB/s)
",2026-08-22T15:29:47.111418915Z,info,"{""serviceId"":""87697b40-66d1-4a58-89e6-1068a09cbf8c"",""deploymentId"":""d6c8c3b8-3bb6-45c0-bc76-a9729ab89f82"",""deploymentInstanceId"":null}","{""level"":""info"",""source"":""buildkit"",""type"":""log"",""vertex"":""sha256:5123184c115415746b9e45a79609be5df6469d0b755767bd2a7f4b208b8cff02"",""stream"":1,""data"":""W0lORk9dIERvd25sb2FkZWQgZnJvbSBjZW50cmFsOiBodHRwczovL3JlcG8ubWF2ZW4uYXBhY2hlLm9yZy9tYXZlbjIvb3JnL2NvZGVoYXVzL3BsZXh1cy9wbGV4dXMtY29tcG9uZW50LWFubm90YXRpb25zLzIuMC4wL3BsZXh1cy1jb21wb25lbnQtYW5ub3RhdGlvbnMtMi4wLjAuamFyICg0LjIga0IgYXQgMTkga0IvcykK"",""timestamp"":""2026-08-22T15:29:47.111418915Z""}"
"[INFO] Downloaded from central: https://repo.maven.apache.org/maven2/org/sonatype/plexus/plexus-build-api/0.0.7/plexus-build-api-0.0.7.jar (8.5 kB at 37 kB/s)
",2026-08-22T15:29:47.115662542Z,info,"{""serviceId"":""87697b40-66d1-4a58-89e6-1068a09cbf8c"",""deploymentId"":""d6c8c3b8-3bb6-45c0-bc76-a9729ab89f82"",""deploymentInstanceId"":null}","{""level"":""info"",""source"":""buildkit"",""type"":""log"",""vertex"":""sha256:5123184c115415746b9e45a79609be5df6469d0b755767bd2a7f4b208b8cff02"",""stream"":1,""data"":""W0lORk9dIERvd25sb2FkZWQgZnJvbSBjZW50cmFsOiBodHRwczovL3JlcG8ubWF2ZW4uYXBhY2hlLm9yZy9tYXZlbjIvb3JnL3NvbmF0eXBlL3BsZXh1cy9wbGV4dXMtYnVpbGQtYXBpLzAuMC43L3BsZXh1cy1idWlsZC1hcGktMC4wLjcuamFyICg4LjUga0IgYXQgMzcga0IvcykK"",""timestamp"":""2026-08-22T15:29:47.115662542Z""}"
"[INFO] Downloaded from central: https://repo.maven.apache.org/maven2/org/slf4j/slf4j-api/1.7.36/slf4j-api-1.7.36.jar (41 kB at 174 kB/s)
",2026-08-22T15:29:47.120968624Z,info,"{""serviceId"":""87697b40-66d1-4a58-89e6-1068a09cbf8c"",""deploymentId"":""d6c8c3b8-3bb6-45c0-bc76-a9729ab89f82"",""deploymentInstanceId"":null}","{""level"":""info"",""source"":""buildkit"",""type"":""log"",""vertex"":""sha256:5123184c115415746b9e45a79609be5df6469d0b755767bd2a7f4b208b8cff02"",""stream"":1,""data"":""W0lORk9dIERvd25sb2FkZWQgZnJvbSBjZW50cmFsOiBodHRwczovL3JlcG8ubWF2ZW4uYXBhY2hlLm9yZy9tYXZlbjIvb3JnL3NsZjRqL3NsZjRqLWFwaS8xLjcuMzYvc2xmNGotYXBpLTEuNy4zNi5qYXIgKDQxIGtCIGF0IDE3NCBrQi9zKQo="",""timestamp"":""2026-08-22T15:29:47.120968624Z""}"
"[INFO] 
[INFO] --- resources:3.3.1:resources (default-resources) @ lab-management-system ---
",2026-08-22T15:29:47.490050862Z,info,"{""serviceId"":""87697b40-66d1-4a58-89e6-1068a09cbf8c"",""deploymentId"":""d6c8c3b8-3bb6-45c0-bc76-a9729ab89f82"",""deploymentInstanceId"":null}","{""level"":""info"",""source"":""buildkit"",""type"":""log"",""vertex"":""sha256:5123184c115415746b9e45a79609be5df6469d0b755767bd2a7f4b208b8cff02"",""stream"":1,""data"":""W0lORk9dIApbSU5GT10gLS0tIHJlc291cmNlczozLjMuMTpyZXNvdXJjZXMgKGRlZmF1bHQtcmVzb3VyY2VzKSBAIGxhYi1tYW5hZ2VtZW50LXN5c3RlbSAtLS0K"",""timestamp"":""2026-08-22T15:29:47.490050862Z""}"
"[INFO] Downloading from central: https://repo.maven.apache.org/maven2/org/codehaus/plexus/plexus-interpolation/1.26/plexus-interpolation-1.26.pom
",2026-08-22T15:29:47.49371514Z,info,"{""serviceId"":""87697b40-66d1-4a58-89e6-1068a09cbf8c"",""deploymentId"":""d6c8c3b8-3bb6-45c0-bc76-a9729ab89f82"",""deploymentInstanceId"":null}","{""level"":""info"",""source"":""buildkit"",""type"":""log"",""vertex"":""sha256:5123184c115415746b9e45a79609be5df6469d0b755767bd2a7f4b208b8cff02"",""stream"":1,""data"":""W0lORk9dIERvd25sb2FkaW5nIGZyb20gY2VudHJhbDogaHR0cHM6Ly9yZXBvLm1hdmVuLmFwYWNoZS5vcmcvbWF2ZW4yL29yZy9jb2RlaGF1cy9wbGV4dXMvcGxleHVzLWludGVycG9sYXRpb24vMS4yNi9wbGV4dXMtaW50ZXJwb2xhdGlvbi0xLjI2LnBvbQo="",""timestamp"":""2026-08-22T15:29:47.49371514Z""}"
"[INFO] Downloaded from central: https://repo.maven.apache.org/maven2/org/codehaus/plexus/plexus-interpolation/1.26/plexus-interpolation-1.26.pom (2.7 kB at 121 kB/s)
",2026-08-22T15:29:47.515478734Z,info,"{""serviceId"":""87697b40-66d1-4a58-89e6-1068a09cbf8c"",""deploymentId"":""d6c8c3b8-3bb6-45c0-bc76-a9729ab89f82"",""deploymentInstanceId"":null}","{""level"":""info"",""source"":""buildkit"",""type"":""log"",""vertex"":""sha256:5123184c115415746b9e45a79609be5df6469d0b755767bd2a7f4b208b8cff02"",""stream"":1,""data"":""W0lORk9dIERvd25sb2FkZWQgZnJvbSBjZW50cmFsOiBodHRwczovL3JlcG8ubWF2ZW4uYXBhY2hlLm9yZy9tYXZlbjIvb3JnL2NvZGVoYXVzL3BsZXh1cy9wbGV4dXMtaW50ZXJwb2xhdGlvbi8xLjI2L3BsZXh1cy1pbnRlcnBvbGF0aW9uLTEuMjYucG9tICgyLjcga0IgYXQgMTIxIGtCL3MpCg=="",""timestamp"":""2026-08-22T15:29:47.515478734Z""}"
"[INFO] Downloading from central: https://repo.maven.apache.org/maven2/org/codehaus/plexus/plexus-utils/3.5.1/plexus-utils-3.5.1.pom
",2026-08-22T15:29:47.517692796Z,info,"{""serviceId"":""87697b40-66d1-4a58-89e6-1068a09cbf8c"",""deploymentId"":""d6c8c3b8-3bb6-45c0-bc76-a9729ab89f82"",""deploymentInstanceId"":null}","{""level"":""info"",""source"":""buildkit"",""type"":""log"",""vertex"":""sha256:5123184c115415746b9e45a79609be5df6469d0b755767bd2a7f4b208b8cff02"",""stream"":1,""data"":""W0lORk9dIERvd25sb2FkaW5nIGZyb20gY2VudHJhbDogaHR0cHM6Ly9yZXBvLm1hdmVuLmFwYWNoZS5vcmcvbWF2ZW4yL29yZy9jb2RlaGF1cy9wbGV4dXMvcGxleHVzLXV0aWxzLzMuNS4xL3BsZXh1cy11dGlscy0zLjUuMS5wb20K"",""timestamp"":""2026-08-22T15:29:47.517692796Z""}"
"[INFO] Downloaded from central: https://repo.maven.apache.org/maven2/org/codehaus/plexus/plexus-utils/3.5.1/plexus-utils-3.5.1.pom (8.8 kB at 399 kB/s)
",2026-08-22T15:29:47.540092785Z,info,"{""serviceId"":""87697b40-66d1-4a58-89e6-1068a09cbf8c"",""deploymentId"":""d6c8c3b8-3bb6-45c0-bc76-a9729ab89f82"",""deploymentInstanceId"":null}","{""level"":""info"",""source"":""buildkit"",""type"":""log"",""vertex"":""sha256:5123184c115415746b9e45a79609be5df6469d0b755767bd2a7f4b208b8cff02"",""stream"":1,""data"":""W0lORk9dIERvd25sb2FkZWQgZnJvbSBjZW50cmFsOiBodHRwczovL3JlcG8ubWF2ZW4uYXBhY2hlLm9yZy9tYXZlbjIvb3JnL2NvZGVoYXVzL3BsZXh1cy9wbGV4dXMtdXRpbHMvMy41LjEvcGxleHVzLXV0aWxzLTMuNS4xLnBvbSAoOC44IGtCIGF0IDM5OSBrQi9zKQo="",""timestamp"":""2026-08-22T15:29:47.540092785Z""}"
"[INFO] Downloading from central: https://repo.maven.apache.org/maven2/org/codehaus/plexus/plexus/10/plexus-10.pom
",2026-08-22T15:29:47.541751954Z,info,"{""serviceId"":""87697b40-66d1-4a58-89e6-1068a09cbf8c"",""deploymentId"":""d6c8c3b8-3bb6-45c0-bc76-a9729ab89f82"",""deploymentInstanceId"":null}","{""level"":""info"",""source"":""buildkit"",""type"":""log"",""vertex"":""sha256:5123184c115415746b9e45a79609be5df6469d0b755767bd2a7f4b208b8cff02"",""stream"":1,""data"":""W0lORk9dIERvd25sb2FkaW5nIGZyb20gY2VudHJhbDogaHR0cHM6Ly9yZXBvLm1hdmVuLmFwYWNoZS5vcmcvbWF2ZW4yL29yZy9jb2RlaGF1cy9wbGV4dXMvcGxleHVzLzEwL3BsZXh1cy0xMC5wb20K"",""timestamp"":""2026-08-22T15:29:47.541751954Z""}"
"[INFO] Downloaded from central: https://repo.maven.apache.org/maven2/org/codehaus/plexus/plexus/10/plexus-10.pom (25 kB at 1.1 MB/s)
",2026-08-22T15:29:47.565814347Z,info,"{""serviceId"":""87697b40-66d1-4a58-89e6-1068a09cbf8c"",""deploymentId"":""d6c8c3b8-3bb6-45c0-bc76-a9729ab89f82"",""deploymentInstanceId"":null}","{""level"":""info"",""source"":""buildkit"",""type"":""log"",""vertex"":""sha256:5123184c115415746b9e45a79609be5df6469d0b755767bd2a7f4b208b8cff02"",""stream"":1,""data"":""W0lORk9dIERvd25sb2FkZWQgZnJvbSBjZW50cmFsOiBodHRwczovL3JlcG8ubWF2ZW4uYXBhY2hlLm9yZy9tYXZlbjIvb3JnL2NvZGVoYXVzL3BsZXh1cy9wbGV4dXMvMTAvcGxleHVzLTEwLnBvbSAoMjUga0IgYXQgMS4xIE1CL3MpCg=="",""timestamp"":""2026-08-22T15:29:47.565814347Z""}"
"[INFO] Downloading from central: https://repo.maven.apache.org/maven2/org/apache/maven/shared/maven-filtering/3.3.1/maven-filtering-3.3.1.pom
",2026-08-22T15:29:47.569707418Z,info,"{""serviceId"":""87697b40-66d1-4a58-89e6-1068a09cbf8c"",""deploymentId"":""d6c8c3b8-3bb6-45c0-bc76-a9729ab89f82"",""deploymentInstanceId"":null}","{""level"":""info"",""source"":""buildkit"",""type"":""log"",""vertex"":""sha256:5123184c115415746b9e45a79609be5df6469d0b755767bd2a7f4b208b8cff02"",""stream"":1,""data"":""W0lORk9dIERvd25sb2FkaW5nIGZyb20gY2VudHJhbDogaHR0cHM6Ly9yZXBvLm1hdmVuLmFwYWNoZS5vcmcvbWF2ZW4yL29yZy9hcGFjaGUvbWF2ZW4vc2hhcmVkL21hdmVuLWZpbHRlcmluZy8zLjMuMS9tYXZlbi1maWx0ZXJpbmctMy4zLjEucG9tCg=="",""timestamp"":""2026-08-22T15:29:47.569707418Z""}"
"[INFO] Downloaded from central: https://repo.maven.apache.org/maven2/org/apache/maven/shared/maven-filtering/3.3.1/maven-filtering-3.3.1.pom (6.0 kB at 252 kB/s)
",2026-08-22T15:29:47.593328629Z,info,"{""serviceId"":""87697b40-66d1-4a58-89e6-1068a09cbf8c"",""deploymentId"":""d6c8c3b8-3bb6-45c0-bc76-a9729ab89f82"",""deploymentInstanceId"":null}","{""level"":""info"",""source"":""buildkit"",""type"":""log"",""vertex"":""sha256:5123184c115415746b9e45a79609be5df6469d0b755767bd2a7f4b208b8cff02"",""stream"":1,""data"":""W0lORk9dIERvd25sb2FkZWQgZnJvbSBjZW50cmFsOiBodHRwczovL3JlcG8ubWF2ZW4uYXBhY2hlLm9yZy9tYXZlbjIvb3JnL2FwYWNoZS9tYXZlbi9zaGFyZWQvbWF2ZW4tZmlsdGVyaW5nLzMuMy4xL21hdmVuLWZpbHRlcmluZy0zLjMuMS5wb20gKDYuMCBrQiBhdCAyNTIga0IvcykK"",""timestamp"":""2026-08-22T15:29:47.593328629Z""}"
"[INFO] Downloading from central: https://repo.maven.apache.org/maven2/org/codehaus/plexus/plexus-utils/3.5.0/plexus-utils-3.5.0.pom
",2026-08-22T15:29:47.597338265Z,info,"{""serviceId"":""87697b40-66d1-4a58-89e6-1068a09cbf8c"",""deploymentId"":""d6c8c3b8-3bb6-45c0-bc76-a9729ab89f82"",""deploymentInstanceId"":null}","{""level"":""info"",""source"":""buildkit"",""type"":""log"",""vertex"":""sha256:5123184c115415746b9e45a79609be5df6469d0b755767bd2a7f4b208b8cff02"",""stream"":1,""data"":""W0lORk9dIERvd25sb2FkaW5nIGZyb20gY2VudHJhbDogaHR0cHM6Ly9yZXBvLm1hdmVuLmFwYWNoZS5vcmcvbWF2ZW4yL29yZy9jb2RlaGF1cy9wbGV4dXMvcGxleHVzLXV0aWxzLzMuNS4wL3BsZXh1cy11dGlscy0zLjUuMC5wb20K"",""timestamp"":""2026-08-22T15:29:47.597338265Z""}"
"[INFO] Downloaded from central: https://repo.maven.apache.org/maven2/org/codehaus/plexus/plexus-utils/3.5.0/plexus-utils-3.5.0.pom (8.0 kB at 382 kB/s)
",2026-08-22T15:29:47.618993787Z,info,"{""serviceId"":""87697b40-66d1-4a58-89e6-1068a09cbf8c"",""deploymentId"":""d6c8c3b8-3bb6-45c0-bc76-a9729ab89f82"",""deploymentInstanceId"":null}","{""level"":""info"",""source"":""buildkit"",""type"":""log"",""vertex"":""sha256:5123184c115415746b9e45a79609be5df6469d0b755767bd2a7f4b208b8cff02"",""stream"":1,""data"":""W0lORk9dIERvd25sb2FkZWQgZnJvbSBjZW50cmFsOiBodHRwczovL3JlcG8ubWF2ZW4uYXBhY2hlLm9yZy9tYXZlbjIvb3JnL2NvZGVoYXVzL3BsZXh1cy9wbGV4dXMtdXRpbHMvMy41LjAvcGxleHVzLXV0aWxzLTMuNS4wLnBvbSAoOC4wIGtCIGF0IDM4MiBrQi9zKQo="",""timestamp"":""2026-08-22T15:29:47.618993787Z""}"
"[INFO] Downloading from central: https://repo.maven.apache.org/maven2/org/apache/commons/commons-lang3/3.12.0/commons-lang3-3.12.0.pom
",2026-08-22T15:29:47.622909633Z,info,"{""serviceId"":""87697b40-66d1-4a58-89e6-1068a09cbf8c"",""deploymentId"":""d6c8c3b8-3bb6-45c0-bc76-a9729ab89f82"",""deploymentInstanceId"":null}","{""level"":""info"",""source"":""buildkit"",""type"":""log"",""vertex"":""sha256:5123184c115415746b9e45a79609be5df6469d0b755767bd2a7f4b208b8cff02"",""stream"":1,""data"":""W0lORk9dIERvd25sb2FkaW5nIGZyb20gY2VudHJhbDogaHR0cHM6Ly9yZXBvLm1hdmVuLmFwYWNoZS5vcmcvbWF2ZW4yL29yZy9hcGFjaGUvY29tbW9ucy9jb21tb25zLWxhbmczLzMuMTIuMC9jb21tb25zLWxhbmczLTMuMTIuMC5wb20K"",""timestamp"":""2026-08-22T15:29:47.622909633Z""}"
"[INFO] Downloaded from central: https://repo.maven.apache.org/maven2/org/apache/commons/commons-lang3/3.12.0/commons-lang3-3.12.0.pom (31 kB at 1.1 MB/s)
",2026-08-22T15:29:47.64936755Z,info,"{""serviceId"":""87697b40-66d1-4a58-89e6-1068a09cbf8c"",""deploymentId"":""d6c8c3b8-3bb6-45c0-bc76-a9729ab89f82"",""deploymentInstanceId"":null}","{""level"":""info"",""source"":""buildkit"",""type"":""log"",""vertex"":""sha256:5123184c115415746b9e45a79609be5df6469d0b755767bd2a7f4b208b8cff02"",""stream"":1,""data"":""W0lORk9dIERvd25sb2FkZWQgZnJvbSBjZW50cmFsOiBodHRwczovL3JlcG8ubWF2ZW4uYXBhY2hlLm9yZy9tYXZlbjIvb3JnL2FwYWNoZS9jb21tb25zL2NvbW1vbnMtbGFuZzMvMy4xMi4wL2NvbW1vbnMtbGFuZzMtMy4xMi4wLnBvbSAoMzEga0IgYXQgMS4xIE1CL3MpCg=="",""timestamp"":""2026-08-22T15:29:47.64936755Z""}"
"[INFO] Downloading from central: https://repo.maven.apache.org/maven2/org/junit/junit-bom/5.7.1/junit-bom-5.7.1.pom
",2026-08-22T15:29:47.655061273Z,info,"{""serviceId"":""87697b40-66d1-4a58-89e6-1068a09cbf8c"",""deploymentId"":""d6c8c3b8-3bb6-45c0-bc76-a9729ab89f82"",""deploymentInstanceId"":null}","{""level"":""info"",""source"":""buildkit"",""type"":""log"",""vertex"":""sha256:5123184c115415746b9e45a79609be5df6469d0b755767bd2a7f4b208b8cff02"",""stream"":1,""data"":""W0lORk9dIERvd25sb2FkaW5nIGZyb20gY2VudHJhbDogaHR0cHM6Ly9yZXBvLm1hdmVuLmFwYWNoZS5vcmcvbWF2ZW4yL29yZy9qdW5pdC9qdW5pdC1ib20vNS43LjEvanVuaXQtYm9tLTUuNy4xLnBvbQo="",""timestamp"":""2026-08-22T15:29:47.655061273Z""}"
"[INFO] Downloaded from central: https://repo.maven.apache.org/maven2/org/junit/junit-bom/5.7.1/junit-bom-5.7.1.pom (5.1 kB at 204 kB/s)
",2026-08-22T15:29:47.679652539Z,info,"{""serviceId"":""87697b40-66d1-4a58-89e6-1068a09cbf8c"",""deploymentId"":""d6c8c3b8-3bb6-45c0-bc76-a9729ab89f82"",""deploymentInstanceId"":null}","{""level"":""info"",""source"":""buildkit"",""type"":""log"",""vertex"":""sha256:5123184c115415746b9e45a79609be5df6469d0b755767bd2a7f4b208b8cff02"",""stream"":1,""data"":""W0lORk9dIERvd25sb2FkZWQgZnJvbSBjZW50cmFsOiBodHRwczovL3JlcG8ubWF2ZW4uYXBhY2hlLm9yZy9tYXZlbjIvb3JnL2p1bml0L2p1bml0LWJvbS81LjcuMS9qdW5pdC1ib20tNS43LjEucG9tICg1LjEga0IgYXQgMjA0IGtCL3MpCg=="",""timestamp"":""2026-08-22T15:29:47.679652539Z""}"
"[INFO] Downloading from central: https://repo.maven.apache.org/maven2/org/codehaus/plexus/plexus-interpolation/1.26/plexus-interpolation-1.26.jar
",2026-08-22T15:29:47.684170799Z,info,"{""serviceId"":""87697b40-66d1-4a58-89e6-1068a09cbf8c"",""deploymentId"":""d6c8c3b8-3bb6-45c0-bc76-a9729ab89f82"",""deploymentInstanceId"":null}","{""level"":""info"",""source"":""buildkit"",""type"":""log"",""vertex"":""sha256:5123184c115415746b9e45a79609be5df6469d0b755767bd2a7f4b208b8cff02"",""stream"":1,""data"":""W0lORk9dIERvd25sb2FkaW5nIGZyb20gY2VudHJhbDogaHR0cHM6Ly9yZXBvLm1hdmVuLmFwYWNoZS5vcmcvbWF2ZW4yL29yZy9jb2RlaGF1cy9wbGV4dXMvcGxleHVzLWludGVycG9sYXRpb24vMS4yNi9wbGV4dXMtaW50ZXJwb2xhdGlvbi0xLjI2Lmphcgo="",""timestamp"":""2026-08-22T15:29:47.684170799Z""}"
"[INFO] Downloaded from central: https://repo.maven.apache.org/maven2/org/codehaus/plexus/plexus-interpolation/1.26/plexus-interpolation-1.26.jar (85 kB at 3.7 MB/s)
",2026-08-22T15:29:47.706598629Z,info,"{""serviceId"":""87697b40-66d1-4a58-89e6-1068a09cbf8c"",""deploymentId"":""d6c8c3b8-3bb6-45c0-bc76-a9729ab89f82"",""deploymentInstanceId"":null}","{""level"":""info"",""source"":""buildkit"",""type"":""log"",""vertex"":""sha256:5123184c115415746b9e45a79609be5df6469d0b755767bd2a7f4b208b8cff02"",""stream"":1,""data"":""W0lORk9dIERvd25sb2FkZWQgZnJvbSBjZW50cmFsOiBodHRwczovL3JlcG8ubWF2ZW4uYXBhY2hlLm9yZy9tYXZlbjIvb3JnL2NvZGVoYXVzL3BsZXh1cy9wbGV4dXMtaW50ZXJwb2xhdGlvbi8xLjI2L3BsZXh1cy1pbnRlcnBvbGF0aW9uLTEuMjYuamFyICg4NSBrQiBhdCAzLjcgTUIvcykK"",""timestamp"":""2026-08-22T15:29:47.706598629Z""}"
"[INFO] Downloading from central: https://repo.maven.apache.org/maven2/org/codehaus/plexus/plexus-utils/3.5.1/plexus-utils-3.5.1.jar
",2026-08-22T15:29:47.70762556Z,info,"{""serviceId"":""87697b40-66d1-4a58-89e6-1068a09cbf8c"",""deploymentId"":""d6c8c3b8-3bb6-45c0-bc76-a9729ab89f82"",""deploymentInstanceId"":null}","{""level"":""info"",""source"":""buildkit"",""type"":""log"",""vertex"":""sha256:5123184c115415746b9e45a79609be5df6469d0b755767bd2a7f4b208b8cff02"",""stream"":1,""data"":""W0lORk9dIERvd25sb2FkaW5nIGZyb20gY2VudHJhbDogaHR0cHM6Ly9yZXBvLm1hdmVuLmFwYWNoZS5vcmcvbWF2ZW4yL29yZy9jb2RlaGF1cy9wbGV4dXMvcGxleHVzLXV0aWxzLzMuNS4xL3BsZXh1cy11dGlscy0zLjUuMS5qYXIK"",""timestamp"":""2026-08-22T15:29:47.70762556Z""}"
"[INFO] Downloading from central: https://repo.maven.apache.org/maven2/org/apache/maven/shared/maven-filtering/3.3.1/maven-filtering-3.3.1.jar
",2026-08-22T15:29:47.707657107Z,info,"{""serviceId"":""87697b40-66d1-4a58-89e6-1068a09cbf8c"",""deploymentId"":""d6c8c3b8-3bb6-45c0-bc76-a9729ab89f82"",""deploymentInstanceId"":null}","{""level"":""info"",""source"":""buildkit"",""type"":""log"",""vertex"":""sha256:5123184c115415746b9e45a79609be5df6469d0b755767bd2a7f4b208b8cff02"",""stream"":1,""data"":""W0lORk9dIERvd25sb2FkaW5nIGZyb20gY2VudHJhbDogaHR0cHM6Ly9yZXBvLm1hdmVuLmFwYWNoZS5vcmcvbWF2ZW4yL29yZy9hcGFjaGUvbWF2ZW4vc2hhcmVkL21hdmVuLWZpbHRlcmluZy8zLjMuMS9tYXZlbi1maWx0ZXJpbmctMy4zLjEuamFyCg=="",""timestamp"":""2026-08-22T15:29:47.707657107Z""}"
"[INFO] Downloading from central: https://repo.maven.apache.org/maven2/commons-io/commons-io/2.11.0/commons-io-2.11.0.jar
",2026-08-22T15:29:47.707858089Z,info,"{""serviceId"":""87697b40-66d1-4a58-89e6-1068a09cbf8c"",""deploymentId"":""d6c8c3b8-3bb6-45c0-bc76-a9729ab89f82"",""deploymentInstanceId"":null}","{""level"":""info"",""source"":""buildkit"",""type"":""log"",""vertex"":""sha256:5123184c115415746b9e45a79609be5df6469d0b755767bd2a7f4b208b8cff02"",""stream"":1,""data"":""W0lORk9dIERvd25sb2FkaW5nIGZyb20gY2VudHJhbDogaHR0cHM6Ly9yZXBvLm1hdmVuLmFwYWNoZS5vcmcvbWF2ZW4yL2NvbW1vbnMtaW8vY29tbW9ucy1pby8yLjExLjAvY29tbW9ucy1pby0yLjExLjAuamFyCg=="",""timestamp"":""2026-08-22T15:29:47.707858089Z""}"
"[INFO] Downloading from central: https://repo.maven.apache.org/maven2/org/apache/commons/commons-lang3/3.12.0/commons-lang3-3.12.0.jar
",2026-08-22T15:29:47.707961394Z,info,"{""serviceId"":""87697b40-66d1-4a58-89e6-1068a09cbf8c"",""deploymentId"":""d6c8c3b8-3bb6-45c0-bc76-a9729ab89f82"",""deploymentInstanceId"":null}","{""level"":""info"",""source"":""buildkit"",""type"":""log"",""vertex"":""sha256:5123184c115415746b9e45a79609be5df6469d0b755767bd2a7f4b208b8cff02"",""stream"":1,""data"":""W0lORk9dIERvd25sb2FkaW5nIGZyb20gY2VudHJhbDogaHR0cHM6Ly9yZXBvLm1hdmVuLmFwYWNoZS5vcmcvbWF2ZW4yL29yZy9hcGFjaGUvY29tbW9ucy9jb21tb25zLWxhbmczLzMuMTIuMC9jb21tb25zLWxhbmczLTMuMTIuMC5qYXIK"",""timestamp"":""2026-08-22T15:29:47.707961394Z""}"
"[INFO] Downloaded from central: https://repo.maven.apache.org/maven2/org/apache/maven/shared/maven-filtering/3.3.1/maven-filtering-3.3.1.jar (55 kB at 2.5 MB/s)
",2026-08-22T15:29:47.729743185Z,info,"{""serviceId"":""87697b40-66d1-4a58-89e6-1068a09cbf8c"",""deploymentId"":""d6c8c3b8-3bb6-45c0-bc76-a9729ab89f82"",""deploymentInstanceId"":null}","{""level"":""info"",""source"":""buildkit"",""type"":""log"",""vertex"":""sha256:5123184c115415746b9e45a79609be5df6469d0b755767bd2a7f4b208b8cff02"",""stream"":1,""data"":""W0lORk9dIERvd25sb2FkZWQgZnJvbSBjZW50cmFsOiBodHRwczovL3JlcG8ubWF2ZW4uYXBhY2hlLm9yZy9tYXZlbjIvb3JnL2FwYWNoZS9tYXZlbi9zaGFyZWQvbWF2ZW4tZmlsdGVyaW5nLzMuMy4xL21hdmVuLWZpbHRlcmluZy0zLjMuMS5qYXIgKDU1IGtCIGF0IDIuNSBNQi9zKQo="",""timestamp"":""2026-08-22T15:29:47.729743185Z""}"
"[INFO] Downloaded from central: https://repo.maven.apache.org/maven2/org/codehaus/plexus/plexus-utils/3.5.1/plexus-utils-3.5.1.jar (269 kB at 10.0 MB/s)
",2026-08-22T15:29:47.733612761Z,info,"{""serviceId"":""87697b40-66d1-4a58-89e6-1068a09cbf8c"",""deploymentId"":""d6c8c3b8-3bb6-45c0-bc76-a9729ab89f82"",""deploymentInstanceId"":null}","{""level"":""info"",""source"":""buildkit"",""type"":""log"",""vertex"":""sha256:5123184c115415746b9e45a79609be5df6469d0b755767bd2a7f4b208b8cff02"",""stream"":1,""data"":""W0lORk9dIERvd25sb2FkZWQgZnJvbSBjZW50cmFsOiBodHRwczovL3JlcG8ubWF2ZW4uYXBhY2hlLm9yZy9tYXZlbjIvb3JnL2NvZGVoYXVzL3BsZXh1cy9wbGV4dXMtdXRpbHMvMy41LjEvcGxleHVzLXV0aWxzLTMuNS4xLmphciAoMjY5IGtCIGF0IDEwLjAgTUIvcykK"",""timestamp"":""2026-08-22T15:29:47.733612761Z""}"
"[INFO] Downloaded from central: https://repo.maven.apache.org/maven2/commons-io/commons-io/2.11.0/commons-io-2.11.0.jar (327 kB at 12 MB/s)
",2026-08-22T15:29:47.735886392Z,info,"{""serviceId"":""87697b40-66d1-4a58-89e6-1068a09cbf8c"",""deploymentId"":""d6c8c3b8-3bb6-45c0-bc76-a9729ab89f82"",""deploymentInstanceId"":null}","{""level"":""info"",""source"":""buildkit"",""type"":""log"",""vertex"":""sha256:5123184c115415746b9e45a79609be5df6469d0b755767bd2a7f4b208b8cff02"",""stream"":1,""data"":""W0lORk9dIERvd25sb2FkZWQgZnJvbSBjZW50cmFsOiBodHRwczovL3JlcG8ubWF2ZW4uYXBhY2hlLm9yZy9tYXZlbjIvY29tbW9ucy1pby9jb21tb25zLWlvLzIuMTEuMC9jb21tb25zLWlvLTIuMTEuMC5qYXIgKDMyNyBrQiBhdCAxMiBNQi9zKQo="",""timestamp"":""2026-08-22T15:29:47.735886392Z""}"
"[INFO] Downloaded from central: https://repo.maven.apache.org/maven2/org/apache/commons/commons-lang3/3.12.0/commons-lang3-3.12.0.jar (587 kB at 20 MB/s)
",2026-08-22T15:29:47.73689127Z,info,"{""serviceId"":""87697b40-66d1-4a58-89e6-1068a09cbf8c"",""deploymentId"":""d6c8c3b8-3bb6-45c0-bc76-a9729ab89f82"",""deploymentInstanceId"":null}","{""level"":""info"",""source"":""buildkit"",""type"":""log"",""vertex"":""sha256:5123184c115415746b9e45a79609be5df6469d0b755767bd2a7f4b208b8cff02"",""stream"":1,""data"":""W0lORk9dIERvd25sb2FkZWQgZnJvbSBjZW50cmFsOiBodHRwczovL3JlcG8ubWF2ZW4uYXBhY2hlLm9yZy9tYXZlbjIvb3JnL2FwYWNoZS9jb21tb25zL2NvbW1vbnMtbGFuZzMvMy4xMi4wL2NvbW1vbnMtbGFuZzMtMy4xMi4wLmphciAoNTg3IGtCIGF0IDIwIE1CL3MpCg=="",""timestamp"":""2026-08-22T15:29:47.73689127Z""}"
"[INFO] Copying 1 resource from src/main/resources to target/classes
",2026-08-22T15:29:47.794383951Z,info,"{""serviceId"":""87697b40-66d1-4a58-89e6-1068a09cbf8c"",""deploymentId"":""d6c8c3b8-3bb6-45c0-bc76-a9729ab89f82"",""deploymentInstanceId"":null}","{""level"":""info"",""source"":""buildkit"",""type"":""log"",""vertex"":""sha256:5123184c115415746b9e45a79609be5df6469d0b755767bd2a7f4b208b8cff02"",""stream"":1,""data"":""W0lORk9dIENvcHlpbmcgMSByZXNvdXJjZSBmcm9tIHNyYy9tYWluL3Jlc291cmNlcyB0byB0YXJnZXQvY2xhc3Nlcwo="",""timestamp"":""2026-08-22T15:29:47.794383951Z""}"
"[INFO] Copying 43 resources from src/main/resources to target/classes
",2026-08-22T15:29:47.808982295Z,info,"{""serviceId"":""87697b40-66d1-4a58-89e6-1068a09cbf8c"",""deploymentId"":""d6c8c3b8-3bb6-45c0-bc76-a9729ab89f82"",""deploymentInstanceId"":null}","{""level"":""info"",""source"":""buildkit"",""type"":""log"",""vertex"":""sha256:5123184c115415746b9e45a79609be5df6469d0b755767bd2a7f4b208b8cff02"",""stream"":1,""data"":""W0lORk9dIENvcHlpbmcgNDMgcmVzb3VyY2VzIGZyb20gc3JjL21haW4vcmVzb3VyY2VzIHRvIHRhcmdldC9jbGFzc2VzCg=="",""timestamp"":""2026-08-22T15:29:47.808982295Z""}"
"[INFO] 
[INFO] --- compiler:3.14.1:compile (default-compile) @ lab-management-system ---
",2026-08-22T15:29:47.813003769Z,info,"{""serviceId"":""87697b40-66d1-4a58-89e6-1068a09cbf8c"",""deploymentId"":""d6c8c3b8-3bb6-45c0-bc76-a9729ab89f82"",""deploymentInstanceId"":null}","{""level"":""info"",""source"":""buildkit"",""type"":""log"",""vertex"":""sha256:5123184c115415746b9e45a79609be5df6469d0b755767bd2a7f4b208b8cff02"",""stream"":1,""data"":""W0lORk9dIApbSU5GT10gLS0tIGNvbXBpbGVyOjMuMTQuMTpjb21waWxlIChkZWZhdWx0LWNvbXBpbGUpIEAgbGFiLW1hbmFnZW1lbnQtc3lzdGVtIC0tLQo="",""timestamp"":""2026-08-22T15:29:47.813003769Z""}"
"[INFO] Downloading from central: https://repo.maven.apache.org/maven2/org/ow2/asm/asm/9.8/asm-9.8.pom
",2026-08-22T15:29:47.816452102Z,info,"{""serviceId"":""87697b40-66d1-4a58-89e6-1068a09cbf8c"",""deploymentId"":""d6c8c3b8-3bb6-45c0-bc76-a9729ab89f82"",""deploymentInstanceId"":null}","{""level"":""info"",""source"":""buildkit"",""type"":""log"",""vertex"":""sha256:5123184c115415746b9e45a79609be5df6469d0b755767bd2a7f4b208b8cff02"",""stream"":1,""data"":""W0lORk9dIERvd25sb2FkaW5nIGZyb20gY2VudHJhbDogaHR0cHM6Ly9yZXBvLm1hdmVuLmFwYWNoZS5vcmcvbWF2ZW4yL29yZy9vdzIvYXNtL2FzbS85LjgvYXNtLTkuOC5wb20K"",""timestamp"":""2026-08-22T15:29:47.816452102Z""}"
"[INFO] Downloaded from central: https://repo.maven.apache.org/maven2/org/ow2/asm/asm/9.8/asm-9.8.pom (2.4 kB at 99 kB/s)
",2026-08-22T15:29:47.840349809Z,info,"{""serviceId"":""87697b40-66d1-4a58-89e6-1068a09cbf8c"",""deploymentId"":""d6c8c3b8-3bb6-45c0-bc76-a9729ab89f82"",""deploymentInstanceId"":null}","{""level"":""info"",""source"":""buildkit"",""type"":""log"",""vertex"":""sha256:5123184c115415746b9e45a79609be5df6469d0b755767bd2a7f4b208b8cff02"",""stream"":1,""data"":""W0lORk9dIERvd25sb2FkZWQgZnJvbSBjZW50cmFsOiBodHRwczovL3JlcG8ubWF2ZW4uYXBhY2hlLm9yZy9tYXZlbjIvb3JnL293Mi9hc20vYXNtLzkuOC9hc20tOS44LnBvbSAoMi40IGtCIGF0IDk5IGtCL3MpCg=="",""timestamp"":""2026-08-22T15:29:47.840349809Z""}"
"[INFO] Downloading from central: https://repo.maven.apache.org/maven2/org/apache/maven/shared/maven-shared-incremental/1.1/maven-shared-incremental-1.1.pom
",2026-08-22T15:29:47.842743099Z,info,"{""serviceId"":""87697b40-66d1-4a58-89e6-1068a09cbf8c"",""deploymentId"":""d6c8c3b8-3bb6-45c0-bc76-a9729ab89f82"",""deploymentInstanceId"":null}","{""level"":""info"",""source"":""buildkit"",""type"":""log"",""vertex"":""sha256:5123184c115415746b9e45a79609be5df6469d0b755767bd2a7f4b208b8cff02"",""stream"":1,""data"":""W0lORk9dIERvd25sb2FkaW5nIGZyb20gY2VudHJhbDogaHR0cHM6Ly9yZXBvLm1hdmVuLmFwYWNoZS5vcmcvbWF2ZW4yL29yZy9hcGFjaGUvbWF2ZW4vc2hhcmVkL21hdmVuLXNoYXJlZC1pbmNyZW1lbnRhbC8xLjEvbWF2ZW4tc2hhcmVkLWluY3JlbWVudGFsLTEuMS5wb20K"",""timestamp"":""2026-08-22T15:29:47.842743099Z""}"
"[INFO] Downloaded from central: https://repo.maven.apache.org/maven2/org/apache/maven/shared/maven-shared-incremental/1.1/maven-shared-incremental-1.1.pom (4.7 kB at 237 kB/s)
",2026-08-22T15:29:47.863182536Z,info,"{""serviceId"":""87697b40-66d1-4a58-89e6-1068a09cbf8c"",""deploymentId"":""d6c8c3b8-3bb6-45c0-bc76-a9729ab89f82"",""deploymentInstanceId"":null}","{""level"":""info"",""source"":""buildkit"",""type"":""log"",""vertex"":""sha256:5123184c115415746b9e45a79609be5df6469d0b755767bd2a7f4b208b8cff02"",""stream"":1,""data"":""W0lORk9dIERvd25sb2FkZWQgZnJvbSBjZW50cmFsOiBodHRwczovL3JlcG8ubWF2ZW4uYXBhY2hlLm9yZy9tYXZlbjIvb3JnL2FwYWNoZS9tYXZlbi9zaGFyZWQvbWF2ZW4tc2hhcmVkLWluY3JlbWVudGFsLzEuMS9tYXZlbi1zaGFyZWQtaW5jcmVtZW50YWwtMS4xLnBvbSAoNC43IGtCIGF0IDIzNyBrQi9zKQo="",""timestamp"":""2026-08-22T15:29:47.863182536Z""}"
"[INFO] Downloading from central: https://repo.maven.apache.org/maven2/org/apache/maven/shared/maven-shared-components/19/maven-shared-components-19.pom
",2026-08-22T15:29:47.865109057Z,info,"{""serviceId"":""87697b40-66d1-4a58-89e6-1068a09cbf8c"",""deploymentId"":""d6c8c3b8-3bb6-45c0-bc76-a9729ab89f82"",""deploymentInstanceId"":null}","{""level"":""info"",""source"":""buildkit"",""type"":""log"",""vertex"":""sha256:5123184c115415746b9e45a79609be5df6469d0b755767bd2a7f4b208b8cff02"",""stream"":1,""data"":""W0lORk9dIERvd25sb2FkaW5nIGZyb20gY2VudHJhbDogaHR0cHM6Ly9yZXBvLm1hdmVuLmFwYWNoZS5vcmcvbWF2ZW4yL29yZy9hcGFjaGUvbWF2ZW4vc2hhcmVkL21hdmVuLXNoYXJlZC1jb21wb25lbnRzLzE5L21hdmVuLXNoYXJlZC1jb21wb25lbnRzLTE5LnBvbQo="",""timestamp"":""2026-08-22T15:29:47.865109057Z""}"
"[INFO] Downloaded from central: https://repo.maven.apache.org/maven2/org/apache/maven/shared/maven-shared-components/19/maven-shared-components-19.pom (6.4 kB at 353 kB/s)
",2026-08-22T15:29:47.882884978Z,info,"{""serviceId"":""87697b40-66d1-4a58-89e6-1068a09cbf8c"",""deploymentId"":""d6c8c3b8-3bb6-45c0-bc76-a9729ab89f82"",""deploymentInstanceId"":null}","{""level"":""info"",""source"":""buildkit"",""type"":""log"",""vertex"":""sha256:5123184c115415746b9e45a79609be5df6469d0b755767bd2a7f4b208b8cff02"",""stream"":1,""data"":""W0lORk9dIERvd25sb2FkZWQgZnJvbSBjZW50cmFsOiBodHRwczovL3JlcG8ubWF2ZW4uYXBhY2hlLm9yZy9tYXZlbjIvb3JnL2FwYWNoZS9tYXZlbi9zaGFyZWQvbWF2ZW4tc2hhcmVkLWNvbXBvbmVudHMvMTkvbWF2ZW4tc2hhcmVkLWNvbXBvbmVudHMtMTkucG9tICg2LjQga0IgYXQgMzUzIGtCL3MpCg=="",""timestamp"":""2026-08-22T15:29:47.882884978Z""}"
"[INFO] Downloading from central: https://repo.maven.apache.org/maven2/org/apache/maven/maven-parent/23/maven-parent-23.pom
",2026-08-22T15:29:47.884724938Z,info,"{""serviceId"":""87697b40-66d1-4a58-89e6-1068a09cbf8c"",""deploymentId"":""d6c8c3b8-3bb6-45c0-bc76-a9729ab89f82"",""deploymentInstanceId"":null}","{""level"":""info"",""source"":""buildkit"",""type"":""log"",""vertex"":""sha256:5123184c115415746b9e45a79609be5df6469d0b755767bd2a7f4b208b8cff02"",""stream"":1,""data"":""W0lORk9dIERvd25sb2FkaW5nIGZyb20gY2VudHJhbDogaHR0cHM6Ly9yZXBvLm1hdmVuLmFwYWNoZS5vcmcvbWF2ZW4yL29yZy9hcGFjaGUvbWF2ZW4vbWF2ZW4tcGFyZW50LzIzL21hdmVuLXBhcmVudC0yMy5wb20K"",""timestamp"":""2026-08-22T15:29:47.884724938Z""}"
"[INFO] Downloaded from central: https://repo.maven.apache.org/maven2/org/apache/maven/maven-parent/23/maven-parent-23.pom (33 kB at 1.6 MB/s)
",2026-08-22T15:29:47.904521331Z,info,"{""serviceId"":""87697b40-66d1-4a58-89e6-1068a09cbf8c"",""deploymentId"":""d6c8c3b8-3bb6-45c0-bc76-a9729ab89f82"",""deploymentInstanceId"":null}","{""level"":""info"",""source"":""buildkit"",""type"":""log"",""vertex"":""sha256:5123184c115415746b9e45a79609be5df6469d0b755767bd2a7f4b208b8cff02"",""stream"":1,""data"":""W0lORk9dIERvd25sb2FkZWQgZnJvbSBjZW50cmFsOiBodHRwczovL3JlcG8ubWF2ZW4uYXBhY2hlLm9yZy9tYXZlbjIvb3JnL2FwYWNoZS9tYXZlbi9tYXZlbi1wYXJlbnQvMjMvbWF2ZW4tcGFyZW50LTIzLnBvbSAoMzMga0IgYXQgMS42IE1CL3MpCg=="",""timestamp"":""2026-08-22T15:29:47.904521331Z""}"
"[INFO] Downloading from central: https://repo.maven.apache.org/maven2/org/codehaus/plexus/plexus-java/1.5.0/plexus-java-1.5.0.pom
",2026-08-22T15:29:47.908228563Z,info,"{""serviceId"":""87697b40-66d1-4a58-89e6-1068a09cbf8c"",""deploymentId"":""d6c8c3b8-3bb6-45c0-bc76-a9729ab89f82"",""deploymentInstanceId"":null}","{""level"":""info"",""source"":""buildkit"",""type"":""log"",""vertex"":""sha256:5123184c115415746b9e45a79609be5df6469d0b755767bd2a7f4b208b8cff02"",""stream"":1,""data"":""W0lORk9dIERvd25sb2FkaW5nIGZyb20gY2VudHJhbDogaHR0cHM6Ly9yZXBvLm1hdmVuLmFwYWNoZS5vcmcvbWF2ZW4yL29yZy9jb2RlaGF1cy9wbGV4dXMvcGxleHVzLWphdmEvMS41LjAvcGxleHVzLWphdmEtMS41LjAucG9tCg=="",""timestamp"":""2026-08-22T15:29:47.908228563Z""}"
"[INFO] Downloaded from central: https://repo.maven.apache.org/maven2/org/codehaus/plexus/plexus-java/1.5.0/plexus-java-1.5.0.pom (4.1 kB at 227 kB/s)
",2026-08-22T15:29:47.927030684Z,info,"{""serviceId"":""87697b40-66d1-4a58-89e6-1068a09cbf8c"",""deploymentId"":""d6c8c3b8-3bb6-45c0-bc76-a9729ab89f82"",""deploymentInstanceId"":null}","{""level"":""info"",""source"":""buildkit"",""type"":""log"",""vertex"":""sha256:5123184c115415746b9e45a79609be5df6469d0b755767bd2a7f4b208b8cff02"",""stream"":1,""data"":""W0lORk9dIERvd25sb2FkZWQgZnJvbSBjZW50cmFsOiBodHRwczovL3JlcG8ubWF2ZW4uYXBhY2hlLm9yZy9tYXZlbjIvb3JnL2NvZGVoYXVzL3BsZXh1cy9wbGV4dXMtamF2YS8xLjUuMC9wbGV4dXMtamF2YS0xLjUuMC5wb20gKDQuMSBrQiBhdCAyMjcga0IvcykK"",""timestamp"":""2026-08-22T15:29:47.927030684Z""}"
"[INFO] Downloading from central: https://repo.maven.apache.org/maven2/org/codehaus/plexus/plexus-languages/1.5.0/plexus-languages-1.5.0.pom
",2026-08-22T15:29:47.929188862Z,info,"{""serviceId"":""87697b40-66d1-4a58-89e6-1068a09cbf8c"",""deploymentId"":""d6c8c3b8-3bb6-45c0-bc76-a9729ab89f82"",""deploymentInstanceId"":null}","{""level"":""info"",""source"":""buildkit"",""type"":""log"",""vertex"":""sha256:5123184c115415746b9e45a79609be5df6469d0b755767bd2a7f4b208b8cff02"",""stream"":1,""data"":""W0lORk9dIERvd25sb2FkaW5nIGZyb20gY2VudHJhbDogaHR0cHM6Ly9yZXBvLm1hdmVuLmFwYWNoZS5vcmcvbWF2ZW4yL29yZy9jb2RlaGF1cy9wbGV4dXMvcGxleHVzLWxhbmd1YWdlcy8xLjUuMC9wbGV4dXMtbGFuZ3VhZ2VzLTEuNS4wLnBvbQo="",""timestamp"":""2026-08-22T15:29:47.929188862Z""}"
"[INFO] Downloaded from central: https://repo.maven.apache.org/maven2/org/codehaus/plexus/plexus-languages/1.5.0/plexus-languages-1.5.0.pom (3.9 kB at 175 kB/s)
",2026-08-22T15:29:47.951943132Z,info,"{""serviceId"":""87697b40-66d1-4a58-89e6-1068a09cbf8c"",""deploymentId"":""d6c8c3b8-3bb6-45c0-bc76-a9729ab89f82"",""deploymentInstanceId"":null}","{""level"":""info"",""source"":""buildkit"",""type"":""log"",""vertex"":""sha256:5123184c115415746b9e45a79609be5df6469d0b755767bd2a7f4b208b8cff02"",""stream"":1,""data"":""W0lORk9dIERvd25sb2FkZWQgZnJvbSBjZW50cmFsOiBodHRwczovL3JlcG8ubWF2ZW4uYXBhY2hlLm9yZy9tYXZlbjIvb3JnL2NvZGVoYXVzL3BsZXh1cy9wbGV4dXMtbGFuZ3VhZ2VzLzEuNS4wL3BsZXh1cy1sYW5ndWFnZXMtMS41LjAucG9tICgzLjkga0IgYXQgMTc1IGtCL3MpCg=="",""timestamp"":""2026-08-22T15:29:47.951943132Z""}"
"[INFO] Downloading from central: https://repo.maven.apache.org/maven2/org/codehaus/plexus/plexus/20/plexus-20.pom
",2026-08-22T15:29:47.953747239Z,info,"{""serviceId"":""87697b40-66d1-4a58-89e6-1068a09cbf8c"",""deploymentId"":""d6c8c3b8-3bb6-45c0-bc76-a9729ab89f82"",""deploymentInstanceId"":null}","{""level"":""info"",""source"":""buildkit"",""type"":""log"",""vertex"":""sha256:5123184c115415746b9e45a79609be5df6469d0b755767bd2a7f4b208b8cff02"",""stream"":1,""data"":""W0lORk9dIERvd25sb2FkaW5nIGZyb20gY2VudHJhbDogaHR0cHM6Ly9yZXBvLm1hdmVuLmFwYWNoZS5vcmcvbWF2ZW4yL29yZy9jb2RlaGF1cy9wbGV4dXMvcGxleHVzLzIwL3BsZXh1cy0yMC5wb20K"",""timestamp"":""2026-08-22T15:29:47.953747239Z""}"
"[INFO] Downloaded from central: https://repo.maven.apache.org/maven2/org/codehaus/plexus/plexus/20/plexus-20.pom (29 kB at 1.3 MB/s)
",2026-08-22T15:29:47.975626657Z,info,"{""serviceId"":""87697b40-66d1-4a58-89e6-1068a09cbf8c"",""deploymentId"":""d6c8c3b8-3bb6-45c0-bc76-a9729ab89f82"",""deploymentInstanceId"":null}","{""level"":""info"",""source"":""buildkit"",""type"":""log"",""vertex"":""sha256:5123184c115415746b9e45a79609be5df6469d0b755767bd2a7f4b208b8cff02"",""stream"":1,""data"":""W0lORk9dIERvd25sb2FkZWQgZnJvbSBjZW50cmFsOiBodHRwczovL3JlcG8ubWF2ZW4uYXBhY2hlLm9yZy9tYXZlbjIvb3JnL2NvZGVoYXVzL3BsZXh1cy9wbGV4dXMvMjAvcGxleHVzLTIwLnBvbSAoMjkga0IgYXQgMS4zIE1CL3MpCg=="",""timestamp"":""2026-08-22T15:29:47.975626657Z""}"
"[INFO] Downloading from central: https://repo.maven.apache.org/maven2/com/thoughtworks/qdox/qdox/2.2.0/qdox-2.2.0.pom
",2026-08-22T15:29:47.979533989Z,info,"{""serviceId"":""87697b40-66d1-4a58-89e6-1068a09cbf8c"",""deploymentId"":""d6c8c3b8-3bb6-45c0-bc76-a9729ab89f82"",""deploymentInstanceId"":null}","{""level"":""info"",""source"":""buildkit"",""type"":""log"",""vertex"":""sha256:5123184c115415746b9e45a79609be5df6469d0b755767bd2a7f4b208b8cff02"",""stream"":1,""data"":""W0lORk9dIERvd25sb2FkaW5nIGZyb20gY2VudHJhbDogaHR0cHM6Ly9yZXBvLm1hdmVuLmFwYWNoZS5vcmcvbWF2ZW4yL2NvbS90aG91Z2h0d29ya3MvcWRveC9xZG94LzIuMi4wL3Fkb3gtMi4yLjAucG9tCg=="",""timestamp"":""2026-08-22T15:29:47.979533989Z""}"
"[INFO] Downloaded from central: https://repo.maven.apache.org/maven2/com/thoughtworks/qdox/qdox/2.2.0/qdox-2.2.0.pom (18 kB at 767 kB/s)
",2026-08-22T15:29:48.002322321Z,info,"{""serviceId"":""87697b40-66d1-4a58-89e6-1068a09cbf8c"",""deploymentId"":""d6c8c3b8-3bb6-45c0-bc76-a9729ab89f82"",""deploymentInstanceId"":null}","{""level"":""info"",""source"":""buildkit"",""type"":""log"",""vertex"":""sha256:5123184c115415746b9e45a79609be5df6469d0b755767bd2a7f4b208b8cff02"",""stream"":1,""data"":""W0lORk9dIERvd25sb2FkZWQgZnJvbSBjZW50cmFsOiBodHRwczovL3JlcG8ubWF2ZW4uYXBhY2hlLm9yZy9tYXZlbjIvY29tL3Rob3VnaHR3b3Jrcy9xZG94L3Fkb3gvMi4yLjAvcWRveC0yLjIuMC5wb20gKDE4IGtCIGF0IDc2NyBrQi9zKQo="",""timestamp"":""2026-08-22T15:29:48.002322321Z""}"
"[INFO] Downloading from central: https://repo.maven.apache.org/maven2/org/codehaus/plexus/plexus-compiler-api/2.15.0/plexus-compiler-api-2.15.0.pom
",2026-08-22T15:29:48.008876705Z,info,"{""serviceId"":""87697b40-66d1-4a58-89e6-1068a09cbf8c"",""deploymentId"":""d6c8c3b8-3bb6-45c0-bc76-a9729ab89f82"",""deploymentInstanceId"":null}","{""level"":""info"",""source"":""buildkit"",""type"":""log"",""vertex"":""sha256:5123184c115415746b9e45a79609be5df6469d0b755767bd2a7f4b208b8cff02"",""stream"":1,""data"":""W0lORk9dIERvd25sb2FkaW5nIGZyb20gY2VudHJhbDogaHR0cHM6Ly9yZXBvLm1hdmVuLmFwYWNoZS5vcmcvbWF2ZW4yL29yZy9jb2RlaGF1cy9wbGV4dXMvcGxleHVzLWNvbXBpbGVyLWFwaS8yLjE1LjAvcGxleHVzLWNvbXBpbGVyLWFwaS0yLjE1LjAucG9tCg=="",""timestamp"":""2026-08-22T15:29:48.008876705Z""}"
"[INFO] Downloaded from central: https://repo.maven.apache.org/maven2/org/codehaus/plexus/plexus-compiler-api/2.15.0/plexus-compiler-api-2.15.0.pom (1.4 kB at 68 kB/s)
",2026-08-22T15:29:48.028272707Z,info,"{""serviceId"":""87697b40-66d1-4a58-89e6-1068a09cbf8c"",""deploymentId"":""d6c8c3b8-3bb6-45c0-bc76-a9729ab89f82"",""deploymentInstanceId"":null}","{""level"":""info"",""source"":""buildkit"",""type"":""log"",""vertex"":""sha256:5123184c115415746b9e45a79609be5df6469d0b755767bd2a7f4b208b8cff02"",""stream"":1,""data"":""W0lORk9dIERvd25sb2FkZWQgZnJvbSBjZW50cmFsOiBodHRwczovL3JlcG8ubWF2ZW4uYXBhY2hlLm9yZy9tYXZlbjIvb3JnL2NvZGVoYXVzL3BsZXh1cy9wbGV4dXMtY29tcGlsZXItYXBpLzIuMTUuMC9wbGV4dXMtY29tcGlsZXItYXBpLTIuMTUuMC5wb20gKDEuNCBrQiBhdCA2OCBrQi9zKQo="",""timestamp"":""2026-08-22T15:29:48.028272707Z""}"
"[INFO] Downloading from central: https://repo.maven.apache.org/maven2/org/codehaus/plexus/plexus-compiler/2.15.0/plexus-compiler-2.15.0.pom
",2026-08-22T15:29:48.030165617Z,info,"{""serviceId"":""87697b40-66d1-4a58-89e6-1068a09cbf8c"",""deploymentId"":""d6c8c3b8-3bb6-45c0-bc76-a9729ab89f82"",""deploymentInstanceId"":null}","{""level"":""info"",""source"":""buildkit"",""type"":""log"",""vertex"":""sha256:5123184c115415746b9e45a79609be5df6469d0b755767bd2a7f4b208b8cff02"",""stream"":1,""data"":""W0lORk9dIERvd25sb2FkaW5nIGZyb20gY2VudHJhbDogaHR0cHM6Ly9yZXBvLm1hdmVuLmFwYWNoZS5vcmcvbWF2ZW4yL29yZy9jb2RlaGF1cy9wbGV4dXMvcGxleHVzLWNvbXBpbGVyLzIuMTUuMC9wbGV4dXMtY29tcGlsZXItMi4xNS4wLnBvbQo="",""timestamp"":""2026-08-22T15:29:48.030165617Z""}"
"[INFO] Downloaded from central: https://repo.maven.apache.org/maven2/org/codehaus/plexus/plexus-compiler/2.15.0/plexus-compiler-2.15.0.pom (7.6 kB at 447 kB/s)
",2026-08-22T15:29:48.047040846Z,info,"{""serviceId"":""87697b40-66d1-4a58-89e6-1068a09cbf8c"",""deploymentId"":""d6c8c3b8-3bb6-45c0-bc76-a9729ab89f82"",""deploymentInstanceId"":null}","{""level"":""info"",""source"":""buildkit"",""type"":""log"",""vertex"":""sha256:5123184c115415746b9e45a79609be5df6469d0b755767bd2a7f4b208b8cff02"",""stream"":1,""data"":""W0lORk9dIERvd25sb2FkZWQgZnJvbSBjZW50cmFsOiBodHRwczovL3JlcG8ubWF2ZW4uYXBhY2hlLm9yZy9tYXZlbjIvb3JnL2NvZGVoYXVzL3BsZXh1cy9wbGV4dXMtY29tcGlsZXIvMi4xNS4wL3BsZXh1cy1jb21waWxlci0yLjE1LjAucG9tICg3LjYga0IgYXQgNDQ3IGtCL3MpCg=="",""timestamp"":""2026-08-22T15:29:48.047040846Z""}"
"[INFO] Downloading from central: https://repo.maven.apache.org/maven2/org/codehaus/plexus/plexus-utils/4.0.2/plexus-utils-4.0.2.pom
",2026-08-22T15:29:48.050848209Z,info,"{""serviceId"":""87697b40-66d1-4a58-89e6-1068a09cbf8c"",""deploymentId"":""d6c8c3b8-3bb6-45c0-bc76-a9729ab89f82"",""deploymentInstanceId"":null}","{""level"":""info"",""source"":""buildkit"",""type"":""log"",""vertex"":""sha256:5123184c115415746b9e45a79609be5df6469d0b755767bd2a7f4b208b8cff02"",""stream"":1,""data"":""W0lORk9dIERvd25sb2FkaW5nIGZyb20gY2VudHJhbDogaHR0cHM6Ly9yZXBvLm1hdmVuLmFwYWNoZS5vcmcvbWF2ZW4yL29yZy9jb2RlaGF1cy9wbGV4dXMvcGxleHVzLXV0aWxzLzQuMC4yL3BsZXh1cy11dGlscy00LjAuMi5wb20K"",""timestamp"":""2026-08-22T15:29:48.050848209Z""}"
"[INFO] Downloaded from central: https://repo.maven.apache.org/maven2/org/codehaus/plexus/plexus-utils/4.0.2/plexus-utils-4.0.2.pom (13 kB at 754 kB/s)
",2026-08-22T15:29:48.067959102Z,info,"{""serviceId"":""87697b40-66d1-4a58-89e6-1068a09cbf8c"",""deploymentId"":""d6c8c3b8-3bb6-45c0-bc76-a9729ab89f82"",""deploymentInstanceId"":null}","{""level"":""info"",""source"":""buildkit"",""type"":""log"",""vertex"":""sha256:5123184c115415746b9e45a79609be5df6469d0b755767bd2a7f4b208b8cff02"",""stream"":1,""data"":""W0lORk9dIERvd25sb2FkZWQgZnJvbSBjZW50cmFsOiBodHRwczovL3JlcG8ubWF2ZW4uYXBhY2hlLm9yZy9tYXZlbjIvb3JnL2NvZGVoYXVzL3BsZXh1cy9wbGV4dXMtdXRpbHMvNC4wLjIvcGxleHVzLXV0aWxzLTQuMC4yLnBvbSAoMTMga0IgYXQgNzU0IGtCL3MpCg=="",""timestamp"":""2026-08-22T15:29:48.067959102Z""}"
"[INFO] Downloading from central: https://repo.maven.apache.org/maven2/org/codehaus/plexus/plexus-compiler-manager/2.15.0/plexus-compiler-manager-2.15.0.pom
",2026-08-22T15:29:48.071621016Z,info,"{""serviceId"":""87697b40-66d1-4a58-89e6-1068a09cbf8c"",""deploymentId"":""d6c8c3b8-3bb6-45c0-bc76-a9729ab89f82"",""deploymentInstanceId"":null}","{""level"":""info"",""source"":""buildkit"",""type"":""log"",""vertex"":""sha256:5123184c115415746b9e45a79609be5df6469d0b755767bd2a7f4b208b8cff02"",""stream"":1,""data"":""W0lORk9dIERvd25sb2FkaW5nIGZyb20gY2VudHJhbDogaHR0cHM6Ly9yZXBvLm1hdmVuLmFwYWNoZS5vcmcvbWF2ZW4yL29yZy9jb2RlaGF1cy9wbGV4dXMvcGxleHVzLWNvbXBpbGVyLW1hbmFnZXIvMi4xNS4wL3BsZXh1cy1jb21waWxlci1tYW5hZ2VyLTIuMTUuMC5wb20K"",""timestamp"":""2026-08-22T15:29:48.071621016Z""}"
"[INFO] Downloaded from central: https://repo.maven.apache.org/maven2/org/codehaus/plexus/plexus-compiler-manager/2.15.0/plexus-compiler-manager-2.15.0.pom (1.3 kB at 67 kB/s)
",2026-08-22T15:29:48.091140523Z,info,"{""serviceId"":""87697b40-66d1-4a58-89e6-1068a09cbf8c"",""deploymentId"":""d6c8c3b8-3bb6-45c0-bc76-a9729ab89f82"",""deploymentInstanceId"":null}","{""level"":""info"",""source"":""buildkit"",""type"":""log"",""vertex"":""sha256:5123184c115415746b9e45a79609be5df6469d0b755767bd2a7f4b208b8cff02"",""stream"":1,""data"":""W0lORk9dIERvd25sb2FkZWQgZnJvbSBjZW50cmFsOiBodHRwczovL3JlcG8ubWF2ZW4uYXBhY2hlLm9yZy9tYXZlbjIvb3JnL2NvZGVoYXVzL3BsZXh1cy9wbGV4dXMtY29tcGlsZXItbWFuYWdlci8yLjE1LjAvcGxleHVzLWNvbXBpbGVyLW1hbmFnZXItMi4xNS4wLnBvbSAoMS4zIGtCIGF0IDY3IGtCL3MpCg=="",""timestamp"":""2026-08-22T15:29:48.091140523Z""}"
"[INFO] Downloading from central: https://repo.maven.apache.org/maven2/org/codehaus/plexus/plexus-compiler-javac/2.15.0/plexus-compiler-javac-2.15.0.pom
",2026-08-22T15:29:48.093958571Z,info,"{""serviceId"":""87697b40-66d1-4a58-89e6-1068a09cbf8c"",""deploymentId"":""d6c8c3b8-3bb6-45c0-bc76-a9729ab89f82"",""deploymentInstanceId"":null}","{""level"":""info"",""source"":""buildkit"",""type"":""log"",""vertex"":""sha256:5123184c115415746b9e45a79609be5df6469d0b755767bd2a7f4b208b8cff02"",""stream"":1,""data"":""W0lORk9dIERvd25sb2FkaW5nIGZyb20gY2VudHJhbDogaHR0cHM6Ly9yZXBvLm1hdmVuLmFwYWNoZS5vcmcvbWF2ZW4yL29yZy9jb2RlaGF1cy9wbGV4dXMvcGxleHVzLWNvbXBpbGVyLWphdmFjLzIuMTUuMC9wbGV4dXMtY29tcGlsZXItamF2YWMtMi4xNS4wLnBvbQo="",""timestamp"":""2026-08-22T15:29:48.093958571Z""}"
"[INFO] Downloaded from central: https://repo.maven.apache.org/maven2/org/codehaus/plexus/plexus-compiler-javac/2.15.0/plexus-compiler-javac-2.15.0.pom (1.3 kB at 81 kB/s)
",2026-08-22T15:29:48.10963328Z,info,"{""serviceId"":""87697b40-66d1-4a58-89e6-1068a09cbf8c"",""deploymentId"":""d6c8c3b8-3bb6-45c0-bc76-a9729ab89f82"",""deploymentInstanceId"":null}","{""level"":""info"",""source"":""buildkit"",""type"":""log"",""vertex"":""sha256:5123184c115415746b9e45a79609be5df6469d0b755767bd2a7f4b208b8cff02"",""stream"":1,""data"":""W0lORk9dIERvd25sb2FkZWQgZnJvbSBjZW50cmFsOiBodHRwczovL3JlcG8ubWF2ZW4uYXBhY2hlLm9yZy9tYXZlbjIvb3JnL2NvZGVoYXVzL3BsZXh1cy9wbGV4dXMtY29tcGlsZXItamF2YWMvMi4xNS4wL3BsZXh1cy1jb21waWxlci1qYXZhYy0yLjE1LjAucG9tICgxLjMga0IgYXQgODEga0IvcykK"",""timestamp"":""2026-08-22T15:29:48.10963328Z""}"
"[INFO] Downloading from central: https://repo.maven.apache.org/maven2/org/codehaus/plexus/plexus-compilers/2.15.0/plexus-compilers-2.15.0.pom
",2026-08-22T15:29:48.110802183Z,info,"{""serviceId"":""87697b40-66d1-4a58-89e6-1068a09cbf8c"",""deploymentId"":""d6c8c3b8-3bb6-45c0-bc76-a9729ab89f82"",""deploymentInstanceId"":null}","{""level"":""info"",""source"":""buildkit"",""type"":""log"",""vertex"":""sha256:5123184c115415746b9e45a79609be5df6469d0b755767bd2a7f4b208b8cff02"",""stream"":1,""data"":""W0lORk9dIERvd25sb2FkaW5nIGZyb20gY2VudHJhbDogaHR0cHM6Ly9yZXBvLm1hdmVuLmFwYWNoZS5vcmcvbWF2ZW4yL29yZy9jb2RlaGF1cy9wbGV4dXMvcGxleHVzLWNvbXBpbGVycy8yLjE1LjAvcGxleHVzLWNvbXBpbGVycy0yLjE1LjAucG9tCg=="",""timestamp"":""2026-08-22T15:29:48.110802183Z""}"
"[INFO] Downloaded from central: https://repo.maven.apache.org/maven2/org/codehaus/plexus/plexus-compilers/2.15.0/plexus-compilers-2.15.0.pom (1.6 kB at 92 kB/s)
",2026-08-22T15:29:48.127557583Z,info,"{""serviceId"":""87697b40-66d1-4a58-89e6-1068a09cbf8c"",""deploymentId"":""d6c8c3b8-3bb6-45c0-bc76-a9729ab89f82"",""deploymentInstanceId"":null}","{""level"":""info"",""source"":""buildkit"",""type"":""log"",""vertex"":""sha256:5123184c115415746b9e45a79609be5df6469d0b755767bd2a7f4b208b8cff02"",""stream"":1,""data"":""W0lORk9dIERvd25sb2FkZWQgZnJvbSBjZW50cmFsOiBodHRwczovL3JlcG8ubWF2ZW4uYXBhY2hlLm9yZy9tYXZlbjIvb3JnL2NvZGVoYXVzL3BsZXh1cy9wbGV4dXMtY29tcGlsZXJzLzIuMTUuMC9wbGV4dXMtY29tcGlsZXJzLTIuMTUuMC5wb20gKDEuNiBrQiBhdCA5MiBrQi9zKQo="",""timestamp"":""2026-08-22T15:29:48.127557583Z""}"
"[INFO] Downloading from central: https://repo.maven.apache.org/maven2/org/ow2/asm/asm/9.8/asm-9.8.jar
",2026-08-22T15:29:48.130737594Z,info,"{""serviceId"":""87697b40-66d1-4a58-89e6-1068a09cbf8c"",""deploymentId"":""d6c8c3b8-3bb6-45c0-bc76-a9729ab89f82"",""deploymentInstanceId"":null}","{""level"":""info"",""source"":""buildkit"",""type"":""log"",""vertex"":""sha256:5123184c115415746b9e45a79609be5df6469d0b755767bd2a7f4b208b8cff02"",""stream"":1,""data"":""W0lORk9dIERvd25sb2FkaW5nIGZyb20gY2VudHJhbDogaHR0cHM6Ly9yZXBvLm1hdmVuLmFwYWNoZS5vcmcvbWF2ZW4yL29yZy9vdzIvYXNtL2FzbS85LjgvYXNtLTkuOC5qYXIK"",""timestamp"":""2026-08-22T15:29:48.130737594Z""}"
"[INFO] Downloaded from central: https://repo.maven.apache.org/maven2/org/ow2/asm/asm/9.8/asm-9.8.jar (126 kB at 7.0 MB/s)
",2026-08-22T15:29:48.148141477Z,info,"{""serviceId"":""87697b40-66d1-4a58-89e6-1068a09cbf8c"",""deploymentId"":""d6c8c3b8-3bb6-45c0-bc76-a9729ab89f82"",""deploymentInstanceId"":null}","{""level"":""info"",""source"":""buildkit"",""type"":""log"",""vertex"":""sha256:5123184c115415746b9e45a79609be5df6469d0b755767bd2a7f4b208b8cff02"",""stream"":1,""data"":""W0lORk9dIERvd25sb2FkZWQgZnJvbSBjZW50cmFsOiBodHRwczovL3JlcG8ubWF2ZW4uYXBhY2hlLm9yZy9tYXZlbjIvb3JnL293Mi9hc20vYXNtLzkuOC9hc20tOS44LmphciAoMTI2IGtCIGF0IDcuMCBNQi9zKQo="",""timestamp"":""2026-08-22T15:29:48.148141477Z""}"
"[INFO] Downloading from central: https://repo.maven.apache.org/maven2/org/apache/maven/shared/maven-shared-incremental/1.1/maven-shared-incremental-1.1.jar
",2026-08-22T15:29:48.148899074Z,info,"{""serviceId"":""87697b40-66d1-4a58-89e6-1068a09cbf8c"",""deploymentId"":""d6c8c3b8-3bb6-45c0-bc76-a9729ab89f82"",""deploymentInstanceId"":null}","{""level"":""info"",""source"":""buildkit"",""type"":""log"",""vertex"":""sha256:5123184c115415746b9e45a79609be5df6469d0b755767bd2a7f4b208b8cff02"",""stream"":1,""data"":""W0lORk9dIERvd25sb2FkaW5nIGZyb20gY2VudHJhbDogaHR0cHM6Ly9yZXBvLm1hdmVuLmFwYWNoZS5vcmcvbWF2ZW4yL29yZy9hcGFjaGUvbWF2ZW4vc2hhcmVkL21hdmVuLXNoYXJlZC1pbmNyZW1lbnRhbC8xLjEvbWF2ZW4tc2hhcmVkLWluY3JlbWVudGFsLTEuMS5qYXIK"",""timestamp"":""2026-08-22T15:29:48.148899074Z""}"
"[INFO] Downloading from central: https://repo.maven.apache.org/maven2/org/codehaus/plexus/plexus-java/1.5.0/plexus-java-1.5.0.jar
",2026-08-22T15:29:48.149140726Z,info,"{""serviceId"":""87697b40-66d1-4a58-89e6-1068a09cbf8c"",""deploymentId"":""d6c8c3b8-3bb6-45c0-bc76-a9729ab89f82"",""deploymentInstanceId"":null}","{""level"":""info"",""source"":""buildkit"",""type"":""log"",""vertex"":""sha256:5123184c115415746b9e45a79609be5df6469d0b755767bd2a7f4b208b8cff02"",""stream"":1,""data"":""W0lORk9dIERvd25sb2FkaW5nIGZyb20gY2VudHJhbDogaHR0cHM6Ly9yZXBvLm1hdmVuLmFwYWNoZS5vcmcvbWF2ZW4yL29yZy9jb2RlaGF1cy9wbGV4dXMvcGxleHVzLWphdmEvMS41LjAvcGxleHVzLWphdmEtMS41LjAuamFyCg=="",""timestamp"":""2026-08-22T15:29:48.149140726Z""}"
"[INFO] Downloading from central: https://repo.maven.apache.org/maven2/com/thoughtworks/qdox/qdox/2.2.0/qdox-2.2.0.jar
",2026-08-22T15:29:48.149463991Z,info,"{""serviceId"":""87697b40-66d1-4a58-89e6-1068a09cbf8c"",""deploymentId"":""d6c8c3b8-3bb6-45c0-bc76-a9729ab89f82"",""deploymentInstanceId"":null}","{""level"":""info"",""source"":""buildkit"",""type"":""log"",""vertex"":""sha256:5123184c115415746b9e45a79609be5df6469d0b755767bd2a7f4b208b8cff02"",""stream"":1,""data"":""W0lORk9dIERvd25sb2FkaW5nIGZyb20gY2VudHJhbDogaHR0cHM6Ly9yZXBvLm1hdmVuLmFwYWNoZS5vcmcvbWF2ZW4yL2NvbS90aG91Z2h0d29ya3MvcWRveC9xZG94LzIuMi4wL3Fkb3gtMi4yLjAuamFyCg=="",""timestamp"":""2026-08-22T15:29:48.149463991Z""}"
"[INFO] Downloading from central: https://repo.maven.apache.org/maven2/org/codehaus/plexus/plexus-compiler-manager/2.15.0/plexus-compiler-manager-2.15.0.jar
",2026-08-22T15:29:48.149719655Z,info,"{""serviceId"":""87697b40-66d1-4a58-89e6-1068a09cbf8c"",""deploymentId"":""d6c8c3b8-3bb6-45c0-bc76-a9729ab89f82"",""deploymentInstanceId"":null}","{""level"":""info"",""source"":""buildkit"",""type"":""log"",""vertex"":""sha256:5123184c115415746b9e45a79609be5df6469d0b755767bd2a7f4b208b8cff02"",""stream"":1,""data"":""W0lORk9dIERvd25sb2FkaW5nIGZyb20gY2VudHJhbDogaHR0cHM6Ly9yZXBvLm1hdmVuLmFwYWNoZS5vcmcvbWF2ZW4yL29yZy9jb2RlaGF1cy9wbGV4dXMvcGxleHVzLWNvbXBpbGVyLW1hbmFnZXIvMi4xNS4wL3BsZXh1cy1jb21waWxlci1tYW5hZ2VyLTIuMTUuMC5qYXIK"",""timestamp"":""2026-08-22T15:29:48.149719655Z""}"
"[INFO] Downloading from central: https://repo.maven.apache.org/maven2/org/codehaus/plexus/plexus-compiler-api/2.15.0/plexus-compiler-api-2.15.0.jar
",2026-08-22T15:29:48.149901939Z,info,"{""serviceId"":""87697b40-66d1-4a58-89e6-1068a09cbf8c"",""deploymentId"":""d6c8c3b8-3bb6-45c0-bc76-a9729ab89f82"",""deploymentInstanceId"":null}","{""level"":""info"",""source"":""buildkit"",""type"":""log"",""vertex"":""sha256:5123184c115415746b9e45a79609be5df6469d0b755767bd2a7f4b208b8cff02"",""stream"":1,""data"":""W0lORk9dIERvd25sb2FkaW5nIGZyb20gY2VudHJhbDogaHR0cHM6Ly9yZXBvLm1hdmVuLmFwYWNoZS5vcmcvbWF2ZW4yL29yZy9jb2RlaGF1cy9wbGV4dXMvcGxleHVzLWNvbXBpbGVyLWFwaS8yLjE1LjAvcGxleHVzLWNvbXBpbGVyLWFwaS0yLjE1LjAuamFyCg=="",""timestamp"":""2026-08-22T15:29:48.149901939Z""}"
"[INFO] Downloaded from central: https://repo.maven.apache.org/maven2/org/apache/maven/shared/maven-shared-incremental/1.1/maven-shared-incremental-1.1.jar (14 kB at 796 kB/s)
[INFO] Downloading from central: https://repo.maven.apache.org/maven2/org/codehaus/plexus/plexus-compiler-javac/2.15.0/plexus-compiler-javac-2.15.0.jar
",2026-08-22T15:29:48.165522496Z,info,"{""serviceId"":""87697b40-66d1-4a58-89e6-1068a09cbf8c"",""deploymentId"":""d6c8c3b8-3bb6-45c0-bc76-a9729ab89f82"",""deploymentInstanceId"":null}","{""level"":""info"",""source"":""buildkit"",""type"":""log"",""vertex"":""sha256:5123184c115415746b9e45a79609be5df6469d0b755767bd2a7f4b208b8cff02"",""stream"":1,""data"":""W0lORk9dIERvd25sb2FkZWQgZnJvbSBjZW50cmFsOiBodHRwczovL3JlcG8ubWF2ZW4uYXBhY2hlLm9yZy9tYXZlbjIvb3JnL2FwYWNoZS9tYXZlbi9zaGFyZWQvbWF2ZW4tc2hhcmVkLWluY3JlbWVudGFsLzEuMS9tYXZlbi1zaGFyZWQtaW5jcmVtZW50YWwtMS4xLmphciAoMTQga0IgYXQgNzk2IGtCL3MpCltJTkZPXSBEb3dubG9hZGluZyBmcm9tIGNlbnRyYWw6IGh0dHBzOi8vcmVwby5tYXZlbi5hcGFjaGUub3JnL21hdmVuMi9vcmcvY29kZWhhdXMvcGxleHVzL3BsZXh1cy1jb21waWxlci1qYXZhYy8yLjE1LjAvcGxleHVzLWNvbXBpbGVyLWphdmFjLTIuMTUuMC5qYXIK"",""timestamp"":""2026-08-22T15:29:48.165522496Z""}"
"[INFO] Downloaded from central: https://repo.maven.apache.org/maven2/org/codehaus/plexus/plexus-compiler-api/2.15.0/plexus-compiler-api-2.15.0.jar (29 kB at 1.4 MB/s)
[INFO] Downloading from central: https://repo.maven.apache.org/maven2/org/codehaus/plexus/plexus-utils/4.0.2/plexus-utils-4.0.2.jar
",2026-08-22T15:29:48.170774916Z,info,"{""serviceId"":""87697b40-66d1-4a58-89e6-1068a09cbf8c"",""deploymentId"":""d6c8c3b8-3bb6-45c0-bc76-a9729ab89f82"",""deploymentInstanceId"":null}","{""level"":""info"",""source"":""buildkit"",""type"":""log"",""vertex"":""sha256:5123184c115415746b9e45a79609be5df6469d0b755767bd2a7f4b208b8cff02"",""stream"":1,""data"":""W0lORk9dIERvd25sb2FkZWQgZnJvbSBjZW50cmFsOiBodHRwczovL3JlcG8ubWF2ZW4uYXBhY2hlLm9yZy9tYXZlbjIvb3JnL2NvZGVoYXVzL3BsZXh1cy9wbGV4dXMtY29tcGlsZXItYXBpLzIuMTUuMC9wbGV4dXMtY29tcGlsZXItYXBpLTIuMTUuMC5qYXIgKDI5IGtCIGF0IDEuNCBNQi9zKQpbSU5GT10gRG93bmxvYWRpbmcgZnJvbSBjZW50cmFsOiBodHRwczovL3JlcG8ubWF2ZW4uYXBhY2hlLm9yZy9tYXZlbjIvb3JnL2NvZGVoYXVzL3BsZXh1cy9wbGV4dXMtdXRpbHMvNC4wLjIvcGxleHVzLXV0aWxzLTQuMC4yLmphcgo="",""timestamp"":""2026-08-22T15:29:48.170774916Z""}"
"[INFO] Downloaded from central: https://repo.maven.apache.org/maven2/org/codehaus/plexus/plexus-compiler-manager/2.15.0/plexus-compiler-manager-2.15.0.jar (5.2 kB at 209 kB/s)
",2026-08-22T15:29:48.174799705Z,info,"{""serviceId"":""87697b40-66d1-4a58-89e6-1068a09cbf8c"",""deploymentId"":""d6c8c3b8-3bb6-45c0-bc76-a9729ab89f82"",""deploymentInstanceId"":null}","{""level"":""info"",""source"":""buildkit"",""type"":""log"",""vertex"":""sha256:5123184c115415746b9e45a79609be5df6469d0b755767bd2a7f4b208b8cff02"",""stream"":1,""data"":""W0lORk9dIERvd25sb2FkZWQgZnJvbSBjZW50cmFsOiBodHRwczovL3JlcG8ubWF2ZW4uYXBhY2hlLm9yZy9tYXZlbjIvb3JnL2NvZGVoYXVzL3BsZXh1cy9wbGV4dXMtY29tcGlsZXItbWFuYWdlci8yLjE1LjAvcGxleHVzLWNvbXBpbGVyLW1hbmFnZXItMi4xNS4wLmphciAoNS4yIGtCIGF0IDIwOSBrQi9zKQo="",""timestamp"":""2026-08-22T15:29:48.174799705Z""}"
"[INFO] Downloaded from central: https://repo.maven.apache.org/maven2/com/thoughtworks/qdox/qdox/2.2.0/qdox-2.2.0.jar (353 kB at 11 MB/s)
[INFO] Downloaded from central: https://repo.maven.apache.org/maven2/org/codehaus/plexus/plexus-java/1.5.0/plexus-java-1.5.0.jar (57 kB at 1.9 MB/s)
",2026-08-22T15:29:48.180006888Z,info,"{""serviceId"":""87697b40-66d1-4a58-89e6-1068a09cbf8c"",""deploymentId"":""d6c8c3b8-3bb6-45c0-bc76-a9729ab89f82"",""deploymentInstanceId"":null}","{""level"":""info"",""source"":""buildkit"",""type"":""log"",""vertex"":""sha256:5123184c115415746b9e45a79609be5df6469d0b755767bd2a7f4b208b8cff02"",""stream"":1,""data"":""W0lORk9dIERvd25sb2FkZWQgZnJvbSBjZW50cmFsOiBodHRwczovL3JlcG8ubWF2ZW4uYXBhY2hlLm9yZy9tYXZlbjIvY29tL3Rob3VnaHR3b3Jrcy9xZG94L3Fkb3gvMi4yLjAvcWRveC0yLjIuMC5qYXIgKDM1MyBrQiBhdCAxMSBNQi9zKQpbSU5GT10gRG93bmxvYWRlZCBmcm9tIGNlbnRyYWw6IGh0dHBzOi8vcmVwby5tYXZlbi5hcGFjaGUub3JnL21hdmVuMi9vcmcvY29kZWhhdXMvcGxleHVzL3BsZXh1cy1qYXZhLzEuNS4wL3BsZXh1cy1qYXZhLTEuNS4wLmphciAoNTcga0IgYXQgMS45IE1CL3MpCg=="",""timestamp"":""2026-08-22T15:29:48.180006888Z""}"
"[INFO] Downloaded from central: https://repo.maven.apache.org/maven2/org/codehaus/plexus/plexus-compiler-javac/2.15.0/plexus-compiler-javac-2.15.0.jar (26 kB at 714 kB/s)
",2026-08-22T15:29:48.185175072Z,info,"{""serviceId"":""87697b40-66d1-4a58-89e6-1068a09cbf8c"",""deploymentId"":""d6c8c3b8-3bb6-45c0-bc76-a9729ab89f82"",""deploymentInstanceId"":null}","{""level"":""info"",""source"":""buildkit"",""type"":""log"",""vertex"":""sha256:5123184c115415746b9e45a79609be5df6469d0b755767bd2a7f4b208b8cff02"",""stream"":1,""data"":""W0lORk9dIERvd25sb2FkZWQgZnJvbSBjZW50cmFsOiBodHRwczovL3JlcG8ubWF2ZW4uYXBhY2hlLm9yZy9tYXZlbjIvb3JnL2NvZGVoYXVzL3BsZXh1cy9wbGV4dXMtY29tcGlsZXItamF2YWMvMi4xNS4wL3BsZXh1cy1jb21waWxlci1qYXZhYy0yLjE1LjAuamFyICgyNiBrQiBhdCA3MTQga0IvcykK"",""timestamp"":""2026-08-22T15:29:48.185175072Z""}"
"[INFO] Downloaded from central: https://repo.maven.apache.org/maven2/org/codehaus/plexus/plexus-utils/4.0.2/plexus-utils-4.0.2.jar (193 kB at 4.5 MB/s)
",2026-08-22T15:29:48.193126693Z,info,"{""serviceId"":""87697b40-66d1-4a58-89e6-1068a09cbf8c"",""deploymentId"":""d6c8c3b8-3bb6-45c0-bc76-a9729ab89f82"",""deploymentInstanceId"":null}","{""level"":""info"",""source"":""buildkit"",""type"":""log"",""vertex"":""sha256:5123184c115415746b9e45a79609be5df6469d0b755767bd2a7f4b208b8cff02"",""stream"":1,""data"":""W0lORk9dIERvd25sb2FkZWQgZnJvbSBjZW50cmFsOiBodHRwczovL3JlcG8ubWF2ZW4uYXBhY2hlLm9yZy9tYXZlbjIvb3JnL2NvZGVoYXVzL3BsZXh1cy9wbGV4dXMtdXRpbHMvNC4wLjIvcGxleHVzLXV0aWxzLTQuMC4yLmphciAoMTkzIGtCIGF0IDQuNSBNQi9zKQo="",""timestamp"":""2026-08-22T15:29:48.193126693Z""}"
"[INFO] Recompiling the module because of changed source code.
",2026-08-22T15:29:48.292563877Z,info,"{""serviceId"":""87697b40-66d1-4a58-89e6-1068a09cbf8c"",""deploymentId"":""d6c8c3b8-3bb6-45c0-bc76-a9729ab89f82"",""deploymentInstanceId"":null}","{""level"":""info"",""source"":""buildkit"",""type"":""log"",""vertex"":""sha256:5123184c115415746b9e45a79609be5df6469d0b755767bd2a7f4b208b8cff02"",""stream"":1,""data"":""W0lORk9dIFJlY29tcGlsaW5nIHRoZSBtb2R1bGUgYmVjYXVzZSBvZiBjaGFuZ2VkIHNvdXJjZSBjb2RlLgo="",""timestamp"":""2026-08-22T15:29:48.292563877Z""}"
"[INFO] Compiling 202 source files with javac [debug parameters release 21] to target/classes
",2026-08-22T15:29:48.299847826Z,info,"{""serviceId"":""87697b40-66d1-4a58-89e6-1068a09cbf8c"",""deploymentId"":""d6c8c3b8-3bb6-45c0-bc76-a9729ab89f82"",""deploymentInstanceId"":null}","{""level"":""info"",""source"":""buildkit"",""type"":""log"",""vertex"":""sha256:5123184c115415746b9e45a79609be5df6469d0b755767bd2a7f4b208b8cff02"",""stream"":1,""data"":""W0lORk9dIENvbXBpbGluZyAyMDIgc291cmNlIGZpbGVzIHdpdGggamF2YWMgW2RlYnVnIHBhcmFtZXRlcnMgcmVsZWFzZSAyMV0gdG8gdGFyZ2V0L2NsYXNzZXMK"",""timestamp"":""2026-08-22T15:29:48.299847826Z""}"
"[INFO] 
[INFO] --- resources:3.3.1:testResources (default-testResources) @ lab-management-system ---
",2026-08-22T15:29:50.663458512Z,info,"{""serviceId"":""87697b40-66d1-4a58-89e6-1068a09cbf8c"",""deploymentId"":""d6c8c3b8-3bb6-45c0-bc76-a9729ab89f82"",""deploymentInstanceId"":null}","{""level"":""info"",""source"":""buildkit"",""type"":""log"",""vertex"":""sha256:5123184c115415746b9e45a79609be5df6469d0b755767bd2a7f4b208b8cff02"",""stream"":1,""data"":""W0lORk9dIApbSU5GT10gLS0tIHJlc291cmNlczozLjMuMTp0ZXN0UmVzb3VyY2VzIChkZWZhdWx0LXRlc3RSZXNvdXJjZXMpIEAgbGFiLW1hbmFnZW1lbnQtc3lzdGVtIC0tLQo="",""timestamp"":""2026-08-22T15:29:50.663458512Z""}"
"[INFO] skip non existing resourceDirectory /app/src/test/resources
",2026-08-22T15:29:50.670048009Z,info,"{""serviceId"":""87697b40-66d1-4a58-89e6-1068a09cbf8c"",""deploymentId"":""d6c8c3b8-3bb6-45c0-bc76-a9729ab89f82"",""deploymentInstanceId"":null}","{""level"":""info"",""source"":""buildkit"",""type"":""log"",""vertex"":""sha256:5123184c115415746b9e45a79609be5df6469d0b755767bd2a7f4b208b8cff02"",""stream"":1,""data"":""W0lORk9dIHNraXAgbm9uIGV4aXN0aW5nIHJlc291cmNlRGlyZWN0b3J5IC9hcHAvc3JjL3Rlc3QvcmVzb3VyY2VzCg=="",""timestamp"":""2026-08-22T15:29:50.670048009Z""}"
"[INFO] 
[INFO] --- compiler:3.14.1:testCompile (default-testCompile) @ lab-management-system ---
",2026-08-22T15:29:50.670152576Z,info,"{""serviceId"":""87697b40-66d1-4a58-89e6-1068a09cbf8c"",""deploymentId"":""d6c8c3b8-3bb6-45c0-bc76-a9729ab89f82"",""deploymentInstanceId"":null}","{""level"":""info"",""source"":""buildkit"",""type"":""log"",""vertex"":""sha256:5123184c115415746b9e45a79609be5df6469d0b755767bd2a7f4b208b8cff02"",""stream"":1,""data"":""W0lORk9dIApbSU5GT10gLS0tIGNvbXBpbGVyOjMuMTQuMTp0ZXN0Q29tcGlsZSAoZGVmYXVsdC10ZXN0Q29tcGlsZSkgQCBsYWItbWFuYWdlbWVudC1zeXN0ZW0gLS0tCg=="",""timestamp"":""2026-08-22T15:29:50.670152576Z""}"
"[INFO] Recompiling the module because of changed dependency.
",2026-08-22T15:29:50.682013892Z,info,"{""serviceId"":""87697b40-66d1-4a58-89e6-1068a09cbf8c"",""deploymentId"":""d6c8c3b8-3bb6-45c0-bc76-a9729ab89f82"",""deploymentInstanceId"":null}","{""level"":""info"",""source"":""buildkit"",""type"":""log"",""vertex"":""sha256:5123184c115415746b9e45a79609be5df6469d0b755767bd2a7f4b208b8cff02"",""stream"":1,""data"":""W0lORk9dIFJlY29tcGlsaW5nIHRoZSBtb2R1bGUgYmVjYXVzZSBvZiBjaGFuZ2VkIGRlcGVuZGVuY3kuCg=="",""timestamp"":""2026-08-22T15:29:50.682013892Z""}"
"[INFO] Compiling 56 source files with javac [debug parameters release 21] to target/test-classes
",2026-08-22T15:29:50.682345801Z,info,"{""serviceId"":""87697b40-66d1-4a58-89e6-1068a09cbf8c"",""deploymentId"":""d6c8c3b8-3bb6-45c0-bc76-a9729ab89f82"",""deploymentInstanceId"":null}","{""level"":""info"",""source"":""buildkit"",""type"":""log"",""vertex"":""sha256:5123184c115415746b9e45a79609be5df6469d0b755767bd2a7f4b208b8cff02"",""stream"":1,""data"":""W0lORk9dIENvbXBpbGluZyA1NiBzb3VyY2UgZmlsZXMgd2l0aCBqYXZhYyBbZGVidWcgcGFyYW1ldGVycyByZWxlYXNlIDIxXSB0byB0YXJnZXQvdGVzdC1jbGFzc2VzCg=="",""timestamp"":""2026-08-22T15:29:50.682345801Z""}"
"[INFO] 
[INFO] --- surefire:3.5.4:test (default-test) @ lab-management-system ---
",2026-08-22T15:29:52.134356768Z,info,"{""serviceId"":""87697b40-66d1-4a58-89e6-1068a09cbf8c"",""deploymentId"":""d6c8c3b8-3bb6-45c0-bc76-a9729ab89f82"",""deploymentInstanceId"":null}","{""level"":""info"",""source"":""buildkit"",""type"":""log"",""vertex"":""sha256:5123184c115415746b9e45a79609be5df6469d0b755767bd2a7f4b208b8cff02"",""stream"":1,""data"":""W0lORk9dIApbSU5GT10gLS0tIHN1cmVmaXJlOjMuNS40OnRlc3QgKGRlZmF1bHQtdGVzdCkgQCBsYWItbWFuYWdlbWVudC1zeXN0ZW0gLS0tCg=="",""timestamp"":""2026-08-22T15:29:52.134356768Z""}"
"[INFO] Downloading from central: https://repo.maven.apache.org/maven2/org/apache/maven/surefire/surefire-api/3.5.4/surefire-api-3.5.4.pom
",2026-08-22T15:29:52.147640289Z,info,"{""serviceId"":""87697b40-66d1-4a58-89e6-1068a09cbf8c"",""deploymentId"":""d6c8c3b8-3bb6-45c0-bc76-a9729ab89f82"",""deploymentInstanceId"":null}","{""level"":""info"",""source"":""buildkit"",""type"":""log"",""vertex"":""sha256:5123184c115415746b9e45a79609be5df6469d0b755767bd2a7f4b208b8cff02"",""stream"":1,""data"":""W0lORk9dIERvd25sb2FkaW5nIGZyb20gY2VudHJhbDogaHR0cHM6Ly9yZXBvLm1hdmVuLmFwYWNoZS5vcmcvbWF2ZW4yL29yZy9hcGFjaGUvbWF2ZW4vc3VyZWZpcmUvc3VyZWZpcmUtYXBpLzMuNS40L3N1cmVmaXJlLWFwaS0zLjUuNC5wb20K"",""timestamp"":""2026-08-22T15:29:52.147640289Z""}"
"[INFO] Downloaded from central: https://repo.maven.apache.org/maven2/org/apache/maven/surefire/surefire-api/3.5.4/surefire-api-3.5.4.pom (3.7 kB at 137 kB/s)
",2026-08-22T15:29:52.174486138Z,info,"{""serviceId"":""87697b40-66d1-4a58-89e6-1068a09cbf8c"",""deploymentId"":""d6c8c3b8-3bb6-45c0-bc76-a9729ab89f82"",""deploymentInstanceId"":null}","{""level"":""info"",""source"":""buildkit"",""type"":""log"",""vertex"":""sha256:5123184c115415746b9e45a79609be5df6469d0b755767bd2a7f4b208b8cff02"",""stream"":1,""data"":""W0lORk9dIERvd25sb2FkZWQgZnJvbSBjZW50cmFsOiBodHRwczovL3JlcG8ubWF2ZW4uYXBhY2hlLm9yZy9tYXZlbjIvb3JnL2FwYWNoZS9tYXZlbi9zdXJlZmlyZS9zdXJlZmlyZS1hcGkvMy41LjQvc3VyZWZpcmUtYXBpLTMuNS40LnBvbSAoMy43IGtCIGF0IDEzNyBrQi9zKQo="",""timestamp"":""2026-08-22T15:29:52.174486138Z""}"
"[INFO] Downloading from central: https://repo.maven.apache.org/maven2/org/apache/maven/surefire/surefire-logger-api/3.5.4/surefire-logger-api-3.5.4.pom
",2026-08-22T15:29:52.18077915Z,info,"{""serviceId"":""87697b40-66d1-4a58-89e6-1068a09cbf8c"",""deploymentId"":""d6c8c3b8-3bb6-45c0-bc76-a9729ab89f82"",""deploymentInstanceId"":null}","{""level"":""info"",""source"":""buildkit"",""type"":""log"",""vertex"":""sha256:5123184c115415746b9e45a79609be5df6469d0b755767bd2a7f4b208b8cff02"",""stream"":1,""data"":""W0lORk9dIERvd25sb2FkaW5nIGZyb20gY2VudHJhbDogaHR0cHM6Ly9yZXBvLm1hdmVuLmFwYWNoZS5vcmcvbWF2ZW4yL29yZy9hcGFjaGUvbWF2ZW4vc3VyZWZpcmUvc3VyZWZpcmUtbG9nZ2VyLWFwaS8zLjUuNC9zdXJlZmlyZS1sb2dnZXItYXBpLTMuNS40LnBvbQo="",""timestamp"":""2026-08-22T15:29:52.18077915Z""}"
"[INFO] Downloaded from central: https://repo.maven.apache.org/maven2/org/apache/maven/surefire/surefire-logger-api/3.5.4/surefire-logger-api-3.5.4.pom (3.5 kB at 152 kB/s)
",2026-08-22T15:29:52.203268042Z,info,"{""serviceId"":""87697b40-66d1-4a58-89e6-1068a09cbf8c"",""deploymentId"":""d6c8c3b8-3bb6-45c0-bc76-a9729ab89f82"",""deploymentInstanceId"":null}","{""level"":""info"",""source"":""buildkit"",""type"":""log"",""vertex"":""sha256:5123184c115415746b9e45a79609be5df6469d0b755767bd2a7f4b208b8cff02"",""stream"":1,""data"":""W0lORk9dIERvd25sb2FkZWQgZnJvbSBjZW50cmFsOiBodHRwczovL3JlcG8ubWF2ZW4uYXBhY2hlLm9yZy9tYXZlbjIvb3JnL2FwYWNoZS9tYXZlbi9zdXJlZmlyZS9zdXJlZmlyZS1sb2dnZXItYXBpLzMuNS40L3N1cmVmaXJlLWxvZ2dlci1hcGktMy41LjQucG9tICgzLjUga0IgYXQgMTUyIGtCL3MpCg=="",""timestamp"":""2026-08-22T15:29:52.203268042Z""}"
"[INFO] Downloading from central: https://repo.maven.apache.org/maven2/org/apache/maven/surefire/surefire-shared-utils/3.5.4/surefire-shared-utils-3.5.4.pom
",2026-08-22T15:29:52.206313912Z,info,"{""serviceId"":""87697b40-66d1-4a58-89e6-1068a09cbf8c"",""deploymentId"":""d6c8c3b8-3bb6-45c0-bc76-a9729ab89f82"",""deploymentInstanceId"":null}","{""level"":""info"",""source"":""buildkit"",""type"":""log"",""vertex"":""sha256:5123184c115415746b9e45a79609be5df6469d0b755767bd2a7f4b208b8cff02"",""stream"":1,""data"":""W0lORk9dIERvd25sb2FkaW5nIGZyb20gY2VudHJhbDogaHR0cHM6Ly9yZXBvLm1hdmVuLmFwYWNoZS5vcmcvbWF2ZW4yL29yZy9hcGFjaGUvbWF2ZW4vc3VyZWZpcmUvc3VyZWZpcmUtc2hhcmVkLXV0aWxzLzMuNS40L3N1cmVmaXJlLXNoYXJlZC11dGlscy0zLjUuNC5wb20K"",""timestamp"":""2026-08-22T15:29:52.206313912Z""}"
"[INFO] Downloaded from central: https://repo.maven.apache.org/maven2/org/apache/maven/surefire/surefire-shared-utils/3.5.4/surefire-shared-utils-3.5.4.pom (4.0 kB at 188 kB/s)
",2026-08-22T15:29:52.228107712Z,info,"{""serviceId"":""87697b40-66d1-4a58-89e6-1068a09cbf8c"",""deploymentId"":""d6c8c3b8-3bb6-45c0-bc76-a9729ab89f82"",""deploymentInstanceId"":null}","{""level"":""info"",""source"":""buildkit"",""type"":""log"",""vertex"":""sha256:5123184c115415746b9e45a79609be5df6469d0b755767bd2a7f4b208b8cff02"",""stream"":1,""data"":""W0lORk9dIERvd25sb2FkZWQgZnJvbSBjZW50cmFsOiBodHRwczovL3JlcG8ubWF2ZW4uYXBhY2hlLm9yZy9tYXZlbjIvb3JnL2FwYWNoZS9tYXZlbi9zdXJlZmlyZS9zdXJlZmlyZS1zaGFyZWQtdXRpbHMvMy41LjQvc3VyZWZpcmUtc2hhcmVkLXV0aWxzLTMuNS40LnBvbSAoNC4wIGtCIGF0IDE4OCBrQi9zKQo="",""timestamp"":""2026-08-22T15:29:52.228107712Z""}"
"[INFO] Downloading from central: https://repo.maven.apache.org/maven2/org/apache/maven/surefire/surefire-extensions-api/3.5.4/surefire-extensions-api-3.5.4.pom
",2026-08-22T15:29:52.231011598Z,info,"{""serviceId"":""87697b40-66d1-4a58-89e6-1068a09cbf8c"",""deploymentId"":""d6c8c3b8-3bb6-45c0-bc76-a9729ab89f82"",""deploymentInstanceId"":null}","{""level"":""info"",""source"":""buildkit"",""type"":""log"",""vertex"":""sha256:5123184c115415746b9e45a79609be5df6469d0b755767bd2a7f4b208b8cff02"",""stream"":1,""data"":""W0lORk9dIERvd25sb2FkaW5nIGZyb20gY2VudHJhbDogaHR0cHM6Ly9yZXBvLm1hdmVuLmFwYWNoZS5vcmcvbWF2ZW4yL29yZy9hcGFjaGUvbWF2ZW4vc3VyZWZpcmUvc3VyZWZpcmUtZXh0ZW5zaW9ucy1hcGkvMy41LjQvc3VyZWZpcmUtZXh0ZW5zaW9ucy1hcGktMy41LjQucG9tCg=="",""timestamp"":""2026-08-22T15:29:52.231011598Z""}"
"[INFO] Downloaded from central: https://repo.maven.apache.org/maven2/org/apache/maven/surefire/surefire-extensions-api/3.5.4/surefire-extensions-api-3.5.4.pom (3.6 kB at 178 kB/s)
",2026-08-22T15:29:52.250926289Z,info,"{""serviceId"":""87697b40-66d1-4a58-89e6-1068a09cbf8c"",""deploymentId"":""d6c8c3b8-3bb6-45c0-bc76-a9729ab89f82"",""deploymentInstanceId"":null}","{""level"":""info"",""source"":""buildkit"",""type"":""log"",""vertex"":""sha256:5123184c115415746b9e45a79609be5df6469d0b755767bd2a7f4b208b8cff02"",""stream"":1,""data"":""W0lORk9dIERvd25sb2FkZWQgZnJvbSBjZW50cmFsOiBodHRwczovL3JlcG8ubWF2ZW4uYXBhY2hlLm9yZy9tYXZlbjIvb3JnL2FwYWNoZS9tYXZlbi9zdXJlZmlyZS9zdXJlZmlyZS1leHRlbnNpb25zLWFwaS8zLjUuNC9zdXJlZmlyZS1leHRlbnNpb25zLWFwaS0zLjUuNC5wb20gKDMuNiBrQiBhdCAxNzgga0IvcykK"",""timestamp"":""2026-08-22T15:29:52.250926289Z""}"
"[INFO] Downloading from central: https://repo.maven.apache.org/maven2/org/apache/maven/surefire/maven-surefire-common/3.5.4/maven-surefire-common-3.5.4.pom
",2026-08-22T15:29:52.253438347Z,info,"{""serviceId"":""87697b40-66d1-4a58-89e6-1068a09cbf8c"",""deploymentId"":""d6c8c3b8-3bb6-45c0-bc76-a9729ab89f82"",""deploymentInstanceId"":null}","{""level"":""info"",""source"":""buildkit"",""type"":""log"",""vertex"":""sha256:5123184c115415746b9e45a79609be5df6469d0b755767bd2a7f4b208b8cff02"",""stream"":1,""data"":""W0lORk9dIERvd25sb2FkaW5nIGZyb20gY2VudHJhbDogaHR0cHM6Ly9yZXBvLm1hdmVuLmFwYWNoZS5vcmcvbWF2ZW4yL29yZy9hcGFjaGUvbWF2ZW4vc3VyZWZpcmUvbWF2ZW4tc3VyZWZpcmUtY29tbW9uLzMuNS40L21hdmVuLXN1cmVmaXJlLWNvbW1vbi0zLjUuNC5wb20K"",""timestamp"":""2026-08-22T15:29:52.253438347Z""}"
"[INFO] Downloaded from central: https://repo.maven.apache.org/maven2/org/apache/maven/surefire/maven-surefire-common/3.5.4/maven-surefire-common-3.5.4.pom (7.3 kB at 348 kB/s)
",2026-08-22T15:29:52.274577865Z,info,"{""serviceId"":""87697b40-66d1-4a58-89e6-1068a09cbf8c"",""deploymentId"":""d6c8c3b8-3bb6-45c0-bc76-a9729ab89f82"",""deploymentInstanceId"":null}","{""level"":""info"",""source"":""buildkit"",""type"":""log"",""vertex"":""sha256:5123184c115415746b9e45a79609be5df6469d0b755767bd2a7f4b208b8cff02"",""stream"":1,""data"":""W0lORk9dIERvd25sb2FkZWQgZnJvbSBjZW50cmFsOiBodHRwczovL3JlcG8ubWF2ZW4uYXBhY2hlLm9yZy9tYXZlbjIvb3JnL2FwYWNoZS9tYXZlbi9zdXJlZmlyZS9tYXZlbi1zdXJlZmlyZS1jb21tb24vMy41LjQvbWF2ZW4tc3VyZWZpcmUtY29tbW9uLTMuNS40LnBvbSAoNy4zIGtCIGF0IDM0OCBrQi9zKQo="",""timestamp"":""2026-08-22T15:29:52.274577865Z""}"
"[INFO] Downloading from central: https://repo.maven.apache.org/maven2/org/apache/maven/surefire/surefire-booter/3.5.4/surefire-booter-3.5.4.pom
",2026-08-22T15:29:52.276989474Z,info,"{""serviceId"":""87697b40-66d1-4a58-89e6-1068a09cbf8c"",""deploymentId"":""d6c8c3b8-3bb6-45c0-bc76-a9729ab89f82"",""deploymentInstanceId"":null}","{""level"":""info"",""source"":""buildkit"",""type"":""log"",""vertex"":""sha256:5123184c115415746b9e45a79609be5df6469d0b755767bd2a7f4b208b8cff02"",""stream"":1,""data"":""W0lORk9dIERvd25sb2FkaW5nIGZyb20gY2VudHJhbDogaHR0cHM6Ly9yZXBvLm1hdmVuLmFwYWNoZS5vcmcvbWF2ZW4yL29yZy9hcGFjaGUvbWF2ZW4vc3VyZWZpcmUvc3VyZWZpcmUtYm9vdGVyLzMuNS40L3N1cmVmaXJlLWJvb3Rlci0zLjUuNC5wb20K"",""timestamp"":""2026-08-22T15:29:52.276989474Z""}"
"[INFO] Downloaded from central: https://repo.maven.apache.org/maven2/org/apache/maven/surefire/surefire-booter/3.5.4/surefire-booter-3.5.4.pom (5.0 kB at 178 kB/s)
",2026-08-22T15:29:52.304176374Z,info,"{""serviceId"":""87697b40-66d1-4a58-89e6-1068a09cbf8c"",""deploymentId"":""d6c8c3b8-3bb6-45c0-bc76-a9729ab89f82"",""deploymentInstanceId"":null}","{""level"":""info"",""source"":""buildkit"",""type"":""log"",""vertex"":""sha256:5123184c115415746b9e45a79609be5df6469d0b755767bd2a7f4b208b8cff02"",""stream"":1,""data"":""W0lORk9dIERvd25sb2FkZWQgZnJvbSBjZW50cmFsOiBodHRwczovL3JlcG8ubWF2ZW4uYXBhY2hlLm9yZy9tYXZlbjIvb3JnL2FwYWNoZS9tYXZlbi9zdXJlZmlyZS9zdXJlZmlyZS1ib290ZXIvMy41LjQvc3VyZWZpcmUtYm9vdGVyLTMuNS40LnBvbSAoNS4wIGtCIGF0IDE3OCBrQi9zKQo="",""timestamp"":""2026-08-22T15:29:52.304176374Z""}"
"[INFO] Downloading from central: https://repo.maven.apache.org/maven2/org/apache/maven/surefire/surefire-extensions-spi/3.5.4/surefire-extensions-spi-3.5.4.pom
",2026-08-22T15:29:52.306766831Z,info,"{""serviceId"":""87697b40-66d1-4a58-89e6-1068a09cbf8c"",""deploymentId"":""d6c8c3b8-3bb6-45c0-bc76-a9729ab89f82"",""deploymentInstanceId"":null}","{""level"":""info"",""source"":""buildkit"",""type"":""log"",""vertex"":""sha256:5123184c115415746b9e45a79609be5df6469d0b755767bd2a7f4b208b8cff02"",""stream"":1,""data"":""W0lORk9dIERvd25sb2FkaW5nIGZyb20gY2VudHJhbDogaHR0cHM6Ly9yZXBvLm1hdmVuLmFwYWNoZS5vcmcvbWF2ZW4yL29yZy9hcGFjaGUvbWF2ZW4vc3VyZWZpcmUvc3VyZWZpcmUtZXh0ZW5zaW9ucy1zcGkvMy41LjQvc3VyZWZpcmUtZXh0ZW5zaW9ucy1zcGktMy41LjQucG9tCg=="",""timestamp"":""2026-08-22T15:29:52.306766831Z""}"
"[INFO] Downloaded from central: https://repo.maven.apache.org/maven2/org/apache/maven/surefire/surefire-extensions-spi/3.5.4/surefire-extensions-spi-3.5.4.pom (1.7 kB at 72 kB/s)
",2026-08-22T15:29:52.330241052Z,info,"{""serviceId"":""87697b40-66d1-4a58-89e6-1068a09cbf8c"",""deploymentId"":""d6c8c3b8-3bb6-45c0-bc76-a9729ab89f82"",""deploymentInstanceId"":null}","{""level"":""info"",""source"":""buildkit"",""type"":""log"",""vertex"":""sha256:5123184c115415746b9e45a79609be5df6469d0b755767bd2a7f4b208b8cff02"",""stream"":1,""data"":""W0lORk9dIERvd25sb2FkZWQgZnJvbSBjZW50cmFsOiBodHRwczovL3JlcG8ubWF2ZW4uYXBhY2hlLm9yZy9tYXZlbjIvb3JnL2FwYWNoZS9tYXZlbi9zdXJlZmlyZS9zdXJlZmlyZS1leHRlbnNpb25zLXNwaS8zLjUuNC9zdXJlZmlyZS1leHRlbnNpb25zLXNwaS0zLjUuNC5wb20gKDEuNyBrQiBhdCA3MiBrQi9zKQo="",""timestamp"":""2026-08-22T15:29:52.330241052Z""}"
"[INFO] Downloading from central: https://repo.maven.apache.org/maven2/org/apache/maven/surefire/surefire-api/3.5.4/surefire-api-3.5.4.jar
",2026-08-22T15:29:52.337970469Z,info,"{""serviceId"":""87697b40-66d1-4a58-89e6-1068a09cbf8c"",""deploymentId"":""d6c8c3b8-3bb6-45c0-bc76-a9729ab89f82"",""deploymentInstanceId"":null}","{""level"":""info"",""source"":""buildkit"",""type"":""log"",""vertex"":""sha256:5123184c115415746b9e45a79609be5df6469d0b755767bd2a7f4b208b8cff02"",""stream"":1,""data"":""W0lORk9dIERvd25sb2FkaW5nIGZyb20gY2VudHJhbDogaHR0cHM6Ly9yZXBvLm1hdmVuLmFwYWNoZS5vcmcvbWF2ZW4yL29yZy9hcGFjaGUvbWF2ZW4vc3VyZWZpcmUvc3VyZWZpcmUtYXBpLzMuNS40L3N1cmVmaXJlLWFwaS0zLjUuNC5qYXIK"",""timestamp"":""2026-08-22T15:29:52.337970469Z""}"
"[INFO] Downloaded from central: https://repo.maven.apache.org/maven2/org/apache/maven/surefire/surefire-api/3.5.4/surefire-api-3.5.4.jar (174 kB at 8.7 MB/s)
",2026-08-22T15:29:52.357336666Z,info,"{""serviceId"":""87697b40-66d1-4a58-89e6-1068a09cbf8c"",""deploymentId"":""d6c8c3b8-3bb6-45c0-bc76-a9729ab89f82"",""deploymentInstanceId"":null}","{""level"":""info"",""source"":""buildkit"",""type"":""log"",""vertex"":""sha256:5123184c115415746b9e45a79609be5df6469d0b755767bd2a7f4b208b8cff02"",""stream"":1,""data"":""W0lORk9dIERvd25sb2FkZWQgZnJvbSBjZW50cmFsOiBodHRwczovL3JlcG8ubWF2ZW4uYXBhY2hlLm9yZy9tYXZlbjIvb3JnL2FwYWNoZS9tYXZlbi9zdXJlZmlyZS9zdXJlZmlyZS1hcGkvMy41LjQvc3VyZWZpcmUtYXBpLTMuNS40LmphciAoMTc0IGtCIGF0IDguNyBNQi9zKQo="",""timestamp"":""2026-08-22T15:29:52.357336666Z""}"
"[INFO] Downloading from central: https://repo.maven.apache.org/maven2/org/apache/maven/surefire/surefire-logger-api/3.5.4/surefire-logger-api-3.5.4.jar
",2026-08-22T15:29:52.358031468Z,info,"{""serviceId"":""87697b40-66d1-4a58-89e6-1068a09cbf8c"",""deploymentId"":""d6c8c3b8-3bb6-45c0-bc76-a9729ab89f82"",""deploymentInstanceId"":null}","{""level"":""info"",""source"":""buildkit"",""type"":""log"",""vertex"":""sha256:5123184c115415746b9e45a79609be5df6469d0b755767bd2a7f4b208b8cff02"",""stream"":1,""data"":""W0lORk9dIERvd25sb2FkaW5nIGZyb20gY2VudHJhbDogaHR0cHM6Ly9yZXBvLm1hdmVuLmFwYWNoZS5vcmcvbWF2ZW4yL29yZy9hcGFjaGUvbWF2ZW4vc3VyZWZpcmUvc3VyZWZpcmUtbG9nZ2VyLWFwaS8zLjUuNC9zdXJlZmlyZS1sb2dnZXItYXBpLTMuNS40Lmphcgo="",""timestamp"":""2026-08-22T15:29:52.358031468Z""}"
"[INFO] Downloading from central: https://repo.maven.apache.org/maven2/org/apache/maven/surefire/surefire-shared-utils/3.5.4/surefire-shared-utils-3.5.4.jar
",2026-08-22T15:29:52.358231699Z,info,"{""serviceId"":""87697b40-66d1-4a58-89e6-1068a09cbf8c"",""deploymentId"":""d6c8c3b8-3bb6-45c0-bc76-a9729ab89f82"",""deploymentInstanceId"":null}","{""level"":""info"",""source"":""buildkit"",""type"":""log"",""vertex"":""sha256:5123184c115415746b9e45a79609be5df6469d0b755767bd2a7f4b208b8cff02"",""stream"":1,""data"":""W0lORk9dIERvd25sb2FkaW5nIGZyb20gY2VudHJhbDogaHR0cHM6Ly9yZXBvLm1hdmVuLmFwYWNoZS5vcmcvbWF2ZW4yL29yZy9hcGFjaGUvbWF2ZW4vc3VyZWZpcmUvc3VyZWZpcmUtc2hhcmVkLXV0aWxzLzMuNS40L3N1cmVmaXJlLXNoYXJlZC11dGlscy0zLjUuNC5qYXIK"",""timestamp"":""2026-08-22T15:29:52.358231699Z""}"
"[INFO] Downloading from central: https://repo.maven.apache.org/maven2/org/apache/maven/surefire/surefire-extensions-api/3.5.4/surefire-extensions-api-3.5.4.jar
",2026-08-22T15:29:52.358446111Z,info,"{""serviceId"":""87697b40-66d1-4a58-89e6-1068a09cbf8c"",""deploymentId"":""d6c8c3b8-3bb6-45c0-bc76-a9729ab89f82"",""deploymentInstanceId"":null}","{""level"":""info"",""source"":""buildkit"",""type"":""log"",""vertex"":""sha256:5123184c115415746b9e45a79609be5df6469d0b755767bd2a7f4b208b8cff02"",""stream"":1,""data"":""W0lORk9dIERvd25sb2FkaW5nIGZyb20gY2VudHJhbDogaHR0cHM6Ly9yZXBvLm1hdmVuLmFwYWNoZS5vcmcvbWF2ZW4yL29yZy9hcGFjaGUvbWF2ZW4vc3VyZWZpcmUvc3VyZWZpcmUtZXh0ZW5zaW9ucy1hcGkvMy41LjQvc3VyZWZpcmUtZXh0ZW5zaW9ucy1hcGktMy41LjQuamFyCg=="",""timestamp"":""2026-08-22T15:29:52.358446111Z""}"
"[INFO] Downloading from central: https://repo.maven.apache.org/maven2/org/apache/maven/surefire/maven-surefire-common/3.5.4/maven-surefire-common-3.5.4.jar
",2026-08-22T15:29:52.358831789Z,info,"{""serviceId"":""87697b40-66d1-4a58-89e6-1068a09cbf8c"",""deploymentId"":""d6c8c3b8-3bb6-45c0-bc76-a9729ab89f82"",""deploymentInstanceId"":null}","{""level"":""info"",""source"":""buildkit"",""type"":""log"",""vertex"":""sha256:5123184c115415746b9e45a79609be5df6469d0b755767bd2a7f4b208b8cff02"",""stream"":1,""data"":""W0lORk9dIERvd25sb2FkaW5nIGZyb20gY2VudHJhbDogaHR0cHM6Ly9yZXBvLm1hdmVuLmFwYWNoZS5vcmcvbWF2ZW4yL29yZy9hcGFjaGUvbWF2ZW4vc3VyZWZpcmUvbWF2ZW4tc3VyZWZpcmUtY29tbW9uLzMuNS40L21hdmVuLXN1cmVmaXJlLWNvbW1vbi0zLjUuNC5qYXIK"",""timestamp"":""2026-08-22T15:29:52.358831789Z""}"
"[INFO] Downloading from central: https://repo.maven.apache.org/maven2/org/apache/maven/surefire/surefire-booter/3.5.4/surefire-booter-3.5.4.jar
",2026-08-22T15:29:52.359146081Z,info,"{""serviceId"":""87697b40-66d1-4a58-89e6-1068a09cbf8c"",""deploymentId"":""d6c8c3b8-3bb6-45c0-bc76-a9729ab89f82"",""deploymentInstanceId"":null}","{""level"":""info"",""source"":""buildkit"",""type"":""log"",""vertex"":""sha256:5123184c115415746b9e45a79609be5df6469d0b755767bd2a7f4b208b8cff02"",""stream"":1,""data"":""W0lORk9dIERvd25sb2FkaW5nIGZyb20gY2VudHJhbDogaHR0cHM6Ly9yZXBvLm1hdmVuLmFwYWNoZS5vcmcvbWF2ZW4yL29yZy9hcGFjaGUvbWF2ZW4vc3VyZWZpcmUvc3VyZWZpcmUtYm9vdGVyLzMuNS40L3N1cmVmaXJlLWJvb3Rlci0zLjUuNC5qYXIK"",""timestamp"":""2026-08-22T15:29:52.359146081Z""}"
"[INFO] Downloaded from central: https://repo.maven.apache.org/maven2/org/apache/maven/surefire/surefire-logger-api/3.5.4/surefire-logger-api-3.5.4.jar (14 kB at 716 kB/s)
",2026-08-22T15:29:52.37715438Z,info,"{""serviceId"":""87697b40-66d1-4a58-89e6-1068a09cbf8c"",""deploymentId"":""d6c8c3b8-3bb6-45c0-bc76-a9729ab89f82"",""deploymentInstanceId"":null}","{""level"":""info"",""source"":""buildkit"",""type"":""log"",""vertex"":""sha256:5123184c115415746b9e45a79609be5df6469d0b755767bd2a7f4b208b8cff02"",""stream"":1,""data"":""W0lORk9dIERvd25sb2FkZWQgZnJvbSBjZW50cmFsOiBodHRwczovL3JlcG8ubWF2ZW4uYXBhY2hlLm9yZy9tYXZlbjIvb3JnL2FwYWNoZS9tYXZlbi9zdXJlZmlyZS9zdXJlZmlyZS1sb2dnZXItYXBpLzMuNS40L3N1cmVmaXJlLWxvZ2dlci1hcGktMy41LjQuamFyICgxNCBrQiBhdCA3MTYga0IvcykK"",""timestamp"":""2026-08-22T15:29:52.37715438Z""}"
"[INFO] Downloading from central: https://repo.maven.apache.org/maven2/org/apache/maven/surefire/surefire-extensions-spi/3.5.4/surefire-extensions-spi-3.5.4.jar
",2026-08-22T15:29:52.37726766Z,info,"{""serviceId"":""87697b40-66d1-4a58-89e6-1068a09cbf8c"",""deploymentId"":""d6c8c3b8-3bb6-45c0-bc76-a9729ab89f82"",""deploymentInstanceId"":null}","{""level"":""info"",""source"":""buildkit"",""type"":""log"",""vertex"":""sha256:5123184c115415746b9e45a79609be5df6469d0b755767bd2a7f4b208b8cff02"",""stream"":1,""data"":""W0lORk9dIERvd25sb2FkaW5nIGZyb20gY2VudHJhbDogaHR0cHM6Ly9yZXBvLm1hdmVuLmFwYWNoZS5vcmcvbWF2ZW4yL29yZy9hcGFjaGUvbWF2ZW4vc3VyZWZpcmUvc3VyZWZpcmUtZXh0ZW5zaW9ucy1zcGkvMy41LjQvc3VyZWZpcmUtZXh0ZW5zaW9ucy1zcGktMy41LjQuamFyCg=="",""timestamp"":""2026-08-22T15:29:52.37726766Z""}"
"[INFO] Downloaded from central: https://repo.maven.apache.org/maven2/org/apache/maven/surefire/maven-surefire-common/3.5.4/maven-surefire-common-3.5.4.jar (314 kB at 12 MB/s)
",2026-08-22T15:29:52.385928665Z,info,"{""serviceId"":""87697b40-66d1-4a58-89e6-1068a09cbf8c"",""deploymentId"":""d6c8c3b8-3bb6-45c0-bc76-a9729ab89f82"",""deploymentInstanceId"":null}","{""level"":""info"",""source"":""buildkit"",""type"":""log"",""vertex"":""sha256:5123184c115415746b9e45a79609be5df6469d0b755767bd2a7f4b208b8cff02"",""stream"":1,""data"":""W0lORk9dIERvd25sb2FkZWQgZnJvbSBjZW50cmFsOiBodHRwczovL3JlcG8ubWF2ZW4uYXBhY2hlLm9yZy9tYXZlbjIvb3JnL2FwYWNoZS9tYXZlbi9zdXJlZmlyZS9tYXZlbi1zdXJlZmlyZS1jb21tb24vMy41LjQvbWF2ZW4tc3VyZWZpcmUtY29tbW9uLTMuNS40LmphciAoMzE0IGtCIGF0IDEyIE1CL3MpCg=="",""timestamp"":""2026-08-22T15:29:52.385928665Z""}"
"[INFO] Downloaded from central: https://repo.maven.apache.org/maven2/org/apache/maven/surefire/surefire-extensions-api/3.5.4/surefire-extensions-api-3.5.4.jar (26 kB at 918 kB/s)
",2026-08-22T15:29:52.386764479Z,info,"{""serviceId"":""87697b40-66d1-4a58-89e6-1068a09cbf8c"",""deploymentId"":""d6c8c3b8-3bb6-45c0-bc76-a9729ab89f82"",""deploymentInstanceId"":null}","{""level"":""info"",""source"":""buildkit"",""type"":""log"",""vertex"":""sha256:5123184c115415746b9e45a79609be5df6469d0b755767bd2a7f4b208b8cff02"",""stream"":1,""data"":""W0lORk9dIERvd25sb2FkZWQgZnJvbSBjZW50cmFsOiBodHRwczovL3JlcG8ubWF2ZW4uYXBhY2hlLm9yZy9tYXZlbjIvb3JnL2FwYWNoZS9tYXZlbi9zdXJlZmlyZS9zdXJlZmlyZS1leHRlbnNpb25zLWFwaS8zLjUuNC9zdXJlZmlyZS1leHRlbnNpb25zLWFwaS0zLjUuNC5qYXIgKDI2IGtCIGF0IDkxOCBrQi9zKQo="",""timestamp"":""2026-08-22T15:29:52.386764479Z""}"
"[INFO] Downloaded from central: https://repo.maven.apache.org/maven2/org/apache/maven/surefire/surefire-booter/3.5.4/surefire-booter-3.5.4.jar (119 kB at 3.5 MB/s)
",2026-08-22T15:29:52.392193535Z,info,"{""serviceId"":""87697b40-66d1-4a58-89e6-1068a09cbf8c"",""deploymentId"":""d6c8c3b8-3bb6-45c0-bc76-a9729ab89f82"",""deploymentInstanceId"":null}","{""level"":""info"",""source"":""buildkit"",""type"":""log"",""vertex"":""sha256:5123184c115415746b9e45a79609be5df6469d0b755767bd2a7f4b208b8cff02"",""stream"":1,""data"":""W0lORk9dIERvd25sb2FkZWQgZnJvbSBjZW50cmFsOiBodHRwczovL3JlcG8ubWF2ZW4uYXBhY2hlLm9yZy9tYXZlbjIvb3JnL2FwYWNoZS9tYXZlbi9zdXJlZmlyZS9zdXJlZmlyZS1ib290ZXIvMy41LjQvc3VyZWZpcmUtYm9vdGVyLTMuNS40LmphciAoMTE5IGtCIGF0IDMuNSBNQi9zKQo="",""timestamp"":""2026-08-22T15:29:52.392193535Z""}"
"[INFO] Downloaded from central: https://repo.maven.apache.org/maven2/org/apache/maven/surefire/surefire-extensions-spi/3.5.4/surefire-extensions-spi-3.5.4.jar (8.2 kB at 227 kB/s)
",2026-08-22T15:29:52.394462089Z,info,"{""serviceId"":""87697b40-66d1-4a58-89e6-1068a09cbf8c"",""deploymentId"":""d6c8c3b8-3bb6-45c0-bc76-a9729ab89f82"",""deploymentInstanceId"":null}","{""level"":""info"",""source"":""buildkit"",""type"":""log"",""vertex"":""sha256:5123184c115415746b9e45a79609be5df6469d0b755767bd2a7f4b208b8cff02"",""stream"":1,""data"":""W0lORk9dIERvd25sb2FkZWQgZnJvbSBjZW50cmFsOiBodHRwczovL3JlcG8ubWF2ZW4uYXBhY2hlLm9yZy9tYXZlbjIvb3JnL2FwYWNoZS9tYXZlbi9zdXJlZmlyZS9zdXJlZmlyZS1leHRlbnNpb25zLXNwaS8zLjUuNC9zdXJlZmlyZS1leHRlbnNpb25zLXNwaS0zLjUuNC5qYXIgKDguMiBrQiBhdCAyMjcga0IvcykK"",""timestamp"":""2026-08-22T15:29:52.394462089Z""}"
"[INFO] Downloaded from central: https://repo.maven.apache.org/maven2/org/apache/maven/surefire/surefire-shared-utils/3.5.4/surefire-shared-utils-3.5.4.jar (2.9 MB at 64 MB/s)
",2026-08-22T15:29:52.403889514Z,info,"{""serviceId"":""87697b40-66d1-4a58-89e6-1068a09cbf8c"",""deploymentId"":""d6c8c3b8-3bb6-45c0-bc76-a9729ab89f82"",""deploymentInstanceId"":null}","{""level"":""info"",""source"":""buildkit"",""type"":""log"",""vertex"":""sha256:5123184c115415746b9e45a79609be5df6469d0b755767bd2a7f4b208b8cff02"",""stream"":1,""data"":""W0lORk9dIERvd25sb2FkZWQgZnJvbSBjZW50cmFsOiBodHRwczovL3JlcG8ubWF2ZW4uYXBhY2hlLm9yZy9tYXZlbjIvb3JnL2FwYWNoZS9tYXZlbi9zdXJlZmlyZS9zdXJlZmlyZS1zaGFyZWQtdXRpbHMvMy41LjQvc3VyZWZpcmUtc2hhcmVkLXV0aWxzLTMuNS40LmphciAoMi45IE1CIGF0IDY0IE1CL3MpCg=="",""timestamp"":""2026-08-22T15:29:52.403889514Z""}"
"[INFO] Tests are skipped.
",2026-08-22T15:29:52.482488443Z,info,"{""serviceId"":""87697b40-66d1-4a58-89e6-1068a09cbf8c"",""deploymentId"":""d6c8c3b8-3bb6-45c0-bc76-a9729ab89f82"",""deploymentInstanceId"":null}","{""level"":""info"",""source"":""buildkit"",""type"":""log"",""vertex"":""sha256:5123184c115415746b9e45a79609be5df6469d0b755767bd2a7f4b208b8cff02"",""stream"":1,""data"":""W0lORk9dIFRlc3RzIGFyZSBza2lwcGVkLgo="",""timestamp"":""2026-08-22T15:29:52.482488443Z""}"
"[INFO] 
",2026-08-22T15:29:52.482583806Z,info,"{""serviceId"":""87697b40-66d1-4a58-89e6-1068a09cbf8c"",""deploymentId"":""d6c8c3b8-3bb6-45c0-bc76-a9729ab89f82"",""deploymentInstanceId"":null}","{""level"":""info"",""source"":""buildkit"",""type"":""log"",""vertex"":""sha256:5123184c115415746b9e45a79609be5df6469d0b755767bd2a7f4b208b8cff02"",""stream"":1,""data"":""W0lORk9dIAo="",""timestamp"":""2026-08-22T15:29:52.482583806Z""}"
"[INFO] --- jar:3.4.2:jar (default-jar) @ lab-management-system ---
",2026-08-22T15:29:52.482603465Z,info,"{""serviceId"":""87697b40-66d1-4a58-89e6-1068a09cbf8c"",""deploymentId"":""d6c8c3b8-3bb6-45c0-bc76-a9729ab89f82"",""deploymentInstanceId"":null}","{""level"":""info"",""source"":""buildkit"",""type"":""log"",""vertex"":""sha256:5123184c115415746b9e45a79609be5df6469d0b755767bd2a7f4b208b8cff02"",""stream"":1,""data"":""W0lORk9dIC0tLSBqYXI6My40LjI6amFyIChkZWZhdWx0LWphcikgQCBsYWItbWFuYWdlbWVudC1zeXN0ZW0gLS0tCg=="",""timestamp"":""2026-08-22T15:29:52.482603465Z""}"
"[INFO] Downloading from central: https://repo.maven.apache.org/maven2/org/apache/maven/shared/file-management/3.1.0/file-management-3.1.0.pom
",2026-08-22T15:29:52.486341253Z,info,"{""serviceId"":""87697b40-66d1-4a58-89e6-1068a09cbf8c"",""deploymentId"":""d6c8c3b8-3bb6-45c0-bc76-a9729ab89f82"",""deploymentInstanceId"":null}","{""level"":""info"",""source"":""buildkit"",""type"":""log"",""vertex"":""sha256:5123184c115415746b9e45a79609be5df6469d0b755767bd2a7f4b208b8cff02"",""stream"":1,""data"":""W0lORk9dIERvd25sb2FkaW5nIGZyb20gY2VudHJhbDogaHR0cHM6Ly9yZXBvLm1hdmVuLmFwYWNoZS5vcmcvbWF2ZW4yL29yZy9hcGFjaGUvbWF2ZW4vc2hhcmVkL2ZpbGUtbWFuYWdlbWVudC8zLjEuMC9maWxlLW1hbmFnZW1lbnQtMy4xLjAucG9tCg=="",""timestamp"":""2026-08-22T15:29:52.486341253Z""}"
"[INFO] Downloaded from central: https://repo.maven.apache.org/maven2/org/apache/maven/shared/file-management/3.1.0/file-management-3.1.0.pom (4.5 kB at 264 kB/s)
",2026-08-22T15:29:52.503664225Z,info,"{""serviceId"":""87697b40-66d1-4a58-89e6-1068a09cbf8c"",""deploymentId"":""d6c8c3b8-3bb6-45c0-bc76-a9729ab89f82"",""deploymentInstanceId"":null}","{""level"":""info"",""source"":""buildkit"",""type"":""log"",""vertex"":""sha256:5123184c115415746b9e45a79609be5df6469d0b755767bd2a7f4b208b8cff02"",""stream"":1,""data"":""W0lORk9dIERvd25sb2FkZWQgZnJvbSBjZW50cmFsOiBodHRwczovL3JlcG8ubWF2ZW4uYXBhY2hlLm9yZy9tYXZlbjIvb3JnL2FwYWNoZS9tYXZlbi9zaGFyZWQvZmlsZS1tYW5hZ2VtZW50LzMuMS4wL2ZpbGUtbWFuYWdlbWVudC0zLjEuMC5wb20gKDQuNSBrQiBhdCAyNjQga0IvcykK"",""timestamp"":""2026-08-22T15:29:52.503664225Z""}"
"[INFO] Downloading from central: https://repo.maven.apache.org/maven2/org/apache/maven/shared/maven-shared-components/36/maven-shared-components-36.pom
",2026-08-22T15:29:52.505075773Z,info,"{""serviceId"":""87697b40-66d1-4a58-89e6-1068a09cbf8c"",""deploymentId"":""d6c8c3b8-3bb6-45c0-bc76-a9729ab89f82"",""deploymentInstanceId"":null}","{""level"":""info"",""source"":""buildkit"",""type"":""log"",""vertex"":""sha256:5123184c115415746b9e45a79609be5df6469d0b755767bd2a7f4b208b8cff02"",""stream"":1,""data"":""W0lORk9dIERvd25sb2FkaW5nIGZyb20gY2VudHJhbDogaHR0cHM6Ly9yZXBvLm1hdmVuLmFwYWNoZS5vcmcvbWF2ZW4yL29yZy9hcGFjaGUvbWF2ZW4vc2hhcmVkL21hdmVuLXNoYXJlZC1jb21wb25lbnRzLzM2L21hdmVuLXNoYXJlZC1jb21wb25lbnRzLTM2LnBvbQo="",""timestamp"":""2026-08-22T15:29:52.505075773Z""}"
"[INFO] Downloaded from central: https://repo.maven.apache.org/maven2/org/apache/maven/shared/maven-shared-components/36/maven-shared-components-36.pom (4.9 kB at 222 kB/s)
",2026-08-22T15:29:52.526241399Z,info,"{""serviceId"":""87697b40-66d1-4a58-89e6-1068a09cbf8c"",""deploymentId"":""d6c8c3b8-3bb6-45c0-bc76-a9729ab89f82"",""deploymentInstanceId"":null}","{""level"":""info"",""source"":""buildkit"",""type"":""log"",""vertex"":""sha256:5123184c115415746b9e45a79609be5df6469d0b755767bd2a7f4b208b8cff02"",""stream"":1,""data"":""W0lORk9dIERvd25sb2FkZWQgZnJvbSBjZW50cmFsOiBodHRwczovL3JlcG8ubWF2ZW4uYXBhY2hlLm9yZy9tYXZlbjIvb3JnL2FwYWNoZS9tYXZlbi9zaGFyZWQvbWF2ZW4tc2hhcmVkLWNvbXBvbmVudHMvMzYvbWF2ZW4tc2hhcmVkLWNvbXBvbmVudHMtMzYucG9tICg0Ljkga0IgYXQgMjIyIGtCL3MpCg=="",""timestamp"":""2026-08-22T15:29:52.526241399Z""}"
"[INFO] Downloading from central: https://repo.maven.apache.org/maven2/org/apache/maven/maven-parent/36/maven-parent-36.pom
",2026-08-22T15:29:52.528160389Z,info,"{""serviceId"":""87697b40-66d1-4a58-89e6-1068a09cbf8c"",""deploymentId"":""d6c8c3b8-3bb6-45c0-bc76-a9729ab89f82"",""deploymentInstanceId"":null}","{""level"":""info"",""source"":""buildkit"",""type"":""log"",""vertex"":""sha256:5123184c115415746b9e45a79609be5df6469d0b755767bd2a7f4b208b8cff02"",""stream"":1,""data"":""W0lORk9dIERvd25sb2FkaW5nIGZyb20gY2VudHJhbDogaHR0cHM6Ly9yZXBvLm1hdmVuLmFwYWNoZS5vcmcvbWF2ZW4yL29yZy9hcGFjaGUvbWF2ZW4vbWF2ZW4tcGFyZW50LzM2L21hdmVuLXBhcmVudC0zNi5wb20K"",""timestamp"":""2026-08-22T15:29:52.528160389Z""}"
"[INFO] Downloaded from central: https://repo.maven.apache.org/maven2/org/apache/maven/maven-parent/36/maven-parent-36.pom (45 kB at 2.2 MB/s)
",2026-08-22T15:29:52.549516291Z,info,"{""serviceId"":""87697b40-66d1-4a58-89e6-1068a09cbf8c"",""deploymentId"":""d6c8c3b8-3bb6-45c0-bc76-a9729ab89f82"",""deploymentInstanceId"":null}","{""level"":""info"",""source"":""buildkit"",""type"":""log"",""vertex"":""sha256:5123184c115415746b9e45a79609be5df6469d0b755767bd2a7f4b208b8cff02"",""stream"":1,""data"":""W0lORk9dIERvd25sb2FkZWQgZnJvbSBjZW50cmFsOiBodHRwczovL3JlcG8ubWF2ZW4uYXBhY2hlLm9yZy9tYXZlbjIvb3JnL2FwYWNoZS9tYXZlbi9tYXZlbi1wYXJlbnQvMzYvbWF2ZW4tcGFyZW50LTM2LnBvbSAoNDUga0IgYXQgMi4yIE1CL3MpCg=="",""timestamp"":""2026-08-22T15:29:52.549516291Z""}"
"[INFO] Downloading from central: https://repo.maven.apache.org/maven2/org/apache/apache/26/apache-26.pom
",2026-08-22T15:29:52.552712727Z,info,"{""serviceId"":""87697b40-66d1-4a58-89e6-1068a09cbf8c"",""deploymentId"":""d6c8c3b8-3bb6-45c0-bc76-a9729ab89f82"",""deploymentInstanceId"":null}","{""level"":""info"",""source"":""buildkit"",""type"":""log"",""vertex"":""sha256:5123184c115415746b9e45a79609be5df6469d0b755767bd2a7f4b208b8cff02"",""stream"":1,""data"":""W0lORk9dIERvd25sb2FkaW5nIGZyb20gY2VudHJhbDogaHR0cHM6Ly9yZXBvLm1hdmVuLmFwYWNoZS5vcmcvbWF2ZW4yL29yZy9hcGFjaGUvYXBhY2hlLzI2L2FwYWNoZS0yNi5wb20K"",""timestamp"":""2026-08-22T15:29:52.552712727Z""}"
"[INFO] Downloaded from central: https://repo.maven.apache.org/maven2/org/apache/apache/26/apache-26.pom (21 kB at 822 kB/s)
",2026-08-22T15:29:52.577638295Z,info,"{""serviceId"":""87697b40-66d1-4a58-89e6-1068a09cbf8c"",""deploymentId"":""d6c8c3b8-3bb6-45c0-bc76-a9729ab89f82"",""deploymentInstanceId"":null}","{""level"":""info"",""source"":""buildkit"",""type"":""log"",""vertex"":""sha256:5123184c115415746b9e45a79609be5df6469d0b755767bd2a7f4b208b8cff02"",""stream"":1,""data"":""W0lORk9dIERvd25sb2FkZWQgZnJvbSBjZW50cmFsOiBodHRwczovL3JlcG8ubWF2ZW4uYXBhY2hlLm9yZy9tYXZlbjIvb3JnL2FwYWNoZS9hcGFjaGUvMjYvYXBhY2hlLTI2LnBvbSAoMjEga0IgYXQgODIyIGtCL3MpCg=="",""timestamp"":""2026-08-22T15:29:52.577638295Z""}"
"[INFO] Downloading from central: https://repo.maven.apache.org/maven2/org/apache/maven/shared/file-management/3.1.0/file-management-3.1.0.jar
",2026-08-22T15:29:52.586173661Z,info,"{""serviceId"":""87697b40-66d1-4a58-89e6-1068a09cbf8c"",""deploymentId"":""d6c8c3b8-3bb6-45c0-bc76-a9729ab89f82"",""deploymentInstanceId"":null}","{""level"":""info"",""source"":""buildkit"",""type"":""log"",""vertex"":""sha256:5123184c115415746b9e45a79609be5df6469d0b755767bd2a7f4b208b8cff02"",""stream"":1,""data"":""W0lORk9dIERvd25sb2FkaW5nIGZyb20gY2VudHJhbDogaHR0cHM6Ly9yZXBvLm1hdmVuLmFwYWNoZS5vcmcvbWF2ZW4yL29yZy9hcGFjaGUvbWF2ZW4vc2hhcmVkL2ZpbGUtbWFuYWdlbWVudC8zLjEuMC9maWxlLW1hbmFnZW1lbnQtMy4xLjAuamFyCg=="",""timestamp"":""2026-08-22T15:29:52.586173661Z""}"
"[INFO] Downloaded from central: https://repo.maven.apache.org/maven2/org/apache/maven/shared/file-management/3.1.0/file-management-3.1.0.jar (36 kB at 2.4 MB/s)
",2026-08-22T15:29:52.600900988Z,info,"{""serviceId"":""87697b40-66d1-4a58-89e6-1068a09cbf8c"",""deploymentId"":""d6c8c3b8-3bb6-45c0-bc76-a9729ab89f82"",""deploymentInstanceId"":null}","{""level"":""info"",""source"":""buildkit"",""type"":""log"",""vertex"":""sha256:5123184c115415746b9e45a79609be5df6469d0b755767bd2a7f4b208b8cff02"",""stream"":1,""data"":""W0lORk9dIERvd25sb2FkZWQgZnJvbSBjZW50cmFsOiBodHRwczovL3JlcG8ubWF2ZW4uYXBhY2hlLm9yZy9tYXZlbjIvb3JnL2FwYWNoZS9tYXZlbi9zaGFyZWQvZmlsZS1tYW5hZ2VtZW50LzMuMS4wL2ZpbGUtbWFuYWdlbWVudC0zLjEuMC5qYXIgKDM2IGtCIGF0IDIuNCBNQi9zKQo="",""timestamp"":""2026-08-22T15:29:52.600900988Z""}"
"[INFO] Downloading from central: https://repo.maven.apache.org/maven2/org/codehaus/plexus/plexus-archiver/4.9.2/plexus-archiver-4.9.2.jar
",2026-08-22T15:29:52.601482581Z,info,"{""serviceId"":""87697b40-66d1-4a58-89e6-1068a09cbf8c"",""deploymentId"":""d6c8c3b8-3bb6-45c0-bc76-a9729ab89f82"",""deploymentInstanceId"":null}","{""level"":""info"",""source"":""buildkit"",""type"":""log"",""vertex"":""sha256:5123184c115415746b9e45a79609be5df6469d0b755767bd2a7f4b208b8cff02"",""stream"":1,""data"":""W0lORk9dIERvd25sb2FkaW5nIGZyb20gY2VudHJhbDogaHR0cHM6Ly9yZXBvLm1hdmVuLmFwYWNoZS5vcmcvbWF2ZW4yL29yZy9jb2RlaGF1cy9wbGV4dXMvcGxleHVzLWFyY2hpdmVyLzQuOS4yL3BsZXh1cy1hcmNoaXZlci00LjkuMi5qYXIK"",""timestamp"":""2026-08-22T15:29:52.601482581Z""}"
"[INFO] Downloading from central: https://repo.maven.apache.org/maven2/org/codehaus/plexus/plexus-io/3.4.2/plexus-io-3.4.2.jar
",2026-08-22T15:29:52.60189507Z,info,"{""serviceId"":""87697b40-66d1-4a58-89e6-1068a09cbf8c"",""deploymentId"":""d6c8c3b8-3bb6-45c0-bc76-a9729ab89f82"",""deploymentInstanceId"":null}","{""level"":""info"",""source"":""buildkit"",""type"":""log"",""vertex"":""sha256:5123184c115415746b9e45a79609be5df6469d0b755767bd2a7f4b208b8cff02"",""stream"":1,""data"":""W0lORk9dIERvd25sb2FkaW5nIGZyb20gY2VudHJhbDogaHR0cHM6Ly9yZXBvLm1hdmVuLmFwYWNoZS5vcmcvbWF2ZW4yL29yZy9jb2RlaGF1cy9wbGV4dXMvcGxleHVzLWlvLzMuNC4yL3BsZXh1cy1pby0zLjQuMi5qYXIK"",""timestamp"":""2026-08-22T15:29:52.60189507Z""}"
"[INFO] Downloading from central: https://repo.maven.apache.org/maven2/org/apache/commons/commons-compress/1.26.1/commons-compress-1.26.1.jar
",2026-08-22T15:29:52.601978986Z,info,"{""serviceId"":""87697b40-66d1-4a58-89e6-1068a09cbf8c"",""deploymentId"":""d6c8c3b8-3bb6-45c0-bc76-a9729ab89f82"",""deploymentInstanceId"":null}","{""level"":""info"",""source"":""buildkit"",""type"":""log"",""vertex"":""sha256:5123184c115415746b9e45a79609be5df6469d0b755767bd2a7f4b208b8cff02"",""stream"":1,""data"":""W0lORk9dIERvd25sb2FkaW5nIGZyb20gY2VudHJhbDogaHR0cHM6Ly9yZXBvLm1hdmVuLmFwYWNoZS5vcmcvbWF2ZW4yL29yZy9hcGFjaGUvY29tbW9ucy9jb21tb25zLWNvbXByZXNzLzEuMjYuMS9jb21tb25zLWNvbXByZXNzLTEuMjYuMS5qYXIK"",""timestamp"":""2026-08-22T15:29:52.601978986Z""}"
"[INFO] Downloading from central: https://repo.maven.apache.org/maven2/org/apache/commons/commons-lang3/3.14.0/commons-lang3-3.14.0.jar
",2026-08-22T15:29:52.60234889Z,info,"{""serviceId"":""87697b40-66d1-4a58-89e6-1068a09cbf8c"",""deploymentId"":""d6c8c3b8-3bb6-45c0-bc76-a9729ab89f82"",""deploymentInstanceId"":null}","{""level"":""info"",""source"":""buildkit"",""type"":""log"",""vertex"":""sha256:5123184c115415746b9e45a79609be5df6469d0b755767bd2a7f4b208b8cff02"",""stream"":1,""data"":""W0lORk9dIERvd25sb2FkaW5nIGZyb20gY2VudHJhbDogaHR0cHM6Ly9yZXBvLm1hdmVuLmFwYWNoZS5vcmcvbWF2ZW4yL29yZy9hcGFjaGUvY29tbW9ucy9jb21tb25zLWxhbmczLzMuMTQuMC9jb21tb25zLWxhbmczLTMuMTQuMC5qYXIK"",""timestamp"":""2026-08-22T15:29:52.60234889Z""}"
"[INFO] Downloading from central: https://repo.maven.apache.org/maven2/commons-codec/commons-codec/1.16.1/commons-codec-1.16.1.jar
",2026-08-22T15:29:52.602572806Z,info,"{""serviceId"":""87697b40-66d1-4a58-89e6-1068a09cbf8c"",""deploymentId"":""d6c8c3b8-3bb6-45c0-bc76-a9729ab89f82"",""deploymentInstanceId"":null}","{""level"":""info"",""source"":""buildkit"",""type"":""log"",""vertex"":""sha256:5123184c115415746b9e45a79609be5df6469d0b755767bd2a7f4b208b8cff02"",""stream"":1,""data"":""W0lORk9dIERvd25sb2FkaW5nIGZyb20gY2VudHJhbDogaHR0cHM6Ly9yZXBvLm1hdmVuLmFwYWNoZS5vcmcvbWF2ZW4yL2NvbW1vbnMtY29kZWMvY29tbW9ucy1jb2RlYy8xLjE2LjEvY29tbW9ucy1jb2RlYy0xLjE2LjEuamFyCg=="",""timestamp"":""2026-08-22T15:29:52.602572806Z""}"
"[INFO] Downloaded from central: https://repo.maven.apache.org/maven2/org/codehaus/plexus/plexus-archiver/4.9.2/plexus-archiver-4.9.2.jar (225 kB at 8.3 MB/s)
[INFO] Downloading from central: https://repo.maven.apache.org/maven2/org/iq80/snappy/snappy/0.4/snappy-0.4.jar
",2026-08-22T15:29:52.628174239Z,info,"{""serviceId"":""87697b40-66d1-4a58-89e6-1068a09cbf8c"",""deploymentId"":""d6c8c3b8-3bb6-45c0-bc76-a9729ab89f82"",""deploymentInstanceId"":null}","{""level"":""info"",""source"":""buildkit"",""type"":""log"",""vertex"":""sha256:5123184c115415746b9e45a79609be5df6469d0b755767bd2a7f4b208b8cff02"",""stream"":1,""data"":""W0lORk9dIERvd25sb2FkZWQgZnJvbSBjZW50cmFsOiBodHRwczovL3JlcG8ubWF2ZW4uYXBhY2hlLm9yZy9tYXZlbjIvb3JnL2NvZGVoYXVzL3BsZXh1cy9wbGV4dXMtYXJjaGl2ZXIvNC45LjIvcGxleHVzLWFyY2hpdmVyLTQuOS4yLmphciAoMjI1IGtCIGF0IDguMyBNQi9zKQpbSU5GT10gRG93bmxvYWRpbmcgZnJvbSBjZW50cmFsOiBodHRwczovL3JlcG8ubWF2ZW4uYXBhY2hlLm9yZy9tYXZlbjIvb3JnL2lxODAvc25hcHB5L3NuYXBweS8wLjQvc25hcHB5LTAuNC5qYXIK"",""timestamp"":""2026-08-22T15:29:52.628174239Z""}"
"[INFO] Downloaded from central: https://repo.maven.apache.org/maven2/org/apache/commons/commons-lang3/3.14.0/commons-lang3-3.14.0.jar (658 kB at 23 MB/s)
[INFO] Downloading from central: https://repo.maven.apache.org/maven2/com/github/luben/zstd-jni/1.5.5-11/zstd-jni-1.5.5-11.jar
",2026-08-22T15:29:52.630078576Z,info,"{""serviceId"":""87697b40-66d1-4a58-89e6-1068a09cbf8c"",""deploymentId"":""d6c8c3b8-3bb6-45c0-bc76-a9729ab89f82"",""deploymentInstanceId"":null}","{""level"":""info"",""source"":""buildkit"",""type"":""log"",""vertex"":""sha256:5123184c115415746b9e45a79609be5df6469d0b755767bd2a7f4b208b8cff02"",""stream"":1,""data"":""W0lORk9dIERvd25sb2FkZWQgZnJvbSBjZW50cmFsOiBodHRwczovL3JlcG8ubWF2ZW4uYXBhY2hlLm9yZy9tYXZlbjIvb3JnL2FwYWNoZS9jb21tb25zL2NvbW1vbnMtbGFuZzMvMy4xNC4wL2NvbW1vbnMtbGFuZzMtMy4xNC4wLmphciAoNjU4IGtCIGF0IDIzIE1CL3MpCltJTkZPXSBEb3dubG9hZGluZyBmcm9tIGNlbnRyYWw6IGh0dHBzOi8vcmVwby5tYXZlbi5hcGFjaGUub3JnL21hdmVuMi9jb20vZ2l0aHViL2x1YmVuL3pzdGQtam5pLzEuNS41LTExL3pzdGQtam5pLTEuNS41LTExLmphcgo="",""timestamp"":""2026-08-22T15:29:52.630078576Z""}"
"[INFO] Downloaded from central: https://repo.maven.apache.org/maven2/org/codehaus/plexus/plexus-io/3.4.2/plexus-io-3.4.2.jar (79 kB at 2.7 MB/s)
",2026-08-22T15:29:52.630581761Z,info,"{""serviceId"":""87697b40-66d1-4a58-89e6-1068a09cbf8c"",""deploymentId"":""d6c8c3b8-3bb6-45c0-bc76-a9729ab89f82"",""deploymentInstanceId"":null}","{""level"":""info"",""source"":""buildkit"",""type"":""log"",""vertex"":""sha256:5123184c115415746b9e45a79609be5df6469d0b755767bd2a7f4b208b8cff02"",""stream"":1,""data"":""W0lORk9dIERvd25sb2FkZWQgZnJvbSBjZW50cmFsOiBodHRwczovL3JlcG8ubWF2ZW4uYXBhY2hlLm9yZy9tYXZlbjIvb3JnL2NvZGVoYXVzL3BsZXh1cy9wbGV4dXMtaW8vMy40LjIvcGxleHVzLWlvLTMuNC4yLmphciAoNzkga0IgYXQgMi43IE1CL3MpCg=="",""timestamp"":""2026-08-22T15:29:52.630581761Z""}"
"[INFO] Downloaded from central: https://repo.maven.apache.org/maven2/org/apache/commons/commons-compress/1.26.1/commons-compress-1.26.1.jar (1.1 MB at 36 MB/s)
",2026-08-22T15:29:52.631962913Z,info,"{""serviceId"":""87697b40-66d1-4a58-89e6-1068a09cbf8c"",""deploymentId"":""d6c8c3b8-3bb6-45c0-bc76-a9729ab89f82"",""deploymentInstanceId"":null}","{""level"":""info"",""source"":""buildkit"",""type"":""log"",""vertex"":""sha256:5123184c115415746b9e45a79609be5df6469d0b755767bd2a7f4b208b8cff02"",""stream"":1,""data"":""W0lORk9dIERvd25sb2FkZWQgZnJvbSBjZW50cmFsOiBodHRwczovL3JlcG8ubWF2ZW4uYXBhY2hlLm9yZy9tYXZlbjIvb3JnL2FwYWNoZS9jb21tb25zL2NvbW1vbnMtY29tcHJlc3MvMS4yNi4xL2NvbW1vbnMtY29tcHJlc3MtMS4yNi4xLmphciAoMS4xIE1CIGF0IDM2IE1CL3MpCg=="",""timestamp"":""2026-08-22T15:29:52.631962913Z""}"
"[INFO] Downloaded from central: https://repo.maven.apache.org/maven2/commons-codec/commons-codec/1.16.1/commons-codec-1.16.1.jar (365 kB at 12 MB/s)
",2026-08-22T15:29:52.634148022Z,info,"{""serviceId"":""87697b40-66d1-4a58-89e6-1068a09cbf8c"",""deploymentId"":""d6c8c3b8-3bb6-45c0-bc76-a9729ab89f82"",""deploymentInstanceId"":null}","{""level"":""info"",""source"":""buildkit"",""type"":""log"",""vertex"":""sha256:5123184c115415746b9e45a79609be5df6469d0b755767bd2a7f4b208b8cff02"",""stream"":1,""data"":""W0lORk9dIERvd25sb2FkZWQgZnJvbSBjZW50cmFsOiBodHRwczovL3JlcG8ubWF2ZW4uYXBhY2hlLm9yZy9tYXZlbjIvY29tbW9ucy1jb2RlYy9jb21tb25zLWNvZGVjLzEuMTYuMS9jb21tb25zLWNvZGVjLTEuMTYuMS5qYXIgKDM2NSBrQiBhdCAxMiBNQi9zKQo="",""timestamp"":""2026-08-22T15:29:52.634148022Z""}"
"[INFO] Downloaded from central: https://repo.maven.apache.org/maven2/org/iq80/snappy/snappy/0.4/snappy-0.4.jar (58 kB at 1.1 MB/s)
",2026-08-22T15:29:52.655276022Z,info,"{""serviceId"":""87697b40-66d1-4a58-89e6-1068a09cbf8c"",""deploymentId"":""d6c8c3b8-3bb6-45c0-bc76-a9729ab89f82"",""deploymentInstanceId"":null}","{""level"":""info"",""source"":""buildkit"",""type"":""log"",""vertex"":""sha256:5123184c115415746b9e45a79609be5df6469d0b755767bd2a7f4b208b8cff02"",""stream"":1,""data"":""W0lORk9dIERvd25sb2FkZWQgZnJvbSBjZW50cmFsOiBodHRwczovL3JlcG8ubWF2ZW4uYXBhY2hlLm9yZy9tYXZlbjIvb3JnL2lxODAvc25hcHB5L3NuYXBweS8wLjQvc25hcHB5LTAuNC5qYXIgKDU4IGtCIGF0IDEuMSBNQi9zKQo="",""timestamp"":""2026-08-22T15:29:52.655276022Z""}"
"[INFO] Downloaded from central: https://repo.maven.apache.org/maven2/com/github/luben/zstd-jni/1.5.5-11/zstd-jni-1.5.5-11.jar (6.8 MB at 70 MB/s)
",2026-08-22T15:29:52.700066696Z,info,"{""serviceId"":""87697b40-66d1-4a58-89e6-1068a09cbf8c"",""deploymentId"":""d6c8c3b8-3bb6-45c0-bc76-a9729ab89f82"",""deploymentInstanceId"":null}","{""level"":""info"",""source"":""buildkit"",""type"":""log"",""vertex"":""sha256:5123184c115415746b9e45a79609be5df6469d0b755767bd2a7f4b208b8cff02"",""stream"":1,""data"":""W0lORk9dIERvd25sb2FkZWQgZnJvbSBjZW50cmFsOiBodHRwczovL3JlcG8ubWF2ZW4uYXBhY2hlLm9yZy9tYXZlbjIvY29tL2dpdGh1Yi9sdWJlbi96c3RkLWpuaS8xLjUuNS0xMS96c3RkLWpuaS0xLjUuNS0xMS5qYXIgKDYuOCBNQiBhdCA3MCBNQi9zKQo="",""timestamp"":""2026-08-22T15:29:52.700066696Z""}"
"[INFO] Building jar: /app/target/lab-management-system-0.0.1-SNAPSHOT.jar
",2026-08-22T15:29:52.877794578Z,info,"{""serviceId"":""87697b40-66d1-4a58-89e6-1068a09cbf8c"",""deploymentId"":""d6c8c3b8-3bb6-45c0-bc76-a9729ab89f82"",""deploymentInstanceId"":null}","{""level"":""info"",""source"":""buildkit"",""type"":""log"",""vertex"":""sha256:5123184c115415746b9e45a79609be5df6469d0b755767bd2a7f4b208b8cff02"",""stream"":1,""data"":""W0lORk9dIEJ1aWxkaW5nIGphcjogL2FwcC90YXJnZXQvbGFiLW1hbmFnZW1lbnQtc3lzdGVtLTAuMC4xLVNOQVBTSE9ULmphcgo="",""timestamp"":""2026-08-22T15:29:52.877794578Z""}"
"[INFO] 
",2026-08-22T15:29:53.012032757Z,info,"{""serviceId"":""87697b40-66d1-4a58-89e6-1068a09cbf8c"",""deploymentId"":""d6c8c3b8-3bb6-45c0-bc76-a9729ab89f82"",""deploymentInstanceId"":null}","{""level"":""info"",""source"":""buildkit"",""type"":""log"",""vertex"":""sha256:5123184c115415746b9e45a79609be5df6469d0b755767bd2a7f4b208b8cff02"",""stream"":1,""data"":""W0lORk9dIAo="",""timestamp"":""2026-08-22T15:29:53.012032757Z""}"
"[INFO] --- spring-boot:3.5.7:repackage (repackage) @ lab-management-system ---
",2026-08-22T15:29:53.012239298Z,info,"{""serviceId"":""87697b40-66d1-4a58-89e6-1068a09cbf8c"",""deploymentId"":""d6c8c3b8-3bb6-45c0-bc76-a9729ab89f82"",""deploymentInstanceId"":null}","{""level"":""info"",""source"":""buildkit"",""type"":""log"",""vertex"":""sha256:5123184c115415746b9e45a79609be5df6469d0b755767bd2a7f4b208b8cff02"",""stream"":1,""data"":""W0lORk9dIC0tLSBzcHJpbmctYm9vdDozLjUuNzpyZXBhY2thZ2UgKHJlcGFja2FnZSkgQCBsYWItbWFuYWdlbWVudC1zeXN0ZW0gLS0tCg=="",""timestamp"":""2026-08-22T15:29:53.012239298Z""}"
"[INFO] Downloading from central: https://repo.maven.apache.org/maven2/org/springframework/boot/spring-boot-buildpack-platform/3.5.7/spring-boot-buildpack-platform-3.5.7.pom
",2026-08-22T15:29:53.017283315Z,info,"{""serviceId"":""87697b40-66d1-4a58-89e6-1068a09cbf8c"",""deploymentId"":""d6c8c3b8-3bb6-45c0-bc76-a9729ab89f82"",""deploymentInstanceId"":null}","{""level"":""info"",""source"":""buildkit"",""type"":""log"",""vertex"":""sha256:5123184c115415746b9e45a79609be5df6469d0b755767bd2a7f4b208b8cff02"",""stream"":1,""data"":""W0lORk9dIERvd25sb2FkaW5nIGZyb20gY2VudHJhbDogaHR0cHM6Ly9yZXBvLm1hdmVuLmFwYWNoZS5vcmcvbWF2ZW4yL29yZy9zcHJpbmdmcmFtZXdvcmsvYm9vdC9zcHJpbmctYm9vdC1idWlsZHBhY2stcGxhdGZvcm0vMy41Ljcvc3ByaW5nLWJvb3QtYnVpbGRwYWNrLXBsYXRmb3JtLTMuNS43LnBvbQo="",""timestamp"":""2026-08-22T15:29:53.017283315Z""}"
"[INFO] Downloaded from central: https://repo.maven.apache.org/maven2/org/springframework/boot/spring-boot-buildpack-platform/3.5.7/spring-boot-buildpack-platform-3.5.7.pom (3.2 kB at 140 kB/s)
",2026-08-22T15:29:53.040477796Z,info,"{""serviceId"":""87697b40-66d1-4a58-89e6-1068a09cbf8c"",""deploymentId"":""d6c8c3b8-3bb6-45c0-bc76-a9729ab89f82"",""deploymentInstanceId"":null}","{""level"":""info"",""source"":""buildkit"",""type"":""log"",""vertex"":""sha256:5123184c115415746b9e45a79609be5df6469d0b755767bd2a7f4b208b8cff02"",""stream"":1,""data"":""W0lORk9dIERvd25sb2FkZWQgZnJvbSBjZW50cmFsOiBodHRwczovL3JlcG8ubWF2ZW4uYXBhY2hlLm9yZy9tYXZlbjIvb3JnL3NwcmluZ2ZyYW1ld29yay9ib290L3NwcmluZy1ib290LWJ1aWxkcGFjay1wbGF0Zm9ybS8zLjUuNy9zcHJpbmctYm9vdC1idWlsZHBhY2stcGxhdGZvcm0tMy41LjcucG9tICgzLjIga0IgYXQgMTQwIGtCL3MpCg=="",""timestamp"":""2026-08-22T15:29:53.040477796Z""}"
"[INFO] Downloading from central: https://repo.maven.apache.org/maven2/net/java/dev/jna/jna-platform/5.17.0/jna-platform-5.17.0.pom
",2026-08-22T15:29:53.043756996Z,info,"{""serviceId"":""87697b40-66d1-4a58-89e6-1068a09cbf8c"",""deploymentId"":""d6c8c3b8-3bb6-45c0-bc76-a9729ab89f82"",""deploymentInstanceId"":null}","{""level"":""info"",""source"":""buildkit"",""type"":""log"",""vertex"":""sha256:5123184c115415746b9e45a79609be5df6469d0b755767bd2a7f4b208b8cff02"",""stream"":1,""data"":""W0lORk9dIERvd25sb2FkaW5nIGZyb20gY2VudHJhbDogaHR0cHM6Ly9yZXBvLm1hdmVuLmFwYWNoZS5vcmcvbWF2ZW4yL25ldC9qYXZhL2Rldi9qbmEvam5hLXBsYXRmb3JtLzUuMTcuMC9qbmEtcGxhdGZvcm0tNS4xNy4wLnBvbQo="",""timestamp"":""2026-08-22T15:29:53.043756996Z""}"
"[INFO] Downloaded from central: https://repo.maven.apache.org/maven2/net/java/dev/jna/jna-platform/5.17.0/jna-platform-5.17.0.pom (2.3 kB at 98 kB/s)
",2026-08-22T15:29:53.066423816Z,info,"{""serviceId"":""87697b40-66d1-4a58-89e6-1068a09cbf8c"",""deploymentId"":""d6c8c3b8-3bb6-45c0-bc76-a9729ab89f82"",""deploymentInstanceId"":null}","{""level"":""info"",""source"":""buildkit"",""type"":""log"",""vertex"":""sha256:5123184c115415746b9e45a79609be5df6469d0b755767bd2a7f4b208b8cff02"",""stream"":1,""data"":""W0lORk9dIERvd25sb2FkZWQgZnJvbSBjZW50cmFsOiBodHRwczovL3JlcG8ubWF2ZW4uYXBhY2hlLm9yZy9tYXZlbjIvbmV0L2phdmEvZGV2L2puYS9qbmEtcGxhdGZvcm0vNS4xNy4wL2puYS1wbGF0Zm9ybS01LjE3LjAucG9tICgyLjMga0IgYXQgOTgga0IvcykK"",""timestamp"":""2026-08-22T15:29:53.066423816Z""}"
"[INFO] Downloading from central: https://repo.maven.apache.org/maven2/net/java/dev/jna/jna/5.17.0/jna-5.17.0.pom
",2026-08-22T15:29:53.069096386Z,info,"{""serviceId"":""87697b40-66d1-4a58-89e6-1068a09cbf8c"",""deploymentId"":""d6c8c3b8-3bb6-45c0-bc76-a9729ab89f82"",""deploymentInstanceId"":null}","{""level"":""info"",""source"":""buildkit"",""type"":""log"",""vertex"":""sha256:5123184c115415746b9e45a79609be5df6469d0b755767bd2a7f4b208b8cff02"",""stream"":1,""data"":""W0lORk9dIERvd25sb2FkaW5nIGZyb20gY2VudHJhbDogaHR0cHM6Ly9yZXBvLm1hdmVuLmFwYWNoZS5vcmcvbWF2ZW4yL25ldC9qYXZhL2Rldi9qbmEvam5hLzUuMTcuMC9qbmEtNS4xNy4wLnBvbQo="",""timestamp"":""2026-08-22T15:29:53.069096386Z""}"
"[INFO] Downloaded from central: https://repo.maven.apache.org/maven2/net/java/dev/jna/jna/5.17.0/jna-5.17.0.pom (2.0 kB at 97 kB/s)
",2026-08-22T15:29:53.089595392Z,info,"{""serviceId"":""87697b40-66d1-4a58-89e6-1068a09cbf8c"",""deploymentId"":""d6c8c3b8-3bb6-45c0-bc76-a9729ab89f82"",""deploymentInstanceId"":null}","{""level"":""info"",""source"":""buildkit"",""type"":""log"",""vertex"":""sha256:5123184c115415746b9e45a79609be5df6469d0b755767bd2a7f4b208b8cff02"",""stream"":1,""data"":""W0lORk9dIERvd25sb2FkZWQgZnJvbSBjZW50cmFsOiBodHRwczovL3JlcG8ubWF2ZW4uYXBhY2hlLm9yZy9tYXZlbjIvbmV0L2phdmEvZGV2L2puYS9qbmEvNS4xNy4wL2puYS01LjE3LjAucG9tICgyLjAga0IgYXQgOTcga0IvcykK"",""timestamp"":""2026-08-22T15:29:53.089595392Z""}"
"[INFO] Downloading from central: https://repo.maven.apache.org/maven2/org/apache/commons/commons-compress/1.27.1/commons-compress-1.27.1.pom
",2026-08-22T15:29:53.092087822Z,info,"{""serviceId"":""87697b40-66d1-4a58-89e6-1068a09cbf8c"",""deploymentId"":""d6c8c3b8-3bb6-45c0-bc76-a9729ab89f82"",""deploymentInstanceId"":null}","{""level"":""info"",""source"":""buildkit"",""type"":""log"",""vertex"":""sha256:5123184c115415746b9e45a79609be5df6469d0b755767bd2a7f4b208b8cff02"",""stream"":1,""data"":""W0lORk9dIERvd25sb2FkaW5nIGZyb20gY2VudHJhbDogaHR0cHM6Ly9yZXBvLm1hdmVuLmFwYWNoZS5vcmcvbWF2ZW4yL29yZy9hcGFjaGUvY29tbW9ucy9jb21tb25zLWNvbXByZXNzLzEuMjcuMS9jb21tb25zLWNvbXByZXNzLTEuMjcuMS5wb20K"",""timestamp"":""2026-08-22T15:29:53.092087822Z""}"
"[INFO] Downloaded from central: https://repo.maven.apache.org/maven2/org/apache/commons/commons-compress/1.27.1/commons-compress-1.27.1.pom (23 kB at 1.2 MB/s)
",2026-08-22T15:29:53.110609772Z,info,"{""serviceId"":""87697b40-66d1-4a58-89e6-1068a09cbf8c"",""deploymentId"":""d6c8c3b8-3bb6-45c0-bc76-a9729ab89f82"",""deploymentInstanceId"":null}","{""level"":""info"",""source"":""buildkit"",""type"":""log"",""vertex"":""sha256:5123184c115415746b9e45a79609be5df6469d0b755767bd2a7f4b208b8cff02"",""stream"":1,""data"":""W0lORk9dIERvd25sb2FkZWQgZnJvbSBjZW50cmFsOiBodHRwczovL3JlcG8ubWF2ZW4uYXBhY2hlLm9yZy9tYXZlbjIvb3JnL2FwYWNoZS9jb21tb25zL2NvbW1vbnMtY29tcHJlc3MvMS4yNy4xL2NvbW1vbnMtY29tcHJlc3MtMS4yNy4xLnBvbSAoMjMga0IgYXQgMS4yIE1CL3MpCg=="",""timestamp"":""2026-08-22T15:29:53.110609772Z""}"
"[INFO] Downloading from central: https://repo.maven.apache.org/maven2/org/apache/commons/commons-parent/72/commons-parent-72.pom
",2026-08-22T15:29:53.113645006Z,info,"{""serviceId"":""87697b40-66d1-4a58-89e6-1068a09cbf8c"",""deploymentId"":""d6c8c3b8-3bb6-45c0-bc76-a9729ab89f82"",""deploymentInstanceId"":null}","{""level"":""info"",""source"":""buildkit"",""type"":""log"",""vertex"":""sha256:5123184c115415746b9e45a79609be5df6469d0b755767bd2a7f4b208b8cff02"",""stream"":1,""data"":""W0lORk9dIERvd25sb2FkaW5nIGZyb20gY2VudHJhbDogaHR0cHM6Ly9yZXBvLm1hdmVuLmFwYWNoZS5vcmcvbWF2ZW4yL29yZy9hcGFjaGUvY29tbW9ucy9jb21tb25zLXBhcmVudC83Mi9jb21tb25zLXBhcmVudC03Mi5wb20K"",""timestamp"":""2026-08-22T15:29:53.113645006Z""}"
"[INFO] Downloaded from central: https://repo.maven.apache.org/maven2/org/apache/commons/commons-parent/72/commons-parent-72.pom (78 kB at 3.2 MB/s)
",2026-08-22T15:29:53.137740619Z,info,"{""serviceId"":""87697b40-66d1-4a58-89e6-1068a09cbf8c"",""deploymentId"":""d6c8c3b8-3bb6-45c0-bc76-a9729ab89f82"",""deploymentInstanceId"":null}","{""level"":""info"",""source"":""buildkit"",""type"":""log"",""vertex"":""sha256:5123184c115415746b9e45a79609be5df6469d0b755767bd2a7f4b208b8cff02"",""stream"":1,""data"":""W0lORk9dIERvd25sb2FkZWQgZnJvbSBjZW50cmFsOiBodHRwczovL3JlcG8ubWF2ZW4uYXBhY2hlLm9yZy9tYXZlbjIvb3JnL2FwYWNoZS9jb21tb25zL2NvbW1vbnMtcGFyZW50LzcyL2NvbW1vbnMtcGFyZW50LTcyLnBvbSAoNzgga0IgYXQgMy4yIE1CL3MpCg=="",""timestamp"":""2026-08-22T15:29:53.137740619Z""}"
"[INFO] Downloading from central: https://repo.maven.apache.org/maven2/org/junit/junit-bom/5.11.0-M2/junit-bom-5.11.0-M2.pom
",2026-08-22T15:29:53.143497517Z,info,"{""serviceId"":""87697b40-66d1-4a58-89e6-1068a09cbf8c"",""deploymentId"":""d6c8c3b8-3bb6-45c0-bc76-a9729ab89f82"",""deploymentInstanceId"":null}","{""level"":""info"",""source"":""buildkit"",""type"":""log"",""vertex"":""sha256:5123184c115415746b9e45a79609be5df6469d0b755767bd2a7f4b208b8cff02"",""stream"":1,""data"":""W0lORk9dIERvd25sb2FkaW5nIGZyb20gY2VudHJhbDogaHR0cHM6Ly9yZXBvLm1hdmVuLmFwYWNoZS5vcmcvbWF2ZW4yL29yZy9qdW5pdC9qdW5pdC1ib20vNS4xMS4wLU0yL2p1bml0LWJvbS01LjExLjAtTTIucG9tCg=="",""timestamp"":""2026-08-22T15:29:53.143497517Z""}"
"[INFO] Downloaded from central: https://repo.maven.apache.org/maven2/org/junit/junit-bom/5.11.0-M2/junit-bom-5.11.0-M2.pom (5.7 kB at 285 kB/s)
",2026-08-22T15:29:53.16357439Z,info,"{""serviceId"":""87697b40-66d1-4a58-89e6-1068a09cbf8c"",""deploymentId"":""d6c8c3b8-3bb6-45c0-bc76-a9729ab89f82"",""deploymentInstanceId"":null}","{""level"":""info"",""source"":""buildkit"",""type"":""log"",""vertex"":""sha256:5123184c115415746b9e45a79609be5df6469d0b755767bd2a7f4b208b8cff02"",""stream"":1,""data"":""W0lORk9dIERvd25sb2FkZWQgZnJvbSBjZW50cmFsOiBodHRwczovL3JlcG8ubWF2ZW4uYXBhY2hlLm9yZy9tYXZlbjIvb3JnL2p1bml0L2p1bml0LWJvbS81LjExLjAtTTIvanVuaXQtYm9tLTUuMTEuMC1NMi5wb20gKDUuNyBrQiBhdCAyODUga0IvcykK"",""timestamp"":""2026-08-22T15:29:53.16357439Z""}"
"[INFO] Downloading from central: https://repo.maven.apache.org/maven2/commons-codec/commons-codec/1.17.1/commons-codec-1.17.1.pom
",2026-08-22T15:29:53.166213279Z,info,"{""serviceId"":""87697b40-66d1-4a58-89e6-1068a09cbf8c"",""deploymentId"":""d6c8c3b8-3bb6-45c0-bc76-a9729ab89f82"",""deploymentInstanceId"":null}","{""level"":""info"",""source"":""buildkit"",""type"":""log"",""vertex"":""sha256:5123184c115415746b9e45a79609be5df6469d0b755767bd2a7f4b208b8cff02"",""stream"":1,""data"":""W0lORk9dIERvd25sb2FkaW5nIGZyb20gY2VudHJhbDogaHR0cHM6Ly9yZXBvLm1hdmVuLmFwYWNoZS5vcmcvbWF2ZW4yL2NvbW1vbnMtY29kZWMvY29tbW9ucy1jb2RlYy8xLjE3LjEvY29tbW9ucy1jb2RlYy0xLjE3LjEucG9tCg=="",""timestamp"":""2026-08-22T15:29:53.166213279Z""}"
"[INFO] Downloaded from central: https://repo.maven.apache.org/maven2/commons-codec/commons-codec/1.17.1/commons-codec-1.17.1.pom (18 kB at 988 kB/s)
",2026-08-22T15:29:53.185134438Z,info,"{""serviceId"":""87697b40-66d1-4a58-89e6-1068a09cbf8c"",""deploymentId"":""d6c8c3b8-3bb6-45c0-bc76-a9729ab89f82"",""deploymentInstanceId"":null}","{""level"":""info"",""source"":""buildkit"",""type"":""log"",""vertex"":""sha256:5123184c115415746b9e45a79609be5df6469d0b755767bd2a7f4b208b8cff02"",""stream"":1,""data"":""W0lORk9dIERvd25sb2FkZWQgZnJvbSBjZW50cmFsOiBodHRwczovL3JlcG8ubWF2ZW4uYXBhY2hlLm9yZy9tYXZlbjIvY29tbW9ucy1jb2RlYy9jb21tb25zLWNvZGVjLzEuMTcuMS9jb21tb25zLWNvZGVjLTEuMTcuMS5wb20gKDE4IGtCIGF0IDk4OCBrQi9zKQo="",""timestamp"":""2026-08-22T15:29:53.185134438Z""}"
"[INFO] Downloading from central: https://repo.maven.apache.org/maven2/org/apache/commons/commons-parent/71/commons-parent-71.pom
",2026-08-22T15:29:53.187807969Z,info,"{""serviceId"":""87697b40-66d1-4a58-89e6-1068a09cbf8c"",""deploymentId"":""d6c8c3b8-3bb6-45c0-bc76-a9729ab89f82"",""deploymentInstanceId"":null}","{""level"":""info"",""source"":""buildkit"",""type"":""log"",""vertex"":""sha256:5123184c115415746b9e45a79609be5df6469d0b755767bd2a7f4b208b8cff02"",""stream"":1,""data"":""W0lORk9dIERvd25sb2FkaW5nIGZyb20gY2VudHJhbDogaHR0cHM6Ly9yZXBvLm1hdmVuLmFwYWNoZS5vcmcvbWF2ZW4yL29yZy9hcGFjaGUvY29tbW9ucy9jb21tb25zLXBhcmVudC83MS9jb21tb25zLXBhcmVudC03MS5wb20K"",""timestamp"":""2026-08-22T15:29:53.187807969Z""}"
"[INFO] Downloaded from central: https://repo.maven.apache.org/maven2/org/apache/commons/commons-parent/71/commons-parent-71.pom (78 kB at 3.4 MB/s)
",2026-08-22T15:29:53.210540417Z,info,"{""serviceId"":""87697b40-66d1-4a58-89e6-1068a09cbf8c"",""deploymentId"":""d6c8c3b8-3bb6-45c0-bc76-a9729ab89f82"",""deploymentInstanceId"":null}","{""level"":""info"",""source"":""buildkit"",""type"":""log"",""vertex"":""sha256:5123184c115415746b9e45a79609be5df6469d0b755767bd2a7f4b208b8cff02"",""stream"":1,""data"":""W0lORk9dIERvd25sb2FkZWQgZnJvbSBjZW50cmFsOiBodHRwczovL3JlcG8ubWF2ZW4uYXBhY2hlLm9yZy9tYXZlbjIvb3JnL2FwYWNoZS9jb21tb25zL2NvbW1vbnMtcGFyZW50LzcxL2NvbW1vbnMtcGFyZW50LTcxLnBvbSAoNzgga0IgYXQgMy40IE1CL3MpCg=="",""timestamp"":""2026-08-22T15:29:53.210540417Z""}"
"[INFO] Downloading from central: https://repo.maven.apache.org/maven2/org/apache/commons/commons-lang3/3.16.0/commons-lang3-3.16.0.pom
",2026-08-22T15:29:53.216132407Z,info,"{""serviceId"":""87697b40-66d1-4a58-89e6-1068a09cbf8c"",""deploymentId"":""d6c8c3b8-3bb6-45c0-bc76-a9729ab89f82"",""deploymentInstanceId"":null}","{""level"":""info"",""source"":""buildkit"",""type"":""log"",""vertex"":""sha256:5123184c115415746b9e45a79609be5df6469d0b755767bd2a7f4b208b8cff02"",""stream"":1,""data"":""W0lORk9dIERvd25sb2FkaW5nIGZyb20gY2VudHJhbDogaHR0cHM6Ly9yZXBvLm1hdmVuLmFwYWNoZS5vcmcvbWF2ZW4yL29yZy9hcGFjaGUvY29tbW9ucy9jb21tb25zLWxhbmczLzMuMTYuMC9jb21tb25zLWxhbmczLTMuMTYuMC5wb20K"",""timestamp"":""2026-08-22T15:29:53.216132407Z""}"
"[INFO] Downloaded from central: https://repo.maven.apache.org/maven2/org/apache/commons/commons-lang3/3.16.0/commons-lang3-3.16.0.pom (31 kB at 1.5 MB/s)
",2026-08-22T15:29:53.236191454Z,info,"{""serviceId"":""87697b40-66d1-4a58-89e6-1068a09cbf8c"",""deploymentId"":""d6c8c3b8-3bb6-45c0-bc76-a9729ab89f82"",""deploymentInstanceId"":null}","{""level"":""info"",""source"":""buildkit"",""type"":""log"",""vertex"":""sha256:5123184c115415746b9e45a79609be5df6469d0b755767bd2a7f4b208b8cff02"",""stream"":1,""data"":""W0lORk9dIERvd25sb2FkZWQgZnJvbSBjZW50cmFsOiBodHRwczovL3JlcG8ubWF2ZW4uYXBhY2hlLm9yZy9tYXZlbjIvb3JnL2FwYWNoZS9jb21tb25zL2NvbW1vbnMtbGFuZzMvMy4xNi4wL2NvbW1vbnMtbGFuZzMtMy4xNi4wLnBvbSAoMzEga0IgYXQgMS41IE1CL3MpCg=="",""timestamp"":""2026-08-22T15:29:53.236191454Z""}"
"[INFO] Downloading from central: https://repo.maven.apache.org/maven2/org/apache/httpcomponents/client5/httpclient5/5.5.1/httpclient5-5.5.1.pom
",2026-08-22T15:29:53.24174734Z,info,"{""serviceId"":""87697b40-66d1-4a58-89e6-1068a09cbf8c"",""deploymentId"":""d6c8c3b8-3bb6-45c0-bc76-a9729ab89f82"",""deploymentInstanceId"":null}","{""level"":""info"",""source"":""buildkit"",""type"":""log"",""vertex"":""sha256:5123184c115415746b9e45a79609be5df6469d0b755767bd2a7f4b208b8cff02"",""stream"":1,""data"":""W0lORk9dIERvd25sb2FkaW5nIGZyb20gY2VudHJhbDogaHR0cHM6Ly9yZXBvLm1hdmVuLmFwYWNoZS5vcmcvbWF2ZW4yL29yZy9hcGFjaGUvaHR0cGNvbXBvbmVudHMvY2xpZW50NS9odHRwY2xpZW50NS81LjUuMS9odHRwY2xpZW50NS01LjUuMS5wb20K"",""timestamp"":""2026-08-22T15:29:53.24174734Z""}"
"[INFO] Downloaded from central: https://repo.maven.apache.org/maven2/org/apache/httpcomponents/client5/httpclient5/5.5.1/httpclient5-5.5.1.pom (6.1 kB at 234 kB/s)
",2026-08-22T15:29:53.267468041Z,info,"{""serviceId"":""87697b40-66d1-4a58-89e6-1068a09cbf8c"",""deploymentId"":""d6c8c3b8-3bb6-45c0-bc76-a9729ab89f82"",""deploymentInstanceId"":null}","{""level"":""info"",""source"":""buildkit"",""type"":""log"",""vertex"":""sha256:5123184c115415746b9e45a79609be5df6469d0b755767bd2a7f4b208b8cff02"",""stream"":1,""data"":""W0lORk9dIERvd25sb2FkZWQgZnJvbSBjZW50cmFsOiBodHRwczovL3JlcG8ubWF2ZW4uYXBhY2hlLm9yZy9tYXZlbjIvb3JnL2FwYWNoZS9odHRwY29tcG9uZW50cy9jbGllbnQ1L2h0dHBjbGllbnQ1LzUuNS4xL2h0dHBjbGllbnQ1LTUuNS4xLnBvbSAoNi4xIGtCIGF0IDIzNCBrQi9zKQo="",""timestamp"":""2026-08-22T15:29:53.267468041Z""}"
"[INFO] Downloading from central: https://repo.maven.apache.org/maven2/org/apache/httpcomponents/client5/httpclient5-parent/5.5.1/httpclient5-parent-5.5.1.pom
",2026-08-22T15:29:53.269919259Z,info,"{""serviceId"":""87697b40-66d1-4a58-89e6-1068a09cbf8c"",""deploymentId"":""d6c8c3b8-3bb6-45c0-bc76-a9729ab89f82"",""deploymentInstanceId"":null}","{""level"":""info"",""source"":""buildkit"",""type"":""log"",""vertex"":""sha256:5123184c115415746b9e45a79609be5df6469d0b755767bd2a7f4b208b8cff02"",""stream"":1,""data"":""W0lORk9dIERvd25sb2FkaW5nIGZyb20gY2VudHJhbDogaHR0cHM6Ly9yZXBvLm1hdmVuLmFwYWNoZS5vcmcvbWF2ZW4yL29yZy9hcGFjaGUvaHR0cGNvbXBvbmVudHMvY2xpZW50NS9odHRwY2xpZW50NS1wYXJlbnQvNS41LjEvaHR0cGNsaWVudDUtcGFyZW50LTUuNS4xLnBvbQo="",""timestamp"":""2026-08-22T15:29:53.269919259Z""}"
"[INFO] Downloaded from central: https://repo.maven.apache.org/maven2/org/apache/httpcomponents/client5/httpclient5-parent/5.5.1/httpclient5-parent-5.5.1.pom (17 kB at 667 kB/s)
",2026-08-22T15:29:53.294208051Z,info,"{""serviceId"":""87697b40-66d1-4a58-89e6-1068a09cbf8c"",""deploymentId"":""d6c8c3b8-3bb6-45c0-bc76-a9729ab89f82"",""deploymentInstanceId"":null}","{""level"":""info"",""source"":""buildkit"",""type"":""log"",""vertex"":""sha256:5123184c115415746b9e45a79609be5df6469d0b755767bd2a7f4b208b8cff02"",""stream"":1,""data"":""W0lORk9dIERvd25sb2FkZWQgZnJvbSBjZW50cmFsOiBodHRwczovL3JlcG8ubWF2ZW4uYXBhY2hlLm9yZy9tYXZlbjIvb3JnL2FwYWNoZS9odHRwY29tcG9uZW50cy9jbGllbnQ1L2h0dHBjbGllbnQ1LXBhcmVudC81LjUuMS9odHRwY2xpZW50NS1wYXJlbnQtNS41LjEucG9tICgxNyBrQiBhdCA2Njcga0IvcykK"",""timestamp"":""2026-08-22T15:29:53.294208051Z""}"
"[INFO] Downloading from central: https://repo.maven.apache.org/maven2/org/apache/httpcomponents/httpcomponents-parent/14/httpcomponents-parent-14.pom
",2026-08-22T15:29:53.296770636Z,info,"{""serviceId"":""87697b40-66d1-4a58-89e6-1068a09cbf8c"",""deploymentId"":""d6c8c3b8-3bb6-45c0-bc76-a9729ab89f82"",""deploymentInstanceId"":null}","{""level"":""info"",""source"":""buildkit"",""type"":""log"",""vertex"":""sha256:5123184c115415746b9e45a79609be5df6469d0b755767bd2a7f4b208b8cff02"",""stream"":1,""data"":""W0lORk9dIERvd25sb2FkaW5nIGZyb20gY2VudHJhbDogaHR0cHM6Ly9yZXBvLm1hdmVuLmFwYWNoZS5vcmcvbWF2ZW4yL29yZy9hcGFjaGUvaHR0cGNvbXBvbmVudHMvaHR0cGNvbXBvbmVudHMtcGFyZW50LzE0L2h0dHBjb21wb25lbnRzLXBhcmVudC0xNC5wb20K"",""timestamp"":""2026-08-22T15:29:53.296770636Z""}"
"[INFO] Downloaded from central: https://repo.maven.apache.org/maven2/org/apache/httpcomponents/httpcomponents-parent/14/httpcomponents-parent-14.pom (30 kB at 1.2 MB/s)
",2026-08-22T15:29:53.322055233Z,info,"{""serviceId"":""87697b40-66d1-4a58-89e6-1068a09cbf8c"",""deploymentId"":""d6c8c3b8-3bb6-45c0-bc76-a9729ab89f82"",""deploymentInstanceId"":null}","{""level"":""info"",""source"":""buildkit"",""type"":""log"",""vertex"":""sha256:5123184c115415746b9e45a79609be5df6469d0b755767bd2a7f4b208b8cff02"",""stream"":1,""data"":""W0lORk9dIERvd25sb2FkZWQgZnJvbSBjZW50cmFsOiBodHRwczovL3JlcG8ubWF2ZW4uYXBhY2hlLm9yZy9tYXZlbjIvb3JnL2FwYWNoZS9odHRwY29tcG9uZW50cy9odHRwY29tcG9uZW50cy1wYXJlbnQvMTQvaHR0cGNvbXBvbmVudHMtcGFyZW50LTE0LnBvbSAoMzAga0IgYXQgMS4yIE1CL3MpCg=="",""timestamp"":""2026-08-22T15:29:53.322055233Z""}"
"[INFO] Downloading from central: https://repo.maven.apache.org/maven2/org/apache/apache/27/apache-27.pom
",2026-08-22T15:29:53.325224539Z,info,"{""serviceId"":""87697b40-66d1-4a58-89e6-1068a09cbf8c"",""deploymentId"":""d6c8c3b8-3bb6-45c0-bc76-a9729ab89f82"",""deploymentInstanceId"":null}","{""level"":""info"",""source"":""buildkit"",""type"":""log"",""vertex"":""sha256:5123184c115415746b9e45a79609be5df6469d0b755767bd2a7f4b208b8cff02"",""stream"":1,""data"":""W0lORk9dIERvd25sb2FkaW5nIGZyb20gY2VudHJhbDogaHR0cHM6Ly9yZXBvLm1hdmVuLmFwYWNoZS5vcmcvbWF2ZW4yL29yZy9hcGFjaGUvYXBhY2hlLzI3L2FwYWNoZS0yNy5wb20K"",""timestamp"":""2026-08-22T15:29:53.325224539Z""}"
"[INFO] Downloaded from central: https://repo.maven.apache.org/maven2/org/apache/apache/27/apache-27.pom (20 kB at 1.0 MB/s)
",2026-08-22T15:29:53.345741973Z,info,"{""serviceId"":""87697b40-66d1-4a58-89e6-1068a09cbf8c"",""deploymentId"":""d6c8c3b8-3bb6-45c0-bc76-a9729ab89f82"",""deploymentInstanceId"":null}","{""level"":""info"",""source"":""buildkit"",""type"":""log"",""vertex"":""sha256:5123184c115415746b9e45a79609be5df6469d0b755767bd2a7f4b208b8cff02"",""stream"":1,""data"":""W0lORk9dIERvd25sb2FkZWQgZnJvbSBjZW50cmFsOiBodHRwczovL3JlcG8ubWF2ZW4uYXBhY2hlLm9yZy9tYXZlbjIvb3JnL2FwYWNoZS9hcGFjaGUvMjcvYXBhY2hlLTI3LnBvbSAoMjAga0IgYXQgMS4wIE1CL3MpCg=="",""timestamp"":""2026-08-22T15:29:53.345741973Z""}"
"[INFO] Downloading from central: https://repo.maven.apache.org/maven2/org/junit/junit-bom/5.13.0/junit-bom-5.13.0.pom
",2026-08-22T15:29:53.349543086Z,info,"{""serviceId"":""87697b40-66d1-4a58-89e6-1068a09cbf8c"",""deploymentId"":""d6c8c3b8-3bb6-45c0-bc76-a9729ab89f82"",""deploymentInstanceId"":null}","{""level"":""info"",""source"":""buildkit"",""type"":""log"",""vertex"":""sha256:5123184c115415746b9e45a79609be5df6469d0b755767bd2a7f4b208b8cff02"",""stream"":1,""data"":""W0lORk9dIERvd25sb2FkaW5nIGZyb20gY2VudHJhbDogaHR0cHM6Ly9yZXBvLm1hdmVuLmFwYWNoZS5vcmcvbWF2ZW4yL29yZy9qdW5pdC9qdW5pdC1ib20vNS4xMy4wL2p1bml0LWJvbS01LjEzLjAucG9tCg=="",""timestamp"":""2026-08-22T15:29:53.349543086Z""}"
"[INFO] Downloaded from central: https://repo.maven.apache.org/maven2/org/junit/junit-bom/5.13.0/junit-bom-5.13.0.pom (5.6 kB at 188 kB/s)
",2026-08-22T15:29:53.379882307Z,info,"{""serviceId"":""87697b40-66d1-4a58-89e6-1068a09cbf8c"",""deploymentId"":""d6c8c3b8-3bb6-45c0-bc76-a9729ab89f82"",""deploymentInstanceId"":null}","{""level"":""info"",""source"":""buildkit"",""type"":""log"",""vertex"":""sha256:5123184c115415746b9e45a79609be5df6469d0b755767bd2a7f4b208b8cff02"",""stream"":1,""data"":""W0lORk9dIERvd25sb2FkZWQgZnJvbSBjZW50cmFsOiBodHRwczovL3JlcG8ubWF2ZW4uYXBhY2hlLm9yZy9tYXZlbjIvb3JnL2p1bml0L2p1bml0LWJvbS81LjEzLjAvanVuaXQtYm9tLTUuMTMuMC5wb20gKDUuNiBrQiBhdCAxODgga0IvcykK"",""timestamp"":""2026-08-22T15:29:53.379882307Z""}"
"[INFO] Downloading from central: https://repo.maven.apache.org/maven2/org/apache/httpcomponents/core5/httpcore5/5.3.6/httpcore5-5.3.6.pom
",2026-08-22T15:29:53.382621627Z,info,"{""serviceId"":""87697b40-66d1-4a58-89e6-1068a09cbf8c"",""deploymentId"":""d6c8c3b8-3bb6-45c0-bc76-a9729ab89f82"",""deploymentInstanceId"":null}","{""level"":""info"",""source"":""buildkit"",""type"":""log"",""vertex"":""sha256:5123184c115415746b9e45a79609be5df6469d0b755767bd2a7f4b208b8cff02"",""stream"":1,""data"":""W0lORk9dIERvd25sb2FkaW5nIGZyb20gY2VudHJhbDogaHR0cHM6Ly9yZXBvLm1hdmVuLmFwYWNoZS5vcmcvbWF2ZW4yL29yZy9hcGFjaGUvaHR0cGNvbXBvbmVudHMvY29yZTUvaHR0cGNvcmU1LzUuMy42L2h0dHBjb3JlNS01LjMuNi5wb20K"",""timestamp"":""2026-08-22T15:29:53.382621627Z""}"
"[INFO] Downloaded from central: https://repo.maven.apache.org/maven2/org/apache/httpcomponents/core5/httpcore5/5.3.6/httpcore5-5.3.6.pom (3.9 kB at 146 kB/s)
",2026-08-22T15:29:53.409919214Z,info,"{""serviceId"":""87697b40-66d1-4a58-89e6-1068a09cbf8c"",""deploymentId"":""d6c8c3b8-3bb6-45c0-bc76-a9729ab89f82"",""deploymentInstanceId"":null}","{""level"":""info"",""source"":""buildkit"",""type"":""log"",""vertex"":""sha256:5123184c115415746b9e45a79609be5df6469d0b755767bd2a7f4b208b8cff02"",""stream"":1,""data"":""W0lORk9dIERvd25sb2FkZWQgZnJvbSBjZW50cmFsOiBodHRwczovL3JlcG8ubWF2ZW4uYXBhY2hlLm9yZy9tYXZlbjIvb3JnL2FwYWNoZS9odHRwY29tcG9uZW50cy9jb3JlNS9odHRwY29yZTUvNS4zLjYvaHR0cGNvcmU1LTUuMy42LnBvbSAoMy45IGtCIGF0IDE0NiBrQi9zKQo="",""timestamp"":""2026-08-22T15:29:53.409919214Z""}"
"[INFO] Downloading from central: https://repo.maven.apache.org/maven2/org/apache/httpcomponents/core5/httpcore5-parent/5.3.6/httpcore5-parent-5.3.6.pom
",2026-08-22T15:29:53.412154197Z,info,"{""serviceId"":""87697b40-66d1-4a58-89e6-1068a09cbf8c"",""deploymentId"":""d6c8c3b8-3bb6-45c0-bc76-a9729ab89f82"",""deploymentInstanceId"":null}","{""level"":""info"",""source"":""buildkit"",""type"":""log"",""vertex"":""sha256:5123184c115415746b9e45a79609be5df6469d0b755767bd2a7f4b208b8cff02"",""stream"":1,""data"":""W0lORk9dIERvd25sb2FkaW5nIGZyb20gY2VudHJhbDogaHR0cHM6Ly9yZXBvLm1hdmVuLmFwYWNoZS5vcmcvbWF2ZW4yL29yZy9hcGFjaGUvaHR0cGNvbXBvbmVudHMvY29yZTUvaHR0cGNvcmU1LXBhcmVudC81LjMuNi9odHRwY29yZTUtcGFyZW50LTUuMy42LnBvbQo="",""timestamp"":""2026-08-22T15:29:53.412154197Z""}"
"[INFO] Downloaded from central: https://repo.maven.apache.org/maven2/org/apache/httpcomponents/core5/httpcore5-parent/5.3.6/httpcore5-parent-5.3.6.pom (14 kB at 664 kB/s)
",2026-08-22T15:29:53.433121156Z,info,"{""serviceId"":""87697b40-66d1-4a58-89e6-1068a09cbf8c"",""deploymentId"":""d6c8c3b8-3bb6-45c0-bc76-a9729ab89f82"",""deploymentInstanceId"":null}","{""level"":""info"",""source"":""buildkit"",""type"":""log"",""vertex"":""sha256:5123184c115415746b9e45a79609be5df6469d0b755767bd2a7f4b208b8cff02"",""stream"":1,""data"":""W0lORk9dIERvd25sb2FkZWQgZnJvbSBjZW50cmFsOiBodHRwczovL3JlcG8ubWF2ZW4uYXBhY2hlLm9yZy9tYXZlbjIvb3JnL2FwYWNoZS9odHRwY29tcG9uZW50cy9jb3JlNS9odHRwY29yZTUtcGFyZW50LzUuMy42L2h0dHBjb3JlNS1wYXJlbnQtNS4zLjYucG9tICgxNCBrQiBhdCA2NjQga0IvcykK"",""timestamp"":""2026-08-22T15:29:53.433121156Z""}"
"[INFO] Downloading from central: https://repo.maven.apache.org/maven2/org/apache/httpcomponents/httpcomponents-parent/13/httpcomponents-parent-13.pom
",2026-08-22T15:29:53.435484882Z,info,"{""serviceId"":""87697b40-66d1-4a58-89e6-1068a09cbf8c"",""deploymentId"":""d6c8c3b8-3bb6-45c0-bc76-a9729ab89f82"",""deploymentInstanceId"":null}","{""level"":""info"",""source"":""buildkit"",""type"":""log"",""vertex"":""sha256:5123184c115415746b9e45a79609be5df6469d0b755767bd2a7f4b208b8cff02"",""stream"":1,""data"":""W0lORk9dIERvd25sb2FkaW5nIGZyb20gY2VudHJhbDogaHR0cHM6Ly9yZXBvLm1hdmVuLmFwYWNoZS5vcmcvbWF2ZW4yL29yZy9hcGFjaGUvaHR0cGNvbXBvbmVudHMvaHR0cGNvbXBvbmVudHMtcGFyZW50LzEzL2h0dHBjb21wb25lbnRzLXBhcmVudC0xMy5wb20K"",""timestamp"":""2026-08-22T15:29:53.435484882Z""}"
"[INFO] Downloaded from central: https://repo.maven.apache.org/maven2/org/apache/httpcomponents/httpcomponents-parent/13/httpcomponents-parent-13.pom (30 kB at 1.2 MB/s)
",2026-08-22T15:29:53.461010311Z,info,"{""serviceId"":""87697b40-66d1-4a58-89e6-1068a09cbf8c"",""deploymentId"":""d6c8c3b8-3bb6-45c0-bc76-a9729ab89f82"",""deploymentInstanceId"":null}","{""level"":""info"",""source"":""buildkit"",""type"":""log"",""vertex"":""sha256:5123184c115415746b9e45a79609be5df6469d0b755767bd2a7f4b208b8cff02"",""stream"":1,""data"":""W0lORk9dIERvd25sb2FkZWQgZnJvbSBjZW50cmFsOiBodHRwczovL3JlcG8ubWF2ZW4uYXBhY2hlLm9yZy9tYXZlbjIvb3JnL2FwYWNoZS9odHRwY29tcG9uZW50cy9odHRwY29tcG9uZW50cy1wYXJlbnQvMTMvaHR0cGNvbXBvbmVudHMtcGFyZW50LTEzLnBvbSAoMzAga0IgYXQgMS4yIE1CL3MpCg=="",""timestamp"":""2026-08-22T15:29:53.461010311Z""}"
"[INFO] Downloading from central: https://repo.maven.apache.org/maven2/org/apache/httpcomponents/core5/httpcore5-h2/5.3.6/httpcore5-h2-5.3.6.pom
",2026-08-22T15:29:53.465137913Z,info,"{""serviceId"":""87697b40-66d1-4a58-89e6-1068a09cbf8c"",""deploymentId"":""d6c8c3b8-3bb6-45c0-bc76-a9729ab89f82"",""deploymentInstanceId"":null}","{""level"":""info"",""source"":""buildkit"",""type"":""log"",""vertex"":""sha256:5123184c115415746b9e45a79609be5df6469d0b755767bd2a7f4b208b8cff02"",""stream"":1,""data"":""W0lORk9dIERvd25sb2FkaW5nIGZyb20gY2VudHJhbDogaHR0cHM6Ly9yZXBvLm1hdmVuLmFwYWNoZS5vcmcvbWF2ZW4yL29yZy9hcGFjaGUvaHR0cGNvbXBvbmVudHMvY29yZTUvaHR0cGNvcmU1LWgyLzUuMy42L2h0dHBjb3JlNS1oMi01LjMuNi5wb20K"",""timestamp"":""2026-08-22T15:29:53.465137913Z""}"
"[INFO] Downloaded from central: https://repo.maven.apache.org/maven2/org/apache/httpcomponents/core5/httpcore5-h2/5.3.6/httpcore5-h2-5.3.6.pom (3.6 kB at 164 kB/s)
",2026-08-22T15:29:53.486330641Z,info,"{""serviceId"":""87697b40-66d1-4a58-89e6-1068a09cbf8c"",""deploymentId"":""d6c8c3b8-3bb6-45c0-bc76-a9729ab89f82"",""deploymentInstanceId"":null}","{""level"":""info"",""source"":""buildkit"",""type"":""log"",""vertex"":""sha256:5123184c115415746b9e45a79609be5df6469d0b755767bd2a7f4b208b8cff02"",""stream"":1,""data"":""W0lORk9dIERvd25sb2FkZWQgZnJvbSBjZW50cmFsOiBodHRwczovL3JlcG8ubWF2ZW4uYXBhY2hlLm9yZy9tYXZlbjIvb3JnL2FwYWNoZS9odHRwY29tcG9uZW50cy9jb3JlNS9odHRwY29yZTUtaDIvNS4zLjYvaHR0cGNvcmU1LWgyLTUuMy42LnBvbSAoMy42IGtCIGF0IDE2NCBrQi9zKQo="",""timestamp"":""2026-08-22T15:29:53.486330641Z""}"
"[INFO] Downloading from central: https://repo.maven.apache.org/maven2/org/tomlj/tomlj/1.0.0/tomlj-1.0.0.pom
",2026-08-22T15:29:53.489847968Z,info,"{""serviceId"":""87697b40-66d1-4a58-89e6-1068a09cbf8c"",""deploymentId"":""d6c8c3b8-3bb6-45c0-bc76-a9729ab89f82"",""deploymentInstanceId"":null}","{""level"":""info"",""source"":""buildkit"",""type"":""log"",""vertex"":""sha256:5123184c115415746b9e45a79609be5df6469d0b755767bd2a7f4b208b8cff02"",""stream"":1,""data"":""W0lORk9dIERvd25sb2FkaW5nIGZyb20gY2VudHJhbDogaHR0cHM6Ly9yZXBvLm1hdmVuLmFwYWNoZS5vcmcvbWF2ZW4yL29yZy90b21sai90b21sai8xLjAuMC90b21sai0xLjAuMC5wb20K"",""timestamp"":""2026-08-22T15:29:53.489847968Z""}"
"[INFO] Downloaded from central: https://repo.maven.apache.org/maven2/org/tomlj/tomlj/1.0.0/tomlj-1.0.0.pom (2.8 kB at 118 kB/s)
",2026-08-22T15:29:53.513725153Z,info,"{""serviceId"":""87697b40-66d1-4a58-89e6-1068a09cbf8c"",""deploymentId"":""d6c8c3b8-3bb6-45c0-bc76-a9729ab89f82"",""deploymentInstanceId"":null}","{""level"":""info"",""source"":""buildkit"",""type"":""log"",""vertex"":""sha256:5123184c115415746b9e45a79609be5df6469d0b755767bd2a7f4b208b8cff02"",""stream"":1,""data"":""W0lORk9dIERvd25sb2FkZWQgZnJvbSBjZW50cmFsOiBodHRwczovL3JlcG8ubWF2ZW4uYXBhY2hlLm9yZy9tYXZlbjIvb3JnL3RvbWxqL3RvbWxqLzEuMC4wL3RvbWxqLTEuMC4wLnBvbSAoMi44IGtCIGF0IDExOCBrQi9zKQo="",""timestamp"":""2026-08-22T15:29:53.513725153Z""}"
"[INFO] Downloading from central: https://repo.maven.apache.org/maven2/org/antlr/antlr4-runtime/4.7.2/antlr4-runtime-4.7.2.pom
",2026-08-22T15:29:53.516144604Z,info,"{""serviceId"":""87697b40-66d1-4a58-89e6-1068a09cbf8c"",""deploymentId"":""d6c8c3b8-3bb6-45c0-bc76-a9729ab89f82"",""deploymentInstanceId"":null}","{""level"":""info"",""source"":""buildkit"",""type"":""log"",""vertex"":""sha256:5123184c115415746b9e45a79609be5df6469d0b755767bd2a7f4b208b8cff02"",""stream"":1,""data"":""W0lORk9dIERvd25sb2FkaW5nIGZyb20gY2VudHJhbDogaHR0cHM6Ly9yZXBvLm1hdmVuLmFwYWNoZS5vcmcvbWF2ZW4yL29yZy9hbnRsci9hbnRscjQtcnVudGltZS80LjcuMi9hbnRscjQtcnVudGltZS00LjcuMi5wb20K"",""timestamp"":""2026-08-22T15:29:53.516144604Z""}"
"[INFO] Downloaded from central: https://repo.maven.apache.org/maven2/org/antlr/antlr4-runtime/4.7.2/antlr4-runtime-4.7.2.pom (3.6 kB at 151 kB/s)
",2026-08-22T15:29:53.539639085Z,info,"{""serviceId"":""87697b40-66d1-4a58-89e6-1068a09cbf8c"",""deploymentId"":""d6c8c3b8-3bb6-45c0-bc76-a9729ab89f82"",""deploymentInstanceId"":null}","{""level"":""info"",""source"":""buildkit"",""type"":""log"",""vertex"":""sha256:5123184c115415746b9e45a79609be5df6469d0b755767bd2a7f4b208b8cff02"",""stream"":1,""data"":""W0lORk9dIERvd25sb2FkZWQgZnJvbSBjZW50cmFsOiBodHRwczovL3JlcG8ubWF2ZW4uYXBhY2hlLm9yZy9tYXZlbjIvb3JnL2FudGxyL2FudGxyNC1ydW50aW1lLzQuNy4yL2FudGxyNC1ydW50aW1lLTQuNy4yLnBvbSAoMy42IGtCIGF0IDE1MSBrQi9zKQo="",""timestamp"":""2026-08-22T15:29:53.539639085Z""}"
"[INFO] Downloading from central: https://repo.maven.apache.org/maven2/org/antlr/antlr4-master/4.7.2/antlr4-master-4.7.2.pom
",2026-08-22T15:29:53.541604353Z,info,"{""serviceId"":""87697b40-66d1-4a58-89e6-1068a09cbf8c"",""deploymentId"":""d6c8c3b8-3bb6-45c0-bc76-a9729ab89f82"",""deploymentInstanceId"":null}","{""level"":""info"",""source"":""buildkit"",""type"":""log"",""vertex"":""sha256:5123184c115415746b9e45a79609be5df6469d0b755767bd2a7f4b208b8cff02"",""stream"":1,""data"":""W0lORk9dIERvd25sb2FkaW5nIGZyb20gY2VudHJhbDogaHR0cHM6Ly9yZXBvLm1hdmVuLmFwYWNoZS5vcmcvbWF2ZW4yL29yZy9hbnRsci9hbnRscjQtbWFzdGVyLzQuNy4yL2FudGxyNC1tYXN0ZXItNC43LjIucG9tCg=="",""timestamp"":""2026-08-22T15:29:53.541604353Z""}"
"[INFO] Downloaded from central: https://repo.maven.apache.org/maven2/org/antlr/antlr4-master/4.7.2/antlr4-master-4.7.2.pom (4.4 kB at 245 kB/s)
",2026-08-22T15:29:53.559819864Z,info,"{""serviceId"":""87697b40-66d1-4a58-89e6-1068a09cbf8c"",""deploymentId"":""d6c8c3b8-3bb6-45c0-bc76-a9729ab89f82"",""deploymentInstanceId"":null}","{""level"":""info"",""source"":""buildkit"",""type"":""log"",""vertex"":""sha256:5123184c115415746b9e45a79609be5df6469d0b755767bd2a7f4b208b8cff02"",""stream"":1,""data"":""W0lORk9dIERvd25sb2FkZWQgZnJvbSBjZW50cmFsOiBodHRwczovL3JlcG8ubWF2ZW4uYXBhY2hlLm9yZy9tYXZlbjIvb3JnL2FudGxyL2FudGxyNC1tYXN0ZXIvNC43LjIvYW50bHI0LW1hc3Rlci00LjcuMi5wb20gKDQuNCBrQiBhdCAyNDUga0IvcykK"",""timestamp"":""2026-08-22T15:29:53.559819864Z""}"
"[INFO] Downloading from central: https://repo.maven.apache.org/maven2/com/google/code/findbugs/jsr305/3.0.2/jsr305-3.0.2.pom
",2026-08-22T15:29:53.562282198Z,info,"{""serviceId"":""87697b40-66d1-4a58-89e6-1068a09cbf8c"",""deploymentId"":""d6c8c3b8-3bb6-45c0-bc76-a9729ab89f82"",""deploymentInstanceId"":null}","{""level"":""info"",""source"":""buildkit"",""type"":""log"",""vertex"":""sha256:5123184c115415746b9e45a79609be5df6469d0b755767bd2a7f4b208b8cff02"",""stream"":1,""data"":""W0lORk9dIERvd25sb2FkaW5nIGZyb20gY2VudHJhbDogaHR0cHM6Ly9yZXBvLm1hdmVuLmFwYWNoZS5vcmcvbWF2ZW4yL2NvbS9nb29nbGUvY29kZS9maW5kYnVncy9qc3IzMDUvMy4wLjIvanNyMzA1LTMuMC4yLnBvbQo="",""timestamp"":""2026-08-22T15:29:53.562282198Z""}"
"[INFO] Downloaded from central: https://repo.maven.apache.org/maven2/com/google/code/findbugs/jsr305/3.0.2/jsr305-3.0.2.pom (4.3 kB at 179 kB/s)
",2026-08-22T15:29:53.586398022Z,info,"{""serviceId"":""87697b40-66d1-4a58-89e6-1068a09cbf8c"",""deploymentId"":""d6c8c3b8-3bb6-45c0-bc76-a9729ab89f82"",""deploymentInstanceId"":null}","{""level"":""info"",""source"":""buildkit"",""type"":""log"",""vertex"":""sha256:5123184c115415746b9e45a79609be5df6469d0b755767bd2a7f4b208b8cff02"",""stream"":1,""data"":""W0lORk9dIERvd25sb2FkZWQgZnJvbSBjZW50cmFsOiBodHRwczovL3JlcG8ubWF2ZW4uYXBhY2hlLm9yZy9tYXZlbjIvY29tL2dvb2dsZS9jb2RlL2ZpbmRidWdzL2pzcjMwNS8zLjAuMi9qc3IzMDUtMy4wLjIucG9tICg0LjMga0IgYXQgMTc5IGtCL3MpCg=="",""timestamp"":""2026-08-22T15:29:53.586398022Z""}"
"[INFO] Downloading from central: https://repo.maven.apache.org/maven2/org/springframework/boot/spring-boot-loader-tools/3.5.7/spring-boot-loader-tools-3.5.7.pom
",2026-08-22T15:29:53.589850001Z,info,"{""serviceId"":""87697b40-66d1-4a58-89e6-1068a09cbf8c"",""deploymentId"":""d6c8c3b8-3bb6-45c0-bc76-a9729ab89f82"",""deploymentInstanceId"":null}","{""level"":""info"",""source"":""buildkit"",""type"":""log"",""vertex"":""sha256:5123184c115415746b9e45a79609be5df6469d0b755767bd2a7f4b208b8cff02"",""stream"":1,""data"":""W0lORk9dIERvd25sb2FkaW5nIGZyb20gY2VudHJhbDogaHR0cHM6Ly9yZXBvLm1hdmVuLmFwYWNoZS5vcmcvbWF2ZW4yL29yZy9zcHJpbmdmcmFtZXdvcmsvYm9vdC9zcHJpbmctYm9vdC1sb2FkZXItdG9vbHMvMy41Ljcvc3ByaW5nLWJvb3QtbG9hZGVyLXRvb2xzLTMuNS43LnBvbQo="",""timestamp"":""2026-08-22T15:29:53.589850001Z""}"
"[INFO] Downloaded from central: https://repo.maven.apache.org/maven2/org/springframework/boot/spring-boot-loader-tools/3.5.7/spring-boot-loader-tools-3.5.7.pom (2.2 kB at 112 kB/s)
",2026-08-22T15:29:53.609732662Z,info,"{""serviceId"":""87697b40-66d1-4a58-89e6-1068a09cbf8c"",""deploymentId"":""d6c8c3b8-3bb6-45c0-bc76-a9729ab89f82"",""deploymentInstanceId"":null}","{""level"":""info"",""source"":""buildkit"",""type"":""log"",""vertex"":""sha256:5123184c115415746b9e45a79609be5df6469d0b755767bd2a7f4b208b8cff02"",""stream"":1,""data"":""W0lORk9dIERvd25sb2FkZWQgZnJvbSBjZW50cmFsOiBodHRwczovL3JlcG8ubWF2ZW4uYXBhY2hlLm9yZy9tYXZlbjIvb3JnL3NwcmluZ2ZyYW1ld29yay9ib290L3NwcmluZy1ib290LWxvYWRlci10b29scy8zLjUuNy9zcHJpbmctYm9vdC1sb2FkZXItdG9vbHMtMy41LjcucG9tICgyLjIga0IgYXQgMTEyIGtCL3MpCg=="",""timestamp"":""2026-08-22T15:29:53.609732662Z""}"
"[INFO] Downloading from central: https://repo.maven.apache.org/maven2/io/micrometer/micrometer-observation/1.14.12/micrometer-observation-1.14.12.pom
",2026-08-22T15:29:53.61328994Z,info,"{""serviceId"":""87697b40-66d1-4a58-89e6-1068a09cbf8c"",""deploymentId"":""d6c8c3b8-3bb6-45c0-bc76-a9729ab89f82"",""deploymentInstanceId"":null}","{""level"":""info"",""source"":""buildkit"",""type"":""log"",""vertex"":""sha256:5123184c115415746b9e45a79609be5df6469d0b755767bd2a7f4b208b8cff02"",""stream"":1,""data"":""W0lORk9dIERvd25sb2FkaW5nIGZyb20gY2VudHJhbDogaHR0cHM6Ly9yZXBvLm1hdmVuLmFwYWNoZS5vcmcvbWF2ZW4yL2lvL21pY3JvbWV0ZXIvbWljcm9tZXRlci1vYnNlcnZhdGlvbi8xLjE0LjEyL21pY3JvbWV0ZXItb2JzZXJ2YXRpb24tMS4xNC4xMi5wb20K"",""timestamp"":""2026-08-22T15:29:53.61328994Z""}"
"[INFO] Downloaded from central: https://repo.maven.apache.org/maven2/io/micrometer/micrometer-observation/1.14.12/micrometer-observation-1.14.12.pom (3.8 kB at 154 kB/s)
",2026-08-22T15:29:53.638894567Z,info,"{""serviceId"":""87697b40-66d1-4a58-89e6-1068a09cbf8c"",""deploymentId"":""d6c8c3b8-3bb6-45c0-bc76-a9729ab89f82"",""deploymentInstanceId"":null}","{""level"":""info"",""source"":""buildkit"",""type"":""log"",""vertex"":""sha256:5123184c115415746b9e45a79609be5df6469d0b755767bd2a7f4b208b8cff02"",""stream"":1,""data"":""W0lORk9dIERvd25sb2FkZWQgZnJvbSBjZW50cmFsOiBodHRwczovL3JlcG8ubWF2ZW4uYXBhY2hlLm9yZy9tYXZlbjIvaW8vbWljcm9tZXRlci9taWNyb21ldGVyLW9ic2VydmF0aW9uLzEuMTQuMTIvbWljcm9tZXRlci1vYnNlcnZhdGlvbi0xLjE0LjEyLnBvbSAoMy44IGtCIGF0IDE1NCBrQi9zKQo="",""timestamp"":""2026-08-22T15:29:53.638894567Z""}"
"[INFO] Downloading from central: https://repo.maven.apache.org/maven2/io/micrometer/micrometer-commons/1.14.12/micrometer-commons-1.14.12.pom
",2026-08-22T15:29:53.64192888Z,info,"{""serviceId"":""87697b40-66d1-4a58-89e6-1068a09cbf8c"",""deploymentId"":""d6c8c3b8-3bb6-45c0-bc76-a9729ab89f82"",""deploymentInstanceId"":null}","{""level"":""info"",""source"":""buildkit"",""type"":""log"",""vertex"":""sha256:5123184c115415746b9e45a79609be5df6469d0b755767bd2a7f4b208b8cff02"",""stream"":1,""data"":""W0lORk9dIERvd25sb2FkaW5nIGZyb20gY2VudHJhbDogaHR0cHM6Ly9yZXBvLm1hdmVuLmFwYWNoZS5vcmcvbWF2ZW4yL2lvL21pY3JvbWV0ZXIvbWljcm9tZXRlci1jb21tb25zLzEuMTQuMTIvbWljcm9tZXRlci1jb21tb25zLTEuMTQuMTIucG9tCg=="",""timestamp"":""2026-08-22T15:29:53.64192888Z""}"
"[INFO] Downloaded from central: https://repo.maven.apache.org/maven2/io/micrometer/micrometer-commons/1.14.12/micrometer-commons-1.14.12.pom (3.4 kB at 171 kB/s)
",2026-08-22T15:29:53.661471622Z,info,"{""serviceId"":""87697b40-66d1-4a58-89e6-1068a09cbf8c"",""deploymentId"":""d6c8c3b8-3bb6-45c0-bc76-a9729ab89f82"",""deploymentInstanceId"":null}","{""level"":""info"",""source"":""buildkit"",""type"":""log"",""vertex"":""sha256:5123184c115415746b9e45a79609be5df6469d0b755767bd2a7f4b208b8cff02"",""stream"":1,""data"":""W0lORk9dIERvd25sb2FkZWQgZnJvbSBjZW50cmFsOiBodHRwczovL3JlcG8ubWF2ZW4uYXBhY2hlLm9yZy9tYXZlbjIvaW8vbWljcm9tZXRlci9taWNyb21ldGVyLWNvbW1vbnMvMS4xNC4xMi9taWNyb21ldGVyLWNvbW1vbnMtMS4xNC4xMi5wb20gKDMuNCBrQiBhdCAxNzEga0IvcykK"",""timestamp"":""2026-08-22T15:29:53.661471622Z""}"
"[INFO] Downloading from central: https://repo.maven.apache.org/maven2/org/apache/maven/plugins/maven-shade-plugin/3.6.0/maven-shade-plugin-3.6.0.pom
",2026-08-22T15:29:53.665296029Z,info,"{""serviceId"":""87697b40-66d1-4a58-89e6-1068a09cbf8c"",""deploymentId"":""d6c8c3b8-3bb6-45c0-bc76-a9729ab89f82"",""deploymentInstanceId"":null}","{""level"":""info"",""source"":""buildkit"",""type"":""log"",""vertex"":""sha256:5123184c115415746b9e45a79609be5df6469d0b755767bd2a7f4b208b8cff02"",""stream"":1,""data"":""W0lORk9dIERvd25sb2FkaW5nIGZyb20gY2VudHJhbDogaHR0cHM6Ly9yZXBvLm1hdmVuLmFwYWNoZS5vcmcvbWF2ZW4yL29yZy9hcGFjaGUvbWF2ZW4vcGx1Z2lucy9tYXZlbi1zaGFkZS1wbHVnaW4vMy42LjAvbWF2ZW4tc2hhZGUtcGx1Z2luLTMuNi4wLnBvbQo="",""timestamp"":""2026-08-22T15:29:53.665296029Z""}"
"[INFO] Downloaded from central: https://repo.maven.apache.org/maven2/org/apache/maven/plugins/maven-shade-plugin/3.6.0/maven-shade-plugin-3.6.0.pom (12 kB at 529 kB/s)
",2026-08-22T15:29:53.687986374Z,info,"{""serviceId"":""87697b40-66d1-4a58-89e6-1068a09cbf8c"",""deploymentId"":""d6c8c3b8-3bb6-45c0-bc76-a9729ab89f82"",""deploymentInstanceId"":null}","{""level"":""info"",""source"":""buildkit"",""type"":""log"",""vertex"":""sha256:5123184c115415746b9e45a79609be5df6469d0b755767bd2a7f4b208b8cff02"",""stream"":1,""data"":""W0lORk9dIERvd25sb2FkZWQgZnJvbSBjZW50cmFsOiBodHRwczovL3JlcG8ubWF2ZW4uYXBhY2hlLm9yZy9tYXZlbjIvb3JnL2FwYWNoZS9tYXZlbi9wbHVnaW5zL21hdmVuLXNoYWRlLXBsdWdpbi8zLjYuMC9tYXZlbi1zaGFkZS1wbHVnaW4tMy42LjAucG9tICgxMiBrQiBhdCA1Mjkga0IvcykK"",""timestamp"":""2026-08-22T15:29:53.687986374Z""}"
"[INFO] Downloading from central: https://repo.maven.apache.org/maven2/org/ow2/asm/asm-commons/9.7/asm-commons-9.7.pom
",2026-08-22T15:29:53.692457893Z,info,"{""serviceId"":""87697b40-66d1-4a58-89e6-1068a09cbf8c"",""deploymentId"":""d6c8c3b8-3bb6-45c0-bc76-a9729ab89f82"",""deploymentInstanceId"":null}","{""level"":""info"",""source"":""buildkit"",""type"":""log"",""vertex"":""sha256:5123184c115415746b9e45a79609be5df6469d0b755767bd2a7f4b208b8cff02"",""stream"":1,""data"":""W0lORk9dIERvd25sb2FkaW5nIGZyb20gY2VudHJhbDogaHR0cHM6Ly9yZXBvLm1hdmVuLmFwYWNoZS5vcmcvbWF2ZW4yL29yZy9vdzIvYXNtL2FzbS1jb21tb25zLzkuNy9hc20tY29tbW9ucy05LjcucG9tCg=="",""timestamp"":""2026-08-22T15:29:53.692457893Z""}"
"[INFO] Downloaded from central: https://repo.maven.apache.org/maven2/org/ow2/asm/asm-commons/9.7/asm-commons-9.7.pom (2.8 kB at 139 kB/s)
",2026-08-22T15:29:53.712791832Z,info,"{""serviceId"":""87697b40-66d1-4a58-89e6-1068a09cbf8c"",""deploymentId"":""d6c8c3b8-3bb6-45c0-bc76-a9729ab89f82"",""deploymentInstanceId"":null}","{""level"":""info"",""source"":""buildkit"",""type"":""log"",""vertex"":""sha256:5123184c115415746b9e45a79609be5df6469d0b755767bd2a7f4b208b8cff02"",""stream"":1,""data"":""W0lORk9dIERvd25sb2FkZWQgZnJvbSBjZW50cmFsOiBodHRwczovL3JlcG8ubWF2ZW4uYXBhY2hlLm9yZy9tYXZlbjIvb3JnL293Mi9hc20vYXNtLWNvbW1vbnMvOS43L2FzbS1jb21tb25zLTkuNy5wb20gKDIuOCBrQiBhdCAxMzkga0IvcykK"",""timestamp"":""2026-08-22T15:29:53.712791832Z""}"
"[INFO] Downloading from central: https://repo.maven.apache.org/maven2/org/ow2/asm/asm-tree/9.7/asm-tree-9.7.pom
",2026-08-22T15:29:53.715325333Z,info,"{""serviceId"":""87697b40-66d1-4a58-89e6-1068a09cbf8c"",""deploymentId"":""d6c8c3b8-3bb6-45c0-bc76-a9729ab89f82"",""deploymentInstanceId"":null}","{""level"":""info"",""source"":""buildkit"",""type"":""log"",""vertex"":""sha256:5123184c115415746b9e45a79609be5df6469d0b755767bd2a7f4b208b8cff02"",""stream"":1,""data"":""W0lORk9dIERvd25sb2FkaW5nIGZyb20gY2VudHJhbDogaHR0cHM6Ly9yZXBvLm1hdmVuLmFwYWNoZS5vcmcvbWF2ZW4yL29yZy9vdzIvYXNtL2FzbS10cmVlLzkuNy9hc20tdHJlZS05LjcucG9tCg=="",""timestamp"":""2026-08-22T15:29:53.715325333Z""}"
"[INFO] Downloaded from central: https://repo.maven.apache.org/maven2/org/ow2/asm/asm-tree/9.7/asm-tree-9.7.pom (2.6 kB at 136 kB/s)
",2026-08-22T15:29:53.73424511Z,info,"{""serviceId"":""87697b40-66d1-4a58-89e6-1068a09cbf8c"",""deploymentId"":""d6c8c3b8-3bb6-45c0-bc76-a9729ab89f82"",""deploymentInstanceId"":null}","{""level"":""info"",""source"":""buildkit"",""type"":""log"",""vertex"":""sha256:5123184c115415746b9e45a79609be5df6469d0b755767bd2a7f4b208b8cff02"",""stream"":1,""data"":""W0lORk9dIERvd25sb2FkZWQgZnJvbSBjZW50cmFsOiBodHRwczovL3JlcG8ubWF2ZW4uYXBhY2hlLm9yZy9tYXZlbjIvb3JnL293Mi9hc20vYXNtLXRyZWUvOS43L2FzbS10cmVlLTkuNy5wb20gKDIuNiBrQiBhdCAxMzYga0IvcykK"",""timestamp"":""2026-08-22T15:29:53.73424511Z""}"
"[INFO] Downloading from central: https://repo.maven.apache.org/maven2/org/jdom/jdom2/2.0.6.1/jdom2-2.0.6.1.pom
",2026-08-22T15:29:53.737145312Z,info,"{""serviceId"":""87697b40-66d1-4a58-89e6-1068a09cbf8c"",""deploymentId"":""d6c8c3b8-3bb6-45c0-bc76-a9729ab89f82"",""deploymentInstanceId"":null}","{""level"":""info"",""source"":""buildkit"",""type"":""log"",""vertex"":""sha256:5123184c115415746b9e45a79609be5df6469d0b755767bd2a7f4b208b8cff02"",""stream"":1,""data"":""W0lORk9dIERvd25sb2FkaW5nIGZyb20gY2VudHJhbDogaHR0cHM6Ly9yZXBvLm1hdmVuLmFwYWNoZS5vcmcvbWF2ZW4yL29yZy9qZG9tL2pkb20yLzIuMC42LjEvamRvbTItMi4wLjYuMS5wb20K"",""timestamp"":""2026-08-22T15:29:53.737145312Z""}"
"[INFO] Downloaded from central: https://repo.maven.apache.org/maven2/org/jdom/jdom2/2.0.6.1/jdom2-2.0.6.1.pom (4.6 kB at 184 kB/s)
",2026-08-22T15:29:53.761729578Z,info,"{""serviceId"":""87697b40-66d1-4a58-89e6-1068a09cbf8c"",""deploymentId"":""d6c8c3b8-3bb6-45c0-bc76-a9729ab89f82"",""deploymentInstanceId"":null}","{""level"":""info"",""source"":""buildkit"",""type"":""log"",""vertex"":""sha256:5123184c115415746b9e45a79609be5df6469d0b755767bd2a7f4b208b8cff02"",""stream"":1,""data"":""W0lORk9dIERvd25sb2FkZWQgZnJvbSBjZW50cmFsOiBodHRwczovL3JlcG8ubWF2ZW4uYXBhY2hlLm9yZy9tYXZlbjIvb3JnL2pkb20vamRvbTIvMi4wLjYuMS9qZG9tMi0yLjAuNi4xLnBvbSAoNC42IGtCIGF0IDE4NCBrQi9zKQo="",""timestamp"":""2026-08-22T15:29:53.761729578Z""}"
"[INFO] Downloading from central: https://repo.maven.apache.org/maven2/org/vafer/jdependency/2.10/jdependency-2.10.pom
",2026-08-22T15:29:53.764871642Z,info,"{""serviceId"":""87697b40-66d1-4a58-89e6-1068a09cbf8c"",""deploymentId"":""d6c8c3b8-3bb6-45c0-bc76-a9729ab89f82"",""deploymentInstanceId"":null}","{""level"":""info"",""source"":""buildkit"",""type"":""log"",""vertex"":""sha256:5123184c115415746b9e45a79609be5df6469d0b755767bd2a7f4b208b8cff02"",""stream"":1,""data"":""W0lORk9dIERvd25sb2FkaW5nIGZyb20gY2VudHJhbDogaHR0cHM6Ly9yZXBvLm1hdmVuLmFwYWNoZS5vcmcvbWF2ZW4yL29yZy92YWZlci9qZGVwZW5kZW5jeS8yLjEwL2pkZXBlbmRlbmN5LTIuMTAucG9tCg=="",""timestamp"":""2026-08-22T15:29:53.764871642Z""}"
"[INFO] Downloaded from central: https://repo.maven.apache.org/maven2/org/vafer/jdependency/2.10/jdependency-2.10.pom (14 kB at 638 kB/s)
",2026-08-22T15:29:53.786754856Z,info,"{""serviceId"":""87697b40-66d1-4a58-89e6-1068a09cbf8c"",""deploymentId"":""d6c8c3b8-3bb6-45c0-bc76-a9729ab89f82"",""deploymentInstanceId"":null}","{""level"":""info"",""source"":""buildkit"",""type"":""log"",""vertex"":""sha256:5123184c115415746b9e45a79609be5df6469d0b755767bd2a7f4b208b8cff02"",""stream"":1,""data"":""W0lORk9dIERvd25sb2FkZWQgZnJvbSBjZW50cmFsOiBodHRwczovL3JlcG8ubWF2ZW4uYXBhY2hlLm9yZy9tYXZlbjIvb3JnL3ZhZmVyL2pkZXBlbmRlbmN5LzIuMTAvamRlcGVuZGVuY3ktMi4xMC5wb20gKDE0IGtCIGF0IDYzOCBrQi9zKQo="",""timestamp"":""2026-08-22T15:29:53.786754856Z""}"
"[INFO] Downloading from central: https://repo.maven.apache.org/maven2/org/springframework/boot/spring-boot-buildpack-platform/3.5.7/spring-boot-buildpack-platform-3.5.7.jar
",2026-08-22T15:29:53.800240419Z,info,"{""serviceId"":""87697b40-66d1-4a58-89e6-1068a09cbf8c"",""deploymentId"":""d6c8c3b8-3bb6-45c0-bc76-a9729ab89f82"",""deploymentInstanceId"":null}","{""level"":""info"",""source"":""buildkit"",""type"":""log"",""vertex"":""sha256:5123184c115415746b9e45a79609be5df6469d0b755767bd2a7f4b208b8cff02"",""stream"":1,""data"":""W0lORk9dIERvd25sb2FkaW5nIGZyb20gY2VudHJhbDogaHR0cHM6Ly9yZXBvLm1hdmVuLmFwYWNoZS5vcmcvbWF2ZW4yL29yZy9zcHJpbmdmcmFtZXdvcmsvYm9vdC9zcHJpbmctYm9vdC1idWlsZHBhY2stcGxhdGZvcm0vMy41Ljcvc3ByaW5nLWJvb3QtYnVpbGRwYWNrLXBsYXRmb3JtLTMuNS43Lmphcgo="",""timestamp"":""2026-08-22T15:29:53.800240419Z""}"
"[INFO] Downloaded from central: https://repo.maven.apache.org/maven2/org/springframework/boot/spring-boot-buildpack-platform/3.5.7/spring-boot-buildpack-platform-3.5.7.jar (319 kB at 14 MB/s)
",2026-08-22T15:29:53.821718775Z,info,"{""serviceId"":""87697b40-66d1-4a58-89e6-1068a09cbf8c"",""deploymentId"":""d6c8c3b8-3bb6-45c0-bc76-a9729ab89f82"",""deploymentInstanceId"":null}","{""level"":""info"",""source"":""buildkit"",""type"":""log"",""vertex"":""sha256:5123184c115415746b9e45a79609be5df6469d0b755767bd2a7f4b208b8cff02"",""stream"":1,""data"":""W0lORk9dIERvd25sb2FkZWQgZnJvbSBjZW50cmFsOiBodHRwczovL3JlcG8ubWF2ZW4uYXBhY2hlLm9yZy9tYXZlbjIvb3JnL3NwcmluZ2ZyYW1ld29yay9ib290L3NwcmluZy1ib290LWJ1aWxkcGFjay1wbGF0Zm9ybS8zLjUuNy9zcHJpbmctYm9vdC1idWlsZHBhY2stcGxhdGZvcm0tMy41LjcuamFyICgzMTkga0IgYXQgMTQgTUIvcykK"",""timestamp"":""2026-08-22T15:29:53.821718775Z""}"
"[INFO] Downloading from central: https://repo.maven.apache.org/maven2/net/java/dev/jna/jna-platform/5.17.0/jna-platform-5.17.0.jar
",2026-08-22T15:29:53.822704845Z,info,"{""serviceId"":""87697b40-66d1-4a58-89e6-1068a09cbf8c"",""deploymentId"":""d6c8c3b8-3bb6-45c0-bc76-a9729ab89f82"",""deploymentInstanceId"":null}","{""level"":""info"",""source"":""buildkit"",""type"":""log"",""vertex"":""sha256:5123184c115415746b9e45a79609be5df6469d0b755767bd2a7f4b208b8cff02"",""stream"":1,""data"":""W0lORk9dIERvd25sb2FkaW5nIGZyb20gY2VudHJhbDogaHR0cHM6Ly9yZXBvLm1hdmVuLmFwYWNoZS5vcmcvbWF2ZW4yL25ldC9qYXZhL2Rldi9qbmEvam5hLXBsYXRmb3JtLzUuMTcuMC9qbmEtcGxhdGZvcm0tNS4xNy4wLmphcgo="",""timestamp"":""2026-08-22T15:29:53.822704845Z""}"
"[INFO] Downloading from central: https://repo.maven.apache.org/maven2/net/java/dev/jna/jna/5.17.0/jna-5.17.0.jar
",2026-08-22T15:29:53.822742381Z,info,"{""serviceId"":""87697b40-66d1-4a58-89e6-1068a09cbf8c"",""deploymentId"":""d6c8c3b8-3bb6-45c0-bc76-a9729ab89f82"",""deploymentInstanceId"":null}","{""level"":""info"",""source"":""buildkit"",""type"":""log"",""vertex"":""sha256:5123184c115415746b9e45a79609be5df6469d0b755767bd2a7f4b208b8cff02"",""stream"":1,""data"":""W0lORk9dIERvd25sb2FkaW5nIGZyb20gY2VudHJhbDogaHR0cHM6Ly9yZXBvLm1hdmVuLmFwYWNoZS5vcmcvbWF2ZW4yL25ldC9qYXZhL2Rldi9qbmEvam5hLzUuMTcuMC9qbmEtNS4xNy4wLmphcgo="",""timestamp"":""2026-08-22T15:29:53.822742381Z""}"
"[INFO] Downloading from central: https://repo.maven.apache.org/maven2/org/apache/commons/commons-compress/1.27.1/commons-compress-1.27.1.jar
",2026-08-22T15:29:53.823069452Z,info,"{""serviceId"":""87697b40-66d1-4a58-89e6-1068a09cbf8c"",""deploymentId"":""d6c8c3b8-3bb6-45c0-bc76-a9729ab89f82"",""deploymentInstanceId"":null}","{""level"":""info"",""source"":""buildkit"",""type"":""log"",""vertex"":""sha256:5123184c115415746b9e45a79609be5df6469d0b755767bd2a7f4b208b8cff02"",""stream"":1,""data"":""W0lORk9dIERvd25sb2FkaW5nIGZyb20gY2VudHJhbDogaHR0cHM6Ly9yZXBvLm1hdmVuLmFwYWNoZS5vcmcvbWF2ZW4yL29yZy9hcGFjaGUvY29tbW9ucy9jb21tb25zLWNvbXByZXNzLzEuMjcuMS9jb21tb25zLWNvbXByZXNzLTEuMjcuMS5qYXIK"",""timestamp"":""2026-08-22T15:29:53.823069452Z""}"
"[INFO] Downloading from central: https://repo.maven.apache.org/maven2/commons-codec/commons-codec/1.17.1/commons-codec-1.17.1.jar
",2026-08-22T15:29:53.823207329Z,info,"{""serviceId"":""87697b40-66d1-4a58-89e6-1068a09cbf8c"",""deploymentId"":""d6c8c3b8-3bb6-45c0-bc76-a9729ab89f82"",""deploymentInstanceId"":null}","{""level"":""info"",""source"":""buildkit"",""type"":""log"",""vertex"":""sha256:5123184c115415746b9e45a79609be5df6469d0b755767bd2a7f4b208b8cff02"",""stream"":1,""data"":""W0lORk9dIERvd25sb2FkaW5nIGZyb20gY2VudHJhbDogaHR0cHM6Ly9yZXBvLm1hdmVuLmFwYWNoZS5vcmcvbWF2ZW4yL2NvbW1vbnMtY29kZWMvY29tbW9ucy1jb2RlYy8xLjE3LjEvY29tbW9ucy1jb2RlYy0xLjE3LjEuamFyCg=="",""timestamp"":""2026-08-22T15:29:53.823207329Z""}"
"[INFO] Downloading from central: https://repo.maven.apache.org/maven2/org/apache/commons/commons-lang3/3.16.0/commons-lang3-3.16.0.jar
",2026-08-22T15:29:53.823464454Z,info,"{""serviceId"":""87697b40-66d1-4a58-89e6-1068a09cbf8c"",""deploymentId"":""d6c8c3b8-3bb6-45c0-bc76-a9729ab89f82"",""deploymentInstanceId"":null}","{""level"":""info"",""source"":""buildkit"",""type"":""log"",""vertex"":""sha256:5123184c115415746b9e45a79609be5df6469d0b755767bd2a7f4b208b8cff02"",""stream"":1,""data"":""W0lORk9dIERvd25sb2FkaW5nIGZyb20gY2VudHJhbDogaHR0cHM6Ly9yZXBvLm1hdmVuLmFwYWNoZS5vcmcvbWF2ZW4yL29yZy9hcGFjaGUvY29tbW9ucy9jb21tb25zLWxhbmczLzMuMTYuMC9jb21tb25zLWxhbmczLTMuMTYuMC5qYXIK"",""timestamp"":""2026-08-22T15:29:53.823464454Z""}"
"[INFO] Downloaded from central: https://repo.maven.apache.org/maven2/net/java/dev/jna/jna-platform/5.17.0/jna-platform-5.17.0.jar (1.4 MB at 48 MB/s)
[INFO] Downloaded from central: https://repo.maven.apache.org/maven2/commons-codec/commons-codec/1.17.1/commons-codec-1.17.1.jar (373 kB at 13 MB/s)
[INFO] Downloading from central: https://repo.maven.apache.org/maven2/org/apache/httpcomponents/core5/httpcore5/5.3.6/httpcore5-5.3.6.jar
",2026-08-22T15:29:53.850660569Z,info,"{""serviceId"":""87697b40-66d1-4a58-89e6-1068a09cbf8c"",""deploymentId"":""d6c8c3b8-3bb6-45c0-bc76-a9729ab89f82"",""deploymentInstanceId"":null}","{""level"":""info"",""source"":""buildkit"",""type"":""log"",""vertex"":""sha256:5123184c115415746b9e45a79609be5df6469d0b755767bd2a7f4b208b8cff02"",""stream"":1,""data"":""W0lORk9dIERvd25sb2FkZWQgZnJvbSBjZW50cmFsOiBodHRwczovL3JlcG8ubWF2ZW4uYXBhY2hlLm9yZy9tYXZlbjIvbmV0L2phdmEvZGV2L2puYS9qbmEtcGxhdGZvcm0vNS4xNy4wL2puYS1wbGF0Zm9ybS01LjE3LjAuamFyICgxLjQgTUIgYXQgNDggTUIvcykKW0lORk9dIERvd25sb2FkZWQgZnJvbSBjZW50cmFsOiBodHRwczovL3JlcG8ubWF2ZW4uYXBhY2hlLm9yZy9tYXZlbjIvY29tbW9ucy1jb2RlYy9jb21tb25zLWNvZGVjLzEuMTcuMS9jb21tb25zLWNvZGVjLTEuMTcuMS5qYXIgKDM3MyBrQiBhdCAxMyBNQi9zKQpbSU5GT10gRG93bmxvYWRpbmcgZnJvbSBjZW50cmFsOiBodHRwczovL3JlcG8ubWF2ZW4uYXBhY2hlLm9yZy9tYXZlbjIvb3JnL2FwYWNoZS9odHRwY29tcG9uZW50cy9jb3JlNS9odHRwY29yZTUvNS4zLjYvaHR0cGNvcmU1LTUuMy42Lmphcgo="",""timestamp"":""2026-08-22T15:29:53.850660569Z""}"
"[INFO] Downloading from central: https://repo.maven.apache.org/maven2/org/apache/httpcomponents/client5/httpclient5/5.5.1/httpclient5-5.5.1.jar
",2026-08-22T15:29:53.85070088Z,info,"{""serviceId"":""87697b40-66d1-4a58-89e6-1068a09cbf8c"",""deploymentId"":""d6c8c3b8-3bb6-45c0-bc76-a9729ab89f82"",""deploymentInstanceId"":null}","{""level"":""info"",""source"":""buildkit"",""type"":""log"",""vertex"":""sha256:5123184c115415746b9e45a79609be5df6469d0b755767bd2a7f4b208b8cff02"",""stream"":1,""data"":""W0lORk9dIERvd25sb2FkaW5nIGZyb20gY2VudHJhbDogaHR0cHM6Ly9yZXBvLm1hdmVuLmFwYWNoZS5vcmcvbWF2ZW4yL29yZy9hcGFjaGUvaHR0cGNvbXBvbmVudHMvY2xpZW50NS9odHRwY2xpZW50NS81LjUuMS9odHRwY2xpZW50NS01LjUuMS5qYXIK"",""timestamp"":""2026-08-22T15:29:53.85070088Z""}"
"[INFO] Downloaded from central: https://repo.maven.apache.org/maven2/org/apache/commons/commons-lang3/3.16.0/commons-lang3-3.16.0.jar (674 kB at 22 MB/s)
[INFO] Downloading from central: https://repo.maven.apache.org/maven2/org/apache/httpcomponents/core5/httpcore5-h2/5.3.6/httpcore5-h2-5.3.6.jar
",2026-08-22T15:29:53.852199108Z,info,"{""serviceId"":""87697b40-66d1-4a58-89e6-1068a09cbf8c"",""deploymentId"":""d6c8c3b8-3bb6-45c0-bc76-a9729ab89f82"",""deploymentInstanceId"":null}","{""level"":""info"",""source"":""buildkit"",""type"":""log"",""vertex"":""sha256:5123184c115415746b9e45a79609be5df6469d0b755767bd2a7f4b208b8cff02"",""stream"":1,""data"":""W0lORk9dIERvd25sb2FkZWQgZnJvbSBjZW50cmFsOiBodHRwczovL3JlcG8ubWF2ZW4uYXBhY2hlLm9yZy9tYXZlbjIvb3JnL2FwYWNoZS9jb21tb25zL2NvbW1vbnMtbGFuZzMvMy4xNi4wL2NvbW1vbnMtbGFuZzMtMy4xNi4wLmphciAoNjc0IGtCIGF0IDIyIE1CL3MpCltJTkZPXSBEb3dubG9hZGluZyBmcm9tIGNlbnRyYWw6IGh0dHBzOi8vcmVwby5tYXZlbi5hcGFjaGUub3JnL21hdmVuMi9vcmcvYXBhY2hlL2h0dHBjb21wb25lbnRzL2NvcmU1L2h0dHBjb3JlNS1oMi81LjMuNi9odHRwY29yZTUtaDItNS4zLjYuamFyCg=="",""timestamp"":""2026-08-22T15:29:53.852199108Z""}"
"[INFO] Downloaded from central: https://repo.maven.apache.org/maven2/org/apache/commons/commons-compress/1.27.1/commons-compress-1.27.1.jar (1.1 MB at 32 MB/s)
",2026-08-22T15:29:53.856570757Z,info,"{""serviceId"":""87697b40-66d1-4a58-89e6-1068a09cbf8c"",""deploymentId"":""d6c8c3b8-3bb6-45c0-bc76-a9729ab89f82"",""deploymentInstanceId"":null}","{""level"":""info"",""source"":""buildkit"",""type"":""log"",""vertex"":""sha256:5123184c115415746b9e45a79609be5df6469d0b755767bd2a7f4b208b8cff02"",""stream"":1,""data"":""W0lORk9dIERvd25sb2FkZWQgZnJvbSBjZW50cmFsOiBodHRwczovL3JlcG8ubWF2ZW4uYXBhY2hlLm9yZy9tYXZlbjIvb3JnL2FwYWNoZS9jb21tb25zL2NvbW1vbnMtY29tcHJlc3MvMS4yNy4xL2NvbW1vbnMtY29tcHJlc3MtMS4yNy4xLmphciAoMS4xIE1CIGF0IDMyIE1CL3MpCg=="",""timestamp"":""2026-08-22T15:29:53.856570757Z""}"
"[INFO] Downloading from central: https://repo.maven.apache.org/maven2/org/tomlj/tomlj/1.0.0/tomlj-1.0.0.jar
",2026-08-22T15:29:53.856590887Z,info,"{""serviceId"":""87697b40-66d1-4a58-89e6-1068a09cbf8c"",""deploymentId"":""d6c8c3b8-3bb6-45c0-bc76-a9729ab89f82"",""deploymentInstanceId"":null}","{""level"":""info"",""source"":""buildkit"",""type"":""log"",""vertex"":""sha256:5123184c115415746b9e45a79609be5df6469d0b755767bd2a7f4b208b8cff02"",""stream"":1,""data"":""W0lORk9dIERvd25sb2FkaW5nIGZyb20gY2VudHJhbDogaHR0cHM6Ly9yZXBvLm1hdmVuLmFwYWNoZS5vcmcvbWF2ZW4yL29yZy90b21sai90b21sai8xLjAuMC90b21sai0xLjAuMC5qYXIK"",""timestamp"":""2026-08-22T15:29:53.856590887Z""}"
"[INFO] Downloaded from central: https://repo.maven.apache.org/maven2/net/java/dev/jna/jna/5.17.0/jna-5.17.0.jar (2.0 MB at 56 MB/s)
[INFO] Downloading from central: https://repo.maven.apache.org/maven2/org/antlr/antlr4-runtime/4.7.2/antlr4-runtime-4.7.2.jar
",2026-08-22T15:29:53.858633742Z,info,"{""serviceId"":""87697b40-66d1-4a58-89e6-1068a09cbf8c"",""deploymentId"":""d6c8c3b8-3bb6-45c0-bc76-a9729ab89f82"",""deploymentInstanceId"":null}","{""level"":""info"",""source"":""buildkit"",""type"":""log"",""vertex"":""sha256:5123184c115415746b9e45a79609be5df6469d0b755767bd2a7f4b208b8cff02"",""stream"":1,""data"":""W0lORk9dIERvd25sb2FkZWQgZnJvbSBjZW50cmFsOiBodHRwczovL3JlcG8ubWF2ZW4uYXBhY2hlLm9yZy9tYXZlbjIvbmV0L2phdmEvZGV2L2puYS9qbmEvNS4xNy4wL2puYS01LjE3LjAuamFyICgyLjAgTUIgYXQgNTYgTUIvcykKW0lORk9dIERvd25sb2FkaW5nIGZyb20gY2VudHJhbDogaHR0cHM6Ly9yZXBvLm1hdmVuLmFwYWNoZS5vcmcvbWF2ZW4yL29yZy9hbnRsci9hbnRscjQtcnVudGltZS80LjcuMi9hbnRscjQtcnVudGltZS00LjcuMi5qYXIK"",""timestamp"":""2026-08-22T15:29:53.858633742Z""}"
"[INFO] Downloaded from central: https://repo.maven.apache.org/maven2/org/apache/httpcomponents/client5/httpclient5/5.5.1/httpclient5-5.5.1.jar (959 kB at 18 MB/s)
[INFO] Downloading from central: https://repo.maven.apache.org/maven2/com/google/code/findbugs/jsr305/3.0.2/jsr305-3.0.2.jar
",2026-08-22T15:29:53.875945006Z,info,"{""serviceId"":""87697b40-66d1-4a58-89e6-1068a09cbf8c"",""deploymentId"":""d6c8c3b8-3bb6-45c0-bc76-a9729ab89f82"",""deploymentInstanceId"":null}","{""level"":""info"",""source"":""buildkit"",""type"":""log"",""vertex"":""sha256:5123184c115415746b9e45a79609be5df6469d0b755767bd2a7f4b208b8cff02"",""stream"":1,""data"":""W0lORk9dIERvd25sb2FkZWQgZnJvbSBjZW50cmFsOiBodHRwczovL3JlcG8ubWF2ZW4uYXBhY2hlLm9yZy9tYXZlbjIvb3JnL2FwYWNoZS9odHRwY29tcG9uZW50cy9jbGllbnQ1L2h0dHBjbGllbnQ1LzUuNS4xL2h0dHBjbGllbnQ1LTUuNS4xLmphciAoOTU5IGtCIGF0IDE4IE1CL3MpCltJTkZPXSBEb3dubG9hZGluZyBmcm9tIGNlbnRyYWw6IGh0dHBzOi8vcmVwby5tYXZlbi5hcGFjaGUub3JnL21hdmVuMi9jb20vZ29vZ2xlL2NvZGUvZmluZGJ1Z3MvanNyMzA1LzMuMC4yL2pzcjMwNS0zLjAuMi5qYXIK"",""timestamp"":""2026-08-22T15:29:53.875945006Z""}"
"[INFO] Downloaded from central: https://repo.maven.apache.org/maven2/org/antlr/antlr4-runtime/4.7.2/antlr4-runtime-4.7.2.jar (338 kB at 6.1 MB/s)
[INFO] Downloading from central: https://repo.maven.apache.org/maven2/org/springframework/boot/spring-boot-loader-tools/3.5.7/spring-boot-loader-tools-3.5.7.jar
",2026-08-22T15:29:53.878672758Z,info,"{""serviceId"":""87697b40-66d1-4a58-89e6-1068a09cbf8c"",""deploymentId"":""d6c8c3b8-3bb6-45c0-bc76-a9729ab89f82"",""deploymentInstanceId"":null}","{""level"":""info"",""source"":""buildkit"",""type"":""log"",""vertex"":""sha256:5123184c115415746b9e45a79609be5df6469d0b755767bd2a7f4b208b8cff02"",""stream"":1,""data"":""W0lORk9dIERvd25sb2FkZWQgZnJvbSBjZW50cmFsOiBodHRwczovL3JlcG8ubWF2ZW4uYXBhY2hlLm9yZy9tYXZlbjIvb3JnL2FudGxyL2FudGxyNC1ydW50aW1lLzQuNy4yL2FudGxyNC1ydW50aW1lLTQuNy4yLmphciAoMzM4IGtCIGF0IDYuMSBNQi9zKQpbSU5GT10gRG93bmxvYWRpbmcgZnJvbSBjZW50cmFsOiBodHRwczovL3JlcG8ubWF2ZW4uYXBhY2hlLm9yZy9tYXZlbjIvb3JnL3NwcmluZ2ZyYW1ld29yay9ib290L3NwcmluZy1ib290LWxvYWRlci10b29scy8zLjUuNy9zcHJpbmctYm9vdC1sb2FkZXItdG9vbHMtMy41LjcuamFyCg=="",""timestamp"":""2026-08-22T15:29:53.878672758Z""}"
"[INFO] Downloaded from central: https://repo.maven.apache.org/maven2/org/apache/httpcomponents/core5/httpcore5-h2/5.3.6/httpcore5-h2-5.3.6.jar (243 kB at 4.0 MB/s)
",2026-08-22T15:29:53.884066521Z,info,"{""serviceId"":""87697b40-66d1-4a58-89e6-1068a09cbf8c"",""deploymentId"":""d6c8c3b8-3bb6-45c0-bc76-a9729ab89f82"",""deploymentInstanceId"":null}","{""level"":""info"",""source"":""buildkit"",""type"":""log"",""vertex"":""sha256:5123184c115415746b9e45a79609be5df6469d0b755767bd2a7f4b208b8cff02"",""stream"":1,""data"":""W0lORk9dIERvd25sb2FkZWQgZnJvbSBjZW50cmFsOiBodHRwczovL3JlcG8ubWF2ZW4uYXBhY2hlLm9yZy9tYXZlbjIvb3JnL2FwYWNoZS9odHRwY29tcG9uZW50cy9jb3JlNS9odHRwY29yZTUtaDIvNS4zLjYvaHR0cGNvcmU1LWgyLTUuMy42LmphciAoMjQzIGtCIGF0IDQuMCBNQi9zKQo="",""timestamp"":""2026-08-22T15:29:53.884066521Z""}"
"[INFO] Downloaded from central: https://repo.maven.apache.org/maven2/org/tomlj/tomlj/1.0.0/tomlj-1.0.0.jar (157 kB at 2.6 MB/s)
[INFO] Downloading from central: https://repo.maven.apache.org/maven2/io/micrometer/micrometer-observation/1.14.12/micrometer-observation-1.14.12.jar
[INFO] Downloading from central: https://repo.maven.apache.org/maven2/io/micrometer/micrometer-commons/1.14.12/micrometer-commons-1.14.12.jar
",2026-08-22T15:29:53.884098029Z,info,"{""serviceId"":""87697b40-66d1-4a58-89e6-1068a09cbf8c"",""deploymentId"":""d6c8c3b8-3bb6-45c0-bc76-a9729ab89f82"",""deploymentInstanceId"":null}","{""level"":""info"",""source"":""buildkit"",""type"":""log"",""vertex"":""sha256:5123184c115415746b9e45a79609be5df6469d0b755767bd2a7f4b208b8cff02"",""stream"":1,""data"":""W0lORk9dIERvd25sb2FkZWQgZnJvbSBjZW50cmFsOiBodHRwczovL3JlcG8ubWF2ZW4uYXBhY2hlLm9yZy9tYXZlbjIvb3JnL3RvbWxqL3RvbWxqLzEuMC4wL3RvbWxqLTEuMC4wLmphciAoMTU3IGtCIGF0IDIuNiBNQi9zKQpbSU5GT10gRG93bmxvYWRpbmcgZnJvbSBjZW50cmFsOiBodHRwczovL3JlcG8ubWF2ZW4uYXBhY2hlLm9yZy9tYXZlbjIvaW8vbWljcm9tZXRlci9taWNyb21ldGVyLW9ic2VydmF0aW9uLzEuMTQuMTIvbWljcm9tZXRlci1vYnNlcnZhdGlvbi0xLjE0LjEyLmphcgpbSU5GT10gRG93bmxvYWRpbmcgZnJvbSBjZW50cmFsOiBodHRwczovL3JlcG8ubWF2ZW4uYXBhY2hlLm9yZy9tYXZlbjIvaW8vbWljcm9tZXRlci9taWNyb21ldGVyLWNvbW1vbnMvMS4xNC4xMi9taWNyb21ldGVyLWNvbW1vbnMtMS4xNC4xMi5qYXIK"",""timestamp"":""2026-08-22T15:29:53.884098029Z""}"
"[INFO] Downloaded from central: https://repo.maven.apache.org/maven2/org/apache/httpcomponents/core5/httpcore5/5.3.6/httpcore5-5.3.6.jar (909 kB at 15 MB/s)
",2026-08-22T15:29:53.885333763Z,info,"{""serviceId"":""87697b40-66d1-4a58-89e6-1068a09cbf8c"",""deploymentId"":""d6c8c3b8-3bb6-45c0-bc76-a9729ab89f82"",""deploymentInstanceId"":null}","{""level"":""info"",""source"":""buildkit"",""type"":""log"",""vertex"":""sha256:5123184c115415746b9e45a79609be5df6469d0b755767bd2a7f4b208b8cff02"",""stream"":1,""data"":""W0lORk9dIERvd25sb2FkZWQgZnJvbSBjZW50cmFsOiBodHRwczovL3JlcG8ubWF2ZW4uYXBhY2hlLm9yZy9tYXZlbjIvb3JnL2FwYWNoZS9odHRwY29tcG9uZW50cy9jb3JlNS9odHRwY29yZTUvNS4zLjYvaHR0cGNvcmU1LTUuMy42LmphciAoOTA5IGtCIGF0IDE1IE1CL3MpCg=="",""timestamp"":""2026-08-22T15:29:53.885333763Z""}"
"[INFO] Downloading from central: https://repo.maven.apache.org/maven2/org/apache/maven/plugins/maven-shade-plugin/3.6.0/maven-shade-plugin-3.6.0.jar
",2026-08-22T15:29:53.885353452Z,info,"{""serviceId"":""87697b40-66d1-4a58-89e6-1068a09cbf8c"",""deploymentId"":""d6c8c3b8-3bb6-45c0-bc76-a9729ab89f82"",""deploymentInstanceId"":null}","{""level"":""info"",""source"":""buildkit"",""type"":""log"",""vertex"":""sha256:5123184c115415746b9e45a79609be5df6469d0b755767bd2a7f4b208b8cff02"",""stream"":1,""data"":""W0lORk9dIERvd25sb2FkaW5nIGZyb20gY2VudHJhbDogaHR0cHM6Ly9yZXBvLm1hdmVuLmFwYWNoZS5vcmcvbWF2ZW4yL29yZy9hcGFjaGUvbWF2ZW4vcGx1Z2lucy9tYXZlbi1zaGFkZS1wbHVnaW4vMy42LjAvbWF2ZW4tc2hhZGUtcGx1Z2luLTMuNi4wLmphcgo="",""timestamp"":""2026-08-22T15:29:53.885353452Z""}"
"[INFO] Downloaded from central: https://repo.maven.apache.org/maven2/com/google/code/findbugs/jsr305/3.0.2/jsr305-3.0.2.jar (20 kB at 293 kB/s)
[INFO] Downloading from central: https://repo.maven.apache.org/maven2/org/ow2/asm/asm-commons/9.7/asm-commons-9.7.jar
",2026-08-22T15:29:53.891951001Z,info,"{""serviceId"":""87697b40-66d1-4a58-89e6-1068a09cbf8c"",""deploymentId"":""d6c8c3b8-3bb6-45c0-bc76-a9729ab89f82"",""deploymentInstanceId"":null}","{""level"":""info"",""source"":""buildkit"",""type"":""log"",""vertex"":""sha256:5123184c115415746b9e45a79609be5df6469d0b755767bd2a7f4b208b8cff02"",""stream"":1,""data"":""W0lORk9dIERvd25sb2FkZWQgZnJvbSBjZW50cmFsOiBodHRwczovL3JlcG8ubWF2ZW4uYXBhY2hlLm9yZy9tYXZlbjIvY29tL2dvb2dsZS9jb2RlL2ZpbmRidWdzL2pzcjMwNS8zLjAuMi9qc3IzMDUtMy4wLjIuamFyICgyMCBrQiBhdCAyOTMga0IvcykKW0lORk9dIERvd25sb2FkaW5nIGZyb20gY2VudHJhbDogaHR0cHM6Ly9yZXBvLm1hdmVuLmFwYWNoZS5vcmcvbWF2ZW4yL29yZy9vdzIvYXNtL2FzbS1jb21tb25zLzkuNy9hc20tY29tbW9ucy05LjcuamFyCg=="",""timestamp"":""2026-08-22T15:29:53.891951001Z""}"
"[INFO] Downloaded from central: https://repo.maven.apache.org/maven2/io/micrometer/micrometer-commons/1.14.12/micrometer-commons-1.14.12.jar (48 kB at 577 kB/s)
[INFO] Downloaded from central: https://repo.maven.apache.org/maven2/org/springframework/boot/spring-boot-loader-tools/3.5.7/spring-boot-loader-tools-3.5.7.jar (465 kB at 5.6 MB/s)
",2026-08-22T15:29:53.906323405Z,info,"{""serviceId"":""87697b40-66d1-4a58-89e6-1068a09cbf8c"",""deploymentId"":""d6c8c3b8-3bb6-45c0-bc76-a9729ab89f82"",""deploymentInstanceId"":null}","{""level"":""info"",""source"":""buildkit"",""type"":""log"",""vertex"":""sha256:5123184c115415746b9e45a79609be5df6469d0b755767bd2a7f4b208b8cff02"",""stream"":1,""data"":""W0lORk9dIERvd25sb2FkZWQgZnJvbSBjZW50cmFsOiBodHRwczovL3JlcG8ubWF2ZW4uYXBhY2hlLm9yZy9tYXZlbjIvaW8vbWljcm9tZXRlci9taWNyb21ldGVyLWNvbW1vbnMvMS4xNC4xMi9taWNyb21ldGVyLWNvbW1vbnMtMS4xNC4xMi5qYXIgKDQ4IGtCIGF0IDU3NyBrQi9zKQpbSU5GT10gRG93bmxvYWRlZCBmcm9tIGNlbnRyYWw6IGh0dHBzOi8vcmVwby5tYXZlbi5hcGFjaGUub3JnL21hdmVuMi9vcmcvc3ByaW5nZnJhbWV3b3JrL2Jvb3Qvc3ByaW5nLWJvb3QtbG9hZGVyLXRvb2xzLzMuNS43L3NwcmluZy1ib290LWxvYWRlci10b29scy0zLjUuNy5qYXIgKDQ2NSBrQiBhdCA1LjYgTUIvcykK"",""timestamp"":""2026-08-22T15:29:53.906323405Z""}"
"[INFO] Downloading from central: https://repo.maven.apache.org/maven2/org/jdom/jdom2/2.0.6.1/jdom2-2.0.6.1.jar
",2026-08-22T15:29:53.906408653Z,info,"{""serviceId"":""87697b40-66d1-4a58-89e6-1068a09cbf8c"",""deploymentId"":""d6c8c3b8-3bb6-45c0-bc76-a9729ab89f82"",""deploymentInstanceId"":null}","{""level"":""info"",""source"":""buildkit"",""type"":""log"",""vertex"":""sha256:5123184c115415746b9e45a79609be5df6469d0b755767bd2a7f4b208b8cff02"",""stream"":1,""data"":""W0lORk9dIERvd25sb2FkaW5nIGZyb20gY2VudHJhbDogaHR0cHM6Ly9yZXBvLm1hdmVuLmFwYWNoZS5vcmcvbWF2ZW4yL29yZy9qZG9tL2pkb20yLzIuMC42LjEvamRvbTItMi4wLjYuMS5qYXIK"",""timestamp"":""2026-08-22T15:29:53.906408653Z""}"
"[INFO] Downloading from central: https://repo.maven.apache.org/maven2/org/ow2/asm/asm-tree/9.7/asm-tree-9.7.jar
",2026-08-22T15:29:53.906485929Z,info,"{""serviceId"":""87697b40-66d1-4a58-89e6-1068a09cbf8c"",""deploymentId"":""d6c8c3b8-3bb6-45c0-bc76-a9729ab89f82"",""deploymentInstanceId"":null}","{""level"":""info"",""source"":""buildkit"",""type"":""log"",""vertex"":""sha256:5123184c115415746b9e45a79609be5df6469d0b755767bd2a7f4b208b8cff02"",""stream"":1,""data"":""W0lORk9dIERvd25sb2FkaW5nIGZyb20gY2VudHJhbDogaHR0cHM6Ly9yZXBvLm1hdmVuLmFwYWNoZS5vcmcvbWF2ZW4yL29yZy9vdzIvYXNtL2FzbS10cmVlLzkuNy9hc20tdHJlZS05LjcuamFyCg=="",""timestamp"":""2026-08-22T15:29:53.906485929Z""}"
"[INFO] Downloaded from central: https://repo.maven.apache.org/maven2/io/micrometer/micrometer-observation/1.14.12/micrometer-observation-1.14.12.jar (75 kB at 883 kB/s)
[INFO] Downloading from central: https://repo.maven.apache.org/maven2/org/vafer/jdependency/2.10/jdependency-2.10.jar
",2026-08-22T15:29:53.908264157Z,info,"{""serviceId"":""87697b40-66d1-4a58-89e6-1068a09cbf8c"",""deploymentId"":""d6c8c3b8-3bb6-45c0-bc76-a9729ab89f82"",""deploymentInstanceId"":null}","{""level"":""info"",""source"":""buildkit"",""type"":""log"",""vertex"":""sha256:5123184c115415746b9e45a79609be5df6469d0b755767bd2a7f4b208b8cff02"",""stream"":1,""data"":""W0lORk9dIERvd25sb2FkZWQgZnJvbSBjZW50cmFsOiBodHRwczovL3JlcG8ubWF2ZW4uYXBhY2hlLm9yZy9tYXZlbjIvaW8vbWljcm9tZXRlci9taWNyb21ldGVyLW9ic2VydmF0aW9uLzEuMTQuMTIvbWljcm9tZXRlci1vYnNlcnZhdGlvbi0xLjE0LjEyLmphciAoNzUga0IgYXQgODgzIGtCL3MpCltJTkZPXSBEb3dubG9hZGluZyBmcm9tIGNlbnRyYWw6IGh0dHBzOi8vcmVwby5tYXZlbi5hcGFjaGUub3JnL21hdmVuMi9vcmcvdmFmZXIvamRlcGVuZGVuY3kvMi4xMC9qZGVwZW5kZW5jeS0yLjEwLmphcgo="",""timestamp"":""2026-08-22T15:29:53.908264157Z""}"
"[INFO] Downloaded from central: https://repo.maven.apache.org/maven2/org/ow2/asm/asm-commons/9.7/asm-commons-9.7.jar (73 kB at 844 kB/s)
",2026-08-22T15:29:53.911126202Z,info,"{""serviceId"":""87697b40-66d1-4a58-89e6-1068a09cbf8c"",""deploymentId"":""d6c8c3b8-3bb6-45c0-bc76-a9729ab89f82"",""deploymentInstanceId"":null}","{""level"":""info"",""source"":""buildkit"",""type"":""log"",""vertex"":""sha256:5123184c115415746b9e45a79609be5df6469d0b755767bd2a7f4b208b8cff02"",""stream"":1,""data"":""W0lORk9dIERvd25sb2FkZWQgZnJvbSBjZW50cmFsOiBodHRwczovL3JlcG8ubWF2ZW4uYXBhY2hlLm9yZy9tYXZlbjIvb3JnL293Mi9hc20vYXNtLWNvbW1vbnMvOS43L2FzbS1jb21tb25zLTkuNy5qYXIgKDczIGtCIGF0IDg0NCBrQi9zKQo="",""timestamp"":""2026-08-22T15:29:53.911126202Z""}"
"[INFO] Downloaded from central: https://repo.maven.apache.org/maven2/org/apache/maven/plugins/maven-shade-plugin/3.6.0/maven-shade-plugin-3.6.0.jar (150 kB at 1.6 MB/s)
",2026-08-22T15:29:53.916740094Z,info,"{""serviceId"":""87697b40-66d1-4a58-89e6-1068a09cbf8c"",""deploymentId"":""d6c8c3b8-3bb6-45c0-bc76-a9729ab89f82"",""deploymentInstanceId"":null}","{""level"":""info"",""source"":""buildkit"",""type"":""log"",""vertex"":""sha256:5123184c115415746b9e45a79609be5df6469d0b755767bd2a7f4b208b8cff02"",""stream"":1,""data"":""W0lORk9dIERvd25sb2FkZWQgZnJvbSBjZW50cmFsOiBodHRwczovL3JlcG8ubWF2ZW4uYXBhY2hlLm9yZy9tYXZlbjIvb3JnL2FwYWNoZS9tYXZlbi9wbHVnaW5zL21hdmVuLXNoYWRlLXBsdWdpbi8zLjYuMC9tYXZlbi1zaGFkZS1wbHVnaW4tMy42LjAuamFyICgxNTAga0IgYXQgMS42IE1CL3MpCg=="",""timestamp"":""2026-08-22T15:29:53.916740094Z""}"
"[INFO] Downloaded from central: https://repo.maven.apache.org/maven2/org/ow2/asm/asm-tree/9.7/asm-tree-9.7.jar (52 kB at 476 kB/s)
",2026-08-22T15:29:53.932381342Z,info,"{""serviceId"":""87697b40-66d1-4a58-89e6-1068a09cbf8c"",""deploymentId"":""d6c8c3b8-3bb6-45c0-bc76-a9729ab89f82"",""deploymentInstanceId"":null}","{""level"":""info"",""source"":""buildkit"",""type"":""log"",""vertex"":""sha256:5123184c115415746b9e45a79609be5df6469d0b755767bd2a7f4b208b8cff02"",""stream"":1,""data"":""W0lORk9dIERvd25sb2FkZWQgZnJvbSBjZW50cmFsOiBodHRwczovL3JlcG8ubWF2ZW4uYXBhY2hlLm9yZy9tYXZlbjIvb3JnL293Mi9hc20vYXNtLXRyZWUvOS43L2FzbS10cmVlLTkuNy5qYXIgKDUyIGtCIGF0IDQ3NiBrQi9zKQo="",""timestamp"":""2026-08-22T15:29:53.932381342Z""}"
"[INFO] Downloaded from central: https://repo.maven.apache.org/maven2/org/jdom/jdom2/2.0.6.1/jdom2-2.0.6.1.jar (328 kB at 3.0 MB/s)
",2026-08-22T15:29:53.932553381Z,info,"{""serviceId"":""87697b40-66d1-4a58-89e6-1068a09cbf8c"",""deploymentId"":""d6c8c3b8-3bb6-45c0-bc76-a9729ab89f82"",""deploymentInstanceId"":null}","{""level"":""info"",""source"":""buildkit"",""type"":""log"",""vertex"":""sha256:5123184c115415746b9e45a79609be5df6469d0b755767bd2a7f4b208b8cff02"",""stream"":1,""data"":""W0lORk9dIERvd25sb2FkZWQgZnJvbSBjZW50cmFsOiBodHRwczovL3JlcG8ubWF2ZW4uYXBhY2hlLm9yZy9tYXZlbjIvb3JnL2pkb20vamRvbTIvMi4wLjYuMS9qZG9tMi0yLjAuNi4xLmphciAoMzI4IGtCIGF0IDMuMCBNQi9zKQo="",""timestamp"":""2026-08-22T15:29:53.932553381Z""}"
"[INFO] Downloaded from central: https://repo.maven.apache.org/maven2/org/vafer/jdependency/2.10/jdependency-2.10.jar (416 kB at 3.6 MB/s)
",2026-08-22T15:29:53.9376782Z,info,"{""serviceId"":""87697b40-66d1-4a58-89e6-1068a09cbf8c"",""deploymentId"":""d6c8c3b8-3bb6-45c0-bc76-a9729ab89f82"",""deploymentInstanceId"":null}","{""level"":""info"",""source"":""buildkit"",""type"":""log"",""vertex"":""sha256:5123184c115415746b9e45a79609be5df6469d0b755767bd2a7f4b208b8cff02"",""stream"":1,""data"":""W0lORk9dIERvd25sb2FkZWQgZnJvbSBjZW50cmFsOiBodHRwczovL3JlcG8ubWF2ZW4uYXBhY2hlLm9yZy9tYXZlbjIvb3JnL3ZhZmVyL2pkZXBlbmRlbmN5LzIuMTAvamRlcGVuZGVuY3ktMi4xMC5qYXIgKDQxNiBrQiBhdCAzLjYgTUIvcykK"",""timestamp"":""2026-08-22T15:29:53.9376782Z""}"
"[INFO] Replacing main artifact /app/target/lab-management-system-0.0.1-SNAPSHOT.jar with repackaged archive, adding nested dependencies in BOOT-INF/.
[INFO] The original artifact has been renamed to /app/target/lab-management-system-0.0.1-SNAPSHOT.jar.original
",2026-08-22T15:29:54.260081672Z,info,"{""serviceId"":""87697b40-66d1-4a58-89e6-1068a09cbf8c"",""deploymentId"":""d6c8c3b8-3bb6-45c0-bc76-a9729ab89f82"",""deploymentInstanceId"":null}","{""level"":""info"",""source"":""buildkit"",""type"":""log"",""vertex"":""sha256:5123184c115415746b9e45a79609be5df6469d0b755767bd2a7f4b208b8cff02"",""stream"":1,""data"":""W0lORk9dIFJlcGxhY2luZyBtYWluIGFydGlmYWN0IC9hcHAvdGFyZ2V0L2xhYi1tYW5hZ2VtZW50LXN5c3RlbS0wLjAuMS1TTkFQU0hPVC5qYXIgd2l0aCByZXBhY2thZ2VkIGFyY2hpdmUsIGFkZGluZyBuZXN0ZWQgZGVwZW5kZW5jaWVzIGluIEJPT1QtSU5GLy4KW0lORk9dIFRoZSBvcmlnaW5hbCBhcnRpZmFjdCBoYXMgYmVlbiByZW5hbWVkIHRvIC9hcHAvdGFyZ2V0L2xhYi1tYW5hZ2VtZW50LXN5c3RlbS0wLjAuMS1TTkFQU0hPVC5qYXIub3JpZ2luYWwK"",""timestamp"":""2026-08-22T15:29:54.260081672Z""}"
"[INFO] 
",2026-08-22T15:29:54.260205287Z,info,"{""serviceId"":""87697b40-66d1-4a58-89e6-1068a09cbf8c"",""deploymentId"":""d6c8c3b8-3bb6-45c0-bc76-a9729ab89f82"",""deploymentInstanceId"":null}","{""level"":""info"",""source"":""buildkit"",""type"":""log"",""vertex"":""sha256:5123184c115415746b9e45a79609be5df6469d0b755767bd2a7f4b208b8cff02"",""stream"":1,""data"":""W0lORk9dIAo="",""timestamp"":""2026-08-22T15:29:54.260205287Z""}"
"[INFO] --- spotless:2.46.1:check (spotless-check) @ lab-management-system ---
",2026-08-22T15:29:54.260358287Z,info,"{""serviceId"":""87697b40-66d1-4a58-89e6-1068a09cbf8c"",""deploymentId"":""d6c8c3b8-3bb6-45c0-bc76-a9729ab89f82"",""deploymentInstanceId"":null}","{""level"":""info"",""source"":""buildkit"",""type"":""log"",""vertex"":""sha256:5123184c115415746b9e45a79609be5df6469d0b755767bd2a7f4b208b8cff02"",""stream"":1,""data"":""W0lORk9dIC0tLSBzcG90bGVzczoyLjQ2LjE6Y2hlY2sgKHNwb3RsZXNzLWNoZWNrKSBAIGxhYi1tYW5hZ2VtZW50LXN5c3RlbSAtLS0K"",""timestamp"":""2026-08-22T15:29:54.260358287Z""}"
"[INFO] Downloading from central: https://repo.maven.apache.org/maven2/com/diffplug/spotless/spotless-lib/3.3.1/spotless-lib-3.3.1.pom
",2026-08-22T15:29:54.263621844Z,info,"{""serviceId"":""87697b40-66d1-4a58-89e6-1068a09cbf8c"",""deploymentId"":""d6c8c3b8-3bb6-45c0-bc76-a9729ab89f82"",""deploymentInstanceId"":null}","{""level"":""info"",""source"":""buildkit"",""type"":""log"",""vertex"":""sha256:5123184c115415746b9e45a79609be5df6469d0b755767bd2a7f4b208b8cff02"",""stream"":1,""data"":""W0lORk9dIERvd25sb2FkaW5nIGZyb20gY2VudHJhbDogaHR0cHM6Ly9yZXBvLm1hdmVuLmFwYWNoZS5vcmcvbWF2ZW4yL2NvbS9kaWZmcGx1Zy9zcG90bGVzcy9zcG90bGVzcy1saWIvMy4zLjEvc3BvdGxlc3MtbGliLTMuMy4xLnBvbQo="",""timestamp"":""2026-08-22T15:29:54.263621844Z""}"
"[INFO] Downloaded from central: https://repo.maven.apache.org/maven2/com/diffplug/spotless/spotless-lib/3.3.1/spotless-lib-3.3.1.pom (1.5 kB at 62 kB/s)
",2026-08-22T15:29:54.288963276Z,info,"{""serviceId"":""87697b40-66d1-4a58-89e6-1068a09cbf8c"",""deploymentId"":""d6c8c3b8-3bb6-45c0-bc76-a9729ab89f82"",""deploymentInstanceId"":null}","{""level"":""info"",""source"":""buildkit"",""type"":""log"",""vertex"":""sha256:5123184c115415746b9e45a79609be5df6469d0b755767bd2a7f4b208b8cff02"",""stream"":1,""data"":""W0lORk9dIERvd25sb2FkZWQgZnJvbSBjZW50cmFsOiBodHRwczovL3JlcG8ubWF2ZW4uYXBhY2hlLm9yZy9tYXZlbjIvY29tL2RpZmZwbHVnL3Nwb3RsZXNzL3Nwb3RsZXNzLWxpYi8zLjMuMS9zcG90bGVzcy1saWItMy4zLjEucG9tICgxLjUga0IgYXQgNjIga0IvcykK"",""timestamp"":""2026-08-22T15:29:54.288963276Z""}"
"[INFO] Downloading from central: https://repo.maven.apache.org/maven2/com/diffplug/spotless/spotless-lib-extra/3.3.1/spotless-lib-extra-3.3.1.pom
",2026-08-22T15:29:54.291600963Z,info,"{""serviceId"":""87697b40-66d1-4a58-89e6-1068a09cbf8c"",""deploymentId"":""d6c8c3b8-3bb6-45c0-bc76-a9729ab89f82"",""deploymentInstanceId"":null}","{""level"":""info"",""source"":""buildkit"",""type"":""log"",""vertex"":""sha256:5123184c115415746b9e45a79609be5df6469d0b755767bd2a7f4b208b8cff02"",""stream"":1,""data"":""W0lORk9dIERvd25sb2FkaW5nIGZyb20gY2VudHJhbDogaHR0cHM6Ly9yZXBvLm1hdmVuLmFwYWNoZS5vcmcvbWF2ZW4yL2NvbS9kaWZmcGx1Zy9zcG90bGVzcy9zcG90bGVzcy1saWItZXh0cmEvMy4zLjEvc3BvdGxlc3MtbGliLWV4dHJhLTMuMy4xLnBvbQo="",""timestamp"":""2026-08-22T15:29:54.291600963Z""}"
"[INFO] Downloaded from central: https://repo.maven.apache.org/maven2/com/diffplug/spotless/spotless-lib-extra/3.3.1/spotless-lib-extra-3.3.1.pom (2.9 kB at 69 kB/s)
",2026-08-22T15:29:54.334209894Z,info,"{""serviceId"":""87697b40-66d1-4a58-89e6-1068a09cbf8c"",""deploymentId"":""d6c8c3b8-3bb6-45c0-bc76-a9729ab89f82"",""deploymentInstanceId"":null}","{""level"":""info"",""source"":""buildkit"",""type"":""log"",""vertex"":""sha256:5123184c115415746b9e45a79609be5df6469d0b755767bd2a7f4b208b8cff02"",""stream"":1,""data"":""W0lORk9dIERvd25sb2FkZWQgZnJvbSBjZW50cmFsOiBodHRwczovL3JlcG8ubWF2ZW4uYXBhY2hlLm9yZy9tYXZlbjIvY29tL2RpZmZwbHVnL3Nwb3RsZXNzL3Nwb3RsZXNzLWxpYi1leHRyYS8zLjMuMS9zcG90bGVzcy1saWItZXh0cmEtMy4zLjEucG9tICgyLjkga0IgYXQgNjkga0IvcykK"",""timestamp"":""2026-08-22T15:29:54.334209894Z""}"
"[INFO] Downloading from central: https://repo.maven.apache.org/maven2/com/diffplug/durian/durian-core/1.2.0/durian-core-1.2.0.pom
",2026-08-22T15:29:54.336754802Z,info,"{""serviceId"":""87697b40-66d1-4a58-89e6-1068a09cbf8c"",""deploymentId"":""d6c8c3b8-3bb6-45c0-bc76-a9729ab89f82"",""deploymentInstanceId"":null}","{""level"":""info"",""source"":""buildkit"",""type"":""log"",""vertex"":""sha256:5123184c115415746b9e45a79609be5df6469d0b755767bd2a7f4b208b8cff02"",""stream"":1,""data"":""W0lORk9dIERvd25sb2FkaW5nIGZyb20gY2VudHJhbDogaHR0cHM6Ly9yZXBvLm1hdmVuLmFwYWNoZS5vcmcvbWF2ZW4yL2NvbS9kaWZmcGx1Zy9kdXJpYW4vZHVyaWFuLWNvcmUvMS4yLjAvZHVyaWFuLWNvcmUtMS4yLjAucG9tCg=="",""timestamp"":""2026-08-22T15:29:54.336754802Z""}"
"[INFO] Downloaded from central: https://repo.maven.apache.org/maven2/com/diffplug/durian/durian-core/1.2.0/durian-core-1.2.0.pom (2.0 kB at 65 kB/s)
",2026-08-22T15:29:54.367009306Z,info,"{""serviceId"":""87697b40-66d1-4a58-89e6-1068a09cbf8c"",""deploymentId"":""d6c8c3b8-3bb6-45c0-bc76-a9729ab89f82"",""deploymentInstanceId"":null}","{""level"":""info"",""source"":""buildkit"",""type"":""log"",""vertex"":""sha256:5123184c115415746b9e45a79609be5df6469d0b755767bd2a7f4b208b8cff02"",""stream"":1,""data"":""W0lORk9dIERvd25sb2FkZWQgZnJvbSBjZW50cmFsOiBodHRwczovL3JlcG8ubWF2ZW4uYXBhY2hlLm9yZy9tYXZlbjIvY29tL2RpZmZwbHVnL2R1cmlhbi9kdXJpYW4tY29yZS8xLjIuMC9kdXJpYW4tY29yZS0xLjIuMC5wb20gKDIuMCBrQiBhdCA2NSBrQi9zKQo="",""timestamp"":""2026-08-22T15:29:54.367009306Z""}"
"[INFO] Downloading from central: https://repo.maven.apache.org/maven2/com/diffplug/durian/durian-collect/1.2.0/durian-collect-1.2.0.pom
",2026-08-22T15:29:54.370174935Z,info,"{""serviceId"":""87697b40-66d1-4a58-89e6-1068a09cbf8c"",""deploymentId"":""d6c8c3b8-3bb6-45c0-bc76-a9729ab89f82"",""deploymentInstanceId"":null}","{""level"":""info"",""source"":""buildkit"",""type"":""log"",""vertex"":""sha256:5123184c115415746b9e45a79609be5df6469d0b755767bd2a7f4b208b8cff02"",""stream"":1,""data"":""W0lORk9dIERvd25sb2FkaW5nIGZyb20gY2VudHJhbDogaHR0cHM6Ly9yZXBvLm1hdmVuLmFwYWNoZS5vcmcvbWF2ZW4yL2NvbS9kaWZmcGx1Zy9kdXJpYW4vZHVyaWFuLWNvbGxlY3QvMS4yLjAvZHVyaWFuLWNvbGxlY3QtMS4yLjAucG9tCg=="",""timestamp"":""2026-08-22T15:29:54.370174935Z""}"
"[INFO] Downloaded from central: https://repo.maven.apache.org/maven2/com/diffplug/durian/durian-collect/1.2.0/durian-collect-1.2.0.pom (2.1 kB at 79 kB/s)
",2026-08-22T15:29:54.396473033Z,info,"{""serviceId"":""87697b40-66d1-4a58-89e6-1068a09cbf8c"",""deploymentId"":""d6c8c3b8-3bb6-45c0-bc76-a9729ab89f82"",""deploymentInstanceId"":null}","{""level"":""info"",""source"":""buildkit"",""type"":""log"",""vertex"":""sha256:5123184c115415746b9e45a79609be5df6469d0b755767bd2a7f4b208b8cff02"",""stream"":1,""data"":""W0lORk9dIERvd25sb2FkZWQgZnJvbSBjZW50cmFsOiBodHRwczovL3JlcG8ubWF2ZW4uYXBhY2hlLm9yZy9tYXZlbjIvY29tL2RpZmZwbHVnL2R1cmlhbi9kdXJpYW4tY29sbGVjdC8xLjIuMC9kdXJpYW4tY29sbGVjdC0xLjIuMC5wb20gKDIuMSBrQiBhdCA3OSBrQi9zKQo="",""timestamp"":""2026-08-22T15:29:54.396473033Z""}"
"[INFO] Downloading from central: https://repo.maven.apache.org/maven2/org/eclipse/jgit/org.eclipse.jgit/6.10.1.202505221210-r/org.eclipse.jgit-6.10.1.202505221210-r.pom
",2026-08-22T15:29:54.400039093Z,info,"{""serviceId"":""87697b40-66d1-4a58-89e6-1068a09cbf8c"",""deploymentId"":""d6c8c3b8-3bb6-45c0-bc76-a9729ab89f82"",""deploymentInstanceId"":null}","{""level"":""info"",""source"":""buildkit"",""type"":""log"",""vertex"":""sha256:5123184c115415746b9e45a79609be5df6469d0b755767bd2a7f4b208b8cff02"",""stream"":1,""data"":""W0lORk9dIERvd25sb2FkaW5nIGZyb20gY2VudHJhbDogaHR0cHM6Ly9yZXBvLm1hdmVuLmFwYWNoZS5vcmcvbWF2ZW4yL29yZy9lY2xpcHNlL2pnaXQvb3JnLmVjbGlwc2UuamdpdC82LjEwLjEuMjAyNTA1MjIxMjEwLXIvb3JnLmVjbGlwc2UuamdpdC02LjEwLjEuMjAyNTA1MjIxMjEwLXIucG9tCg=="",""timestamp"":""2026-08-22T15:29:54.400039093Z""}"
"[INFO] Downloaded from central: https://repo.maven.apache.org/maven2/org/eclipse/jgit/org.eclipse.jgit/6.10.1.202505221210-r/org.eclipse.jgit-6.10.1.202505221210-r.pom (7.7 kB at 232 kB/s)
",2026-08-22T15:29:54.43274854Z,info,"{""serviceId"":""87697b40-66d1-4a58-89e6-1068a09cbf8c"",""deploymentId"":""d6c8c3b8-3bb6-45c0-bc76-a9729ab89f82"",""deploymentInstanceId"":null}","{""level"":""info"",""source"":""buildkit"",""type"":""log"",""vertex"":""sha256:5123184c115415746b9e45a79609be5df6469d0b755767bd2a7f4b208b8cff02"",""stream"":1,""data"":""W0lORk9dIERvd25sb2FkZWQgZnJvbSBjZW50cmFsOiBodHRwczovL3JlcG8ubWF2ZW4uYXBhY2hlLm9yZy9tYXZlbjIvb3JnL2VjbGlwc2UvamdpdC9vcmcuZWNsaXBzZS5qZ2l0LzYuMTAuMS4yMDI1MDUyMjEyMTAtci9vcmcuZWNsaXBzZS5qZ2l0LTYuMTAuMS4yMDI1MDUyMjEyMTAtci5wb20gKDcuNyBrQiBhdCAyMzIga0IvcykK"",""timestamp"":""2026-08-22T15:29:54.43274854Z""}"
"[INFO] Downloading from central: https://repo.maven.apache.org/maven2/org/eclipse/jgit/org.eclipse.jgit-parent/6.10.1.202505221210-r/org.eclipse.jgit-parent-6.10.1.202505221210-r.pom
",2026-08-22T15:29:54.436388341Z,info,"{""serviceId"":""87697b40-66d1-4a58-89e6-1068a09cbf8c"",""deploymentId"":""d6c8c3b8-3bb6-45c0-bc76-a9729ab89f82"",""deploymentInstanceId"":null}","{""level"":""info"",""source"":""buildkit"",""type"":""log"",""vertex"":""sha256:5123184c115415746b9e45a79609be5df6469d0b755767bd2a7f4b208b8cff02"",""stream"":1,""data"":""W0lORk9dIERvd25sb2FkaW5nIGZyb20gY2VudHJhbDogaHR0cHM6Ly9yZXBvLm1hdmVuLmFwYWNoZS5vcmcvbWF2ZW4yL29yZy9lY2xpcHNlL2pnaXQvb3JnLmVjbGlwc2UuamdpdC1wYXJlbnQvNi4xMC4xLjIwMjUwNTIyMTIxMC1yL29yZy5lY2xpcHNlLmpnaXQtcGFyZW50LTYuMTAuMS4yMDI1MDUyMjEyMTAtci5wb20K"",""timestamp"":""2026-08-22T15:29:54.436388341Z""}"
"[INFO] Downloaded from central: https://repo.maven.apache.org/maven2/org/eclipse/jgit/org.eclipse.jgit-parent/6.10.1.202505221210-r/org.eclipse.jgit-parent-6.10.1.202505221210-r.pom (42 kB at 1.1 MB/s)
",2026-08-22T15:29:54.474683579Z,info,"{""serviceId"":""87697b40-66d1-4a58-89e6-1068a09cbf8c"",""deploymentId"":""d6c8c3b8-3bb6-45c0-bc76-a9729ab89f82"",""deploymentInstanceId"":null}","{""level"":""info"",""source"":""buildkit"",""type"":""log"",""vertex"":""sha256:5123184c115415746b9e45a79609be5df6469d0b755767bd2a7f4b208b8cff02"",""stream"":1,""data"":""W0lORk9dIERvd25sb2FkZWQgZnJvbSBjZW50cmFsOiBodHRwczovL3JlcG8ubWF2ZW4uYXBhY2hlLm9yZy9tYXZlbjIvb3JnL2VjbGlwc2UvamdpdC9vcmcuZWNsaXBzZS5qZ2l0LXBhcmVudC82LjEwLjEuMjAyNTA1MjIxMjEwLXIvb3JnLmVjbGlwc2UuamdpdC1wYXJlbnQtNi4xMC4xLjIwMjUwNTIyMTIxMC1yLnBvbSAoNDIga0IgYXQgMS4xIE1CL3MpCg=="",""timestamp"":""2026-08-22T15:29:54.474683579Z""}"
"[INFO] Downloading from central: https://repo.maven.apache.org/maven2/com/googlecode/javaewah/JavaEWAH/1.2.3/JavaEWAH-1.2.3.pom
",2026-08-22T15:29:54.480457963Z,info,"{""serviceId"":""87697b40-66d1-4a58-89e6-1068a09cbf8c"",""deploymentId"":""d6c8c3b8-3bb6-45c0-bc76-a9729ab89f82"",""deploymentInstanceId"":null}","{""level"":""info"",""source"":""buildkit"",""type"":""log"",""vertex"":""sha256:5123184c115415746b9e45a79609be5df6469d0b755767bd2a7f4b208b8cff02"",""stream"":1,""data"":""W0lORk9dIERvd25sb2FkaW5nIGZyb20gY2VudHJhbDogaHR0cHM6Ly9yZXBvLm1hdmVuLmFwYWNoZS5vcmcvbWF2ZW4yL2NvbS9nb29nbGVjb2RlL2phdmFld2FoL0phdmFFV0FILzEuMi4zL0phdmFFV0FILTEuMi4zLnBvbQo="",""timestamp"":""2026-08-22T15:29:54.480457963Z""}"
"[INFO] Downloaded from central: https://repo.maven.apache.org/maven2/com/googlecode/javaewah/JavaEWAH/1.2.3/JavaEWAH-1.2.3.pom (6.2 kB at 213 kB/s)
",2026-08-22T15:29:54.509400769Z,info,"{""serviceId"":""87697b40-66d1-4a58-89e6-1068a09cbf8c"",""deploymentId"":""d6c8c3b8-3bb6-45c0-bc76-a9729ab89f82"",""deploymentInstanceId"":null}","{""level"":""info"",""source"":""buildkit"",""type"":""log"",""vertex"":""sha256:5123184c115415746b9e45a79609be5df6469d0b755767bd2a7f4b208b8cff02"",""stream"":1,""data"":""W0lORk9dIERvd25sb2FkZWQgZnJvbSBjZW50cmFsOiBodHRwczovL3JlcG8ubWF2ZW4uYXBhY2hlLm9yZy9tYXZlbjIvY29tL2dvb2dsZWNvZGUvamF2YWV3YWgvSmF2YUVXQUgvMS4yLjMvSmF2YUVXQUgtMS4yLjMucG9tICg2LjIga0IgYXQgMjEzIGtCL3MpCg=="",""timestamp"":""2026-08-22T15:29:54.509400769Z""}"
"[INFO] Downloading from central: https://repo.maven.apache.org/maven2/org/sonatype/oss/oss-parent/5/oss-parent-5.pom
",2026-08-22T15:29:54.511895582Z,info,"{""serviceId"":""87697b40-66d1-4a58-89e6-1068a09cbf8c"",""deploymentId"":""d6c8c3b8-3bb6-45c0-bc76-a9729ab89f82"",""deploymentInstanceId"":null}","{""level"":""info"",""source"":""buildkit"",""type"":""log"",""vertex"":""sha256:5123184c115415746b9e45a79609be5df6469d0b755767bd2a7f4b208b8cff02"",""stream"":1,""data"":""W0lORk9dIERvd25sb2FkaW5nIGZyb20gY2VudHJhbDogaHR0cHM6Ly9yZXBvLm1hdmVuLmFwYWNoZS5vcmcvbWF2ZW4yL29yZy9zb25hdHlwZS9vc3Mvb3NzLXBhcmVudC81L29zcy1wYXJlbnQtNS5wb20K"",""timestamp"":""2026-08-22T15:29:54.511895582Z""}"
"[INFO] Downloaded from central: https://repo.maven.apache.org/maven2/org/sonatype/oss/oss-parent/5/oss-parent-5.pom (4.1 kB at 177 kB/s)
",2026-08-22T15:29:54.534461991Z,info,"{""serviceId"":""87697b40-66d1-4a58-89e6-1068a09cbf8c"",""deploymentId"":""d6c8c3b8-3bb6-45c0-bc76-a9729ab89f82"",""deploymentInstanceId"":null}","{""level"":""info"",""source"":""buildkit"",""type"":""log"",""vertex"":""sha256:5123184c115415746b9e45a79609be5df6469d0b755767bd2a7f4b208b8cff02"",""stream"":1,""data"":""W0lORk9dIERvd25sb2FkZWQgZnJvbSBjZW50cmFsOiBodHRwczovL3JlcG8ubWF2ZW4uYXBhY2hlLm9yZy9tYXZlbjIvb3JnL3NvbmF0eXBlL29zcy9vc3MtcGFyZW50LzUvb3NzLXBhcmVudC01LnBvbSAoNC4xIGtCIGF0IDE3NyBrQi9zKQo="",""timestamp"":""2026-08-22T15:29:54.534461991Z""}"
"[INFO] Downloading from central: https://repo.maven.apache.org/maven2/com/googlecode/concurrent-trees/concurrent-trees/2.6.1/concurrent-trees-2.6.1.pom
",2026-08-22T15:29:54.537467861Z,info,"{""serviceId"":""87697b40-66d1-4a58-89e6-1068a09cbf8c"",""deploymentId"":""d6c8c3b8-3bb6-45c0-bc76-a9729ab89f82"",""deploymentInstanceId"":null}","{""level"":""info"",""source"":""buildkit"",""type"":""log"",""vertex"":""sha256:5123184c115415746b9e45a79609be5df6469d0b755767bd2a7f4b208b8cff02"",""stream"":1,""data"":""W0lORk9dIERvd25sb2FkaW5nIGZyb20gY2VudHJhbDogaHR0cHM6Ly9yZXBvLm1hdmVuLmFwYWNoZS5vcmcvbWF2ZW4yL2NvbS9nb29nbGVjb2RlL2NvbmN1cnJlbnQtdHJlZXMvY29uY3VycmVudC10cmVlcy8yLjYuMS9jb25jdXJyZW50LXRyZWVzLTIuNi4xLnBvbQo="",""timestamp"":""2026-08-22T15:29:54.537467861Z""}"
"[INFO] Downloaded from central: https://repo.maven.apache.org/maven2/com/googlecode/concurrent-trees/concurrent-trees/2.6.1/concurrent-trees-2.6.1.pom (9.7 kB at 372 kB/s)
",2026-08-22T15:29:54.563753139Z,info,"{""serviceId"":""87697b40-66d1-4a58-89e6-1068a09cbf8c"",""deploymentId"":""d6c8c3b8-3bb6-45c0-bc76-a9729ab89f82"",""deploymentInstanceId"":null}","{""level"":""info"",""source"":""buildkit"",""type"":""log"",""vertex"":""sha256:5123184c115415746b9e45a79609be5df6469d0b755767bd2a7f4b208b8cff02"",""stream"":1,""data"":""W0lORk9dIERvd25sb2FkZWQgZnJvbSBjZW50cmFsOiBodHRwczovL3JlcG8ubWF2ZW4uYXBhY2hlLm9yZy9tYXZlbjIvY29tL2dvb2dsZWNvZGUvY29uY3VycmVudC10cmVlcy9jb25jdXJyZW50LXRyZWVzLzIuNi4xL2NvbmN1cnJlbnQtdHJlZXMtMi42LjEucG9tICg5Ljcga0IgYXQgMzcyIGtCL3MpCg=="",""timestamp"":""2026-08-22T15:29:54.563753139Z""}"
"[INFO] Downloading from central: https://repo.maven.apache.org/maven2/dev/equo/ide/solstice/1.8.1/solstice-1.8.1.pom
",2026-08-22T15:29:54.567251057Z,info,"{""serviceId"":""87697b40-66d1-4a58-89e6-1068a09cbf8c"",""deploymentId"":""d6c8c3b8-3bb6-45c0-bc76-a9729ab89f82"",""deploymentInstanceId"":null}","{""level"":""info"",""source"":""buildkit"",""type"":""log"",""vertex"":""sha256:5123184c115415746b9e45a79609be5df6469d0b755767bd2a7f4b208b8cff02"",""stream"":1,""data"":""W0lORk9dIERvd25sb2FkaW5nIGZyb20gY2VudHJhbDogaHR0cHM6Ly9yZXBvLm1hdmVuLmFwYWNoZS5vcmcvbWF2ZW4yL2Rldi9lcXVvL2lkZS9zb2xzdGljZS8xLjguMS9zb2xzdGljZS0xLjguMS5wb20K"",""timestamp"":""2026-08-22T15:29:54.567251057Z""}"
"[INFO] Downloaded from central: https://repo.maven.apache.org/maven2/dev/equo/ide/solstice/1.8.1/solstice-1.8.1.pom (2.6 kB at 104 kB/s)
",2026-08-22T15:29:54.593007762Z,info,"{""serviceId"":""87697b40-66d1-4a58-89e6-1068a09cbf8c"",""deploymentId"":""d6c8c3b8-3bb6-45c0-bc76-a9729ab89f82"",""deploymentInstanceId"":null}","{""level"":""info"",""source"":""buildkit"",""type"":""log"",""vertex"":""sha256:5123184c115415746b9e45a79609be5df6469d0b755767bd2a7f4b208b8cff02"",""stream"":1,""data"":""W0lORk9dIERvd25sb2FkZWQgZnJvbSBjZW50cmFsOiBodHRwczovL3JlcG8ubWF2ZW4uYXBhY2hlLm9yZy9tYXZlbjIvZGV2L2VxdW8vaWRlL3NvbHN0aWNlLzEuOC4xL3NvbHN0aWNlLTEuOC4xLnBvbSAoMi42IGtCIGF0IDEwNCBrQi9zKQo="",""timestamp"":""2026-08-22T15:29:54.593007762Z""}"
"[INFO] Downloading from central: https://repo.maven.apache.org/maven2/com/diffplug/durian/durian-swt.os/4.3.0/durian-swt.os-4.3.0.pom
",2026-08-22T15:29:54.595394543Z,info,"{""serviceId"":""87697b40-66d1-4a58-89e6-1068a09cbf8c"",""deploymentId"":""d6c8c3b8-3bb6-45c0-bc76-a9729ab89f82"",""deploymentInstanceId"":null}","{""level"":""info"",""source"":""buildkit"",""type"":""log"",""vertex"":""sha256:5123184c115415746b9e45a79609be5df6469d0b755767bd2a7f4b208b8cff02"",""stream"":1,""data"":""W0lORk9dIERvd25sb2FkaW5nIGZyb20gY2VudHJhbDogaHR0cHM6Ly9yZXBvLm1hdmVuLmFwYWNoZS5vcmcvbWF2ZW4yL2NvbS9kaWZmcGx1Zy9kdXJpYW4vZHVyaWFuLXN3dC5vcy80LjMuMC9kdXJpYW4tc3d0Lm9zLTQuMy4wLnBvbQo="",""timestamp"":""2026-08-22T15:29:54.595394543Z""}"
"[INFO] Downloaded from central: https://repo.maven.apache.org/maven2/com/diffplug/durian/durian-swt.os/4.3.0/durian-swt.os-4.3.0.pom (1.6 kB at 64 kB/s)
",2026-08-22T15:29:54.620903186Z,info,"{""serviceId"":""87697b40-66d1-4a58-89e6-1068a09cbf8c"",""deploymentId"":""d6c8c3b8-3bb6-45c0-bc76-a9729ab89f82"",""deploymentInstanceId"":null}","{""level"":""info"",""source"":""buildkit"",""type"":""log"",""vertex"":""sha256:5123184c115415746b9e45a79609be5df6469d0b755767bd2a7f4b208b8cff02"",""stream"":1,""data"":""W0lORk9dIERvd25sb2FkZWQgZnJvbSBjZW50cmFsOiBodHRwczovL3JlcG8ubWF2ZW4uYXBhY2hlLm9yZy9tYXZlbjIvY29tL2RpZmZwbHVnL2R1cmlhbi9kdXJpYW4tc3d0Lm9zLzQuMy4wL2R1cmlhbi1zd3Qub3MtNC4zLjAucG9tICgxLjYga0IgYXQgNjQga0IvcykK"",""timestamp"":""2026-08-22T15:29:54.620903186Z""}"
"[INFO] Downloading from central: https://repo.maven.apache.org/maven2/org/eclipse/platform/org.eclipse.osgi/3.18.300/org.eclipse.osgi-3.18.300.pom
",2026-08-22T15:29:54.623332361Z,info,"{""serviceId"":""87697b40-66d1-4a58-89e6-1068a09cbf8c"",""deploymentId"":""d6c8c3b8-3bb6-45c0-bc76-a9729ab89f82"",""deploymentInstanceId"":null}","{""level"":""info"",""source"":""buildkit"",""type"":""log"",""vertex"":""sha256:5123184c115415746b9e45a79609be5df6469d0b755767bd2a7f4b208b8cff02"",""stream"":1,""data"":""W0lORk9dIERvd25sb2FkaW5nIGZyb20gY2VudHJhbDogaHR0cHM6Ly9yZXBvLm1hdmVuLmFwYWNoZS5vcmcvbWF2ZW4yL29yZy9lY2xpcHNlL3BsYXRmb3JtL29yZy5lY2xpcHNlLm9zZ2kvMy4xOC4zMDAvb3JnLmVjbGlwc2Uub3NnaS0zLjE4LjMwMC5wb20K"",""timestamp"":""2026-08-22T15:29:54.623332361Z""}"
"[INFO] Downloaded from central: https://repo.maven.apache.org/maven2/org/eclipse/platform/org.eclipse.osgi/3.18.300/org.eclipse.osgi-3.18.300.pom (1.3 kB at 54 kB/s)
",2026-08-22T15:29:54.647863808Z,info,"{""serviceId"":""87697b40-66d1-4a58-89e6-1068a09cbf8c"",""deploymentId"":""d6c8c3b8-3bb6-45c0-bc76-a9729ab89f82"",""deploymentInstanceId"":null}","{""level"":""info"",""source"":""buildkit"",""type"":""log"",""vertex"":""sha256:5123184c115415746b9e45a79609be5df6469d0b755767bd2a7f4b208b8cff02"",""stream"":1,""data"":""W0lORk9dIERvd25sb2FkZWQgZnJvbSBjZW50cmFsOiBodHRwczovL3JlcG8ubWF2ZW4uYXBhY2hlLm9yZy9tYXZlbjIvb3JnL2VjbGlwc2UvcGxhdGZvcm0vb3JnLmVjbGlwc2Uub3NnaS8zLjE4LjMwMC9vcmcuZWNsaXBzZS5vc2dpLTMuMTguMzAwLnBvbSAoMS4zIGtCIGF0IDU0IGtCL3MpCg=="",""timestamp"":""2026-08-22T15:29:54.647863808Z""}"
"[INFO] Downloading from central: https://repo.maven.apache.org/maven2/com/squareup/okhttp3/okhttp/4.12.0/okhttp-4.12.0.pom
",2026-08-22T15:29:54.650200864Z,info,"{""serviceId"":""87697b40-66d1-4a58-89e6-1068a09cbf8c"",""deploymentId"":""d6c8c3b8-3bb6-45c0-bc76-a9729ab89f82"",""deploymentInstanceId"":null}","{""level"":""info"",""source"":""buildkit"",""type"":""log"",""vertex"":""sha256:5123184c115415746b9e45a79609be5df6469d0b755767bd2a7f4b208b8cff02"",""stream"":1,""data"":""W0lORk9dIERvd25sb2FkaW5nIGZyb20gY2VudHJhbDogaHR0cHM6Ly9yZXBvLm1hdmVuLmFwYWNoZS5vcmcvbWF2ZW4yL2NvbS9zcXVhcmV1cC9va2h0dHAzL29raHR0cC80LjEyLjAvb2todHRwLTQuMTIuMC5wb20K"",""timestamp"":""2026-08-22T15:29:54.650200864Z""}"
"[INFO] Downloaded from central: https://repo.maven.apache.org/maven2/com/squareup/okhttp3/okhttp/4.12.0/okhttp-4.12.0.pom (1.8 kB at 73 kB/s)
",2026-08-22T15:29:54.675321946Z,info,"{""serviceId"":""87697b40-66d1-4a58-89e6-1068a09cbf8c"",""deploymentId"":""d6c8c3b8-3bb6-45c0-bc76-a9729ab89f82"",""deploymentInstanceId"":null}","{""level"":""info"",""source"":""buildkit"",""type"":""log"",""vertex"":""sha256:5123184c115415746b9e45a79609be5df6469d0b755767bd2a7f4b208b8cff02"",""stream"":1,""data"":""W0lORk9dIERvd25sb2FkZWQgZnJvbSBjZW50cmFsOiBodHRwczovL3JlcG8ubWF2ZW4uYXBhY2hlLm9yZy9tYXZlbjIvY29tL3NxdWFyZXVwL29raHR0cDMvb2todHRwLzQuMTIuMC9va2h0dHAtNC4xMi4wLnBvbSAoMS44IGtCIGF0IDczIGtCL3MpCg=="",""timestamp"":""2026-08-22T15:29:54.675321946Z""}"
"[INFO] Downloading from central: https://repo.maven.apache.org/maven2/com/squareup/okio/okio/3.6.0/okio-3.6.0.pom
",2026-08-22T15:29:54.677741887Z,info,"{""serviceId"":""87697b40-66d1-4a58-89e6-1068a09cbf8c"",""deploymentId"":""d6c8c3b8-3bb6-45c0-bc76-a9729ab89f82"",""deploymentInstanceId"":null}","{""level"":""info"",""source"":""buildkit"",""type"":""log"",""vertex"":""sha256:5123184c115415746b9e45a79609be5df6469d0b755767bd2a7f4b208b8cff02"",""stream"":1,""data"":""W0lORk9dIERvd25sb2FkaW5nIGZyb20gY2VudHJhbDogaHR0cHM6Ly9yZXBvLm1hdmVuLmFwYWNoZS5vcmcvbWF2ZW4yL2NvbS9zcXVhcmV1cC9va2lvL29raW8vMy42LjAvb2tpby0zLjYuMC5wb20K"",""timestamp"":""2026-08-22T15:29:54.677741887Z""}"
"[INFO] Downloaded from central: https://repo.maven.apache.org/maven2/com/squareup/okio/okio/3.6.0/okio-3.6.0.pom (1.7 kB at 65 kB/s)
",2026-08-22T15:29:54.70395085Z,info,"{""serviceId"":""87697b40-66d1-4a58-89e6-1068a09cbf8c"",""deploymentId"":""d6c8c3b8-3bb6-45c0-bc76-a9729ab89f82"",""deploymentInstanceId"":null}","{""level"":""info"",""source"":""buildkit"",""type"":""log"",""vertex"":""sha256:5123184c115415746b9e45a79609be5df6469d0b755767bd2a7f4b208b8cff02"",""stream"":1,""data"":""W0lORk9dIERvd25sb2FkZWQgZnJvbSBjZW50cmFsOiBodHRwczovL3JlcG8ubWF2ZW4uYXBhY2hlLm9yZy9tYXZlbjIvY29tL3NxdWFyZXVwL29raW8vb2tpby8zLjYuMC9va2lvLTMuNi4wLnBvbSAoMS43IGtCIGF0IDY1IGtCL3MpCg=="",""timestamp"":""2026-08-22T15:29:54.70395085Z""}"
"[INFO] Downloading from central: https://repo.maven.apache.org/maven2/com/squareup/okio/okio-jvm/3.6.0/okio-jvm-3.6.0.pom
",2026-08-22T15:29:54.706226234Z,info,"{""serviceId"":""87697b40-66d1-4a58-89e6-1068a09cbf8c"",""deploymentId"":""d6c8c3b8-3bb6-45c0-bc76-a9729ab89f82"",""deploymentInstanceId"":null}","{""level"":""info"",""source"":""buildkit"",""type"":""log"",""vertex"":""sha256:5123184c115415746b9e45a79609be5df6469d0b755767bd2a7f4b208b8cff02"",""stream"":1,""data"":""W0lORk9dIERvd25sb2FkaW5nIGZyb20gY2VudHJhbDogaHR0cHM6Ly9yZXBvLm1hdmVuLmFwYWNoZS5vcmcvbWF2ZW4yL2NvbS9zcXVhcmV1cC9va2lvL29raW8tanZtLzMuNi4wL29raW8tanZtLTMuNi4wLnBvbQo="",""timestamp"":""2026-08-22T15:29:54.706226234Z""}"
"[INFO] Downloaded from central: https://repo.maven.apache.org/maven2/com/squareup/okio/okio-jvm/3.6.0/okio-jvm-3.6.0.pom (1.9 kB at 86 kB/s)
",2026-08-22T15:29:54.728696138Z,info,"{""serviceId"":""87697b40-66d1-4a58-89e6-1068a09cbf8c"",""deploymentId"":""d6c8c3b8-3bb6-45c0-bc76-a9729ab89f82"",""deploymentInstanceId"":null}","{""level"":""info"",""source"":""buildkit"",""type"":""log"",""vertex"":""sha256:5123184c115415746b9e45a79609be5df6469d0b755767bd2a7f4b208b8cff02"",""stream"":1,""data"":""W0lORk9dIERvd25sb2FkZWQgZnJvbSBjZW50cmFsOiBodHRwczovL3JlcG8ubWF2ZW4uYXBhY2hlLm9yZy9tYXZlbjIvY29tL3NxdWFyZXVwL29raW8vb2tpby1qdm0vMy42LjAvb2tpby1qdm0tMy42LjAucG9tICgxLjkga0IgYXQgODYga0IvcykK"",""timestamp"":""2026-08-22T15:29:54.728696138Z""}"
"[INFO] Downloading from central: https://repo.maven.apache.org/maven2/org/jetbrains/kotlin/kotlin-stdlib-jdk8/1.9.10/kotlin-stdlib-jdk8-1.9.10.pom
",2026-08-22T15:29:54.730765102Z,info,"{""serviceId"":""87697b40-66d1-4a58-89e6-1068a09cbf8c"",""deploymentId"":""d6c8c3b8-3bb6-45c0-bc76-a9729ab89f82"",""deploymentInstanceId"":null}","{""level"":""info"",""source"":""buildkit"",""type"":""log"",""vertex"":""sha256:5123184c115415746b9e45a79609be5df6469d0b755767bd2a7f4b208b8cff02"",""stream"":1,""data"":""W0lORk9dIERvd25sb2FkaW5nIGZyb20gY2VudHJhbDogaHR0cHM6Ly9yZXBvLm1hdmVuLmFwYWNoZS5vcmcvbWF2ZW4yL29yZy9qZXRicmFpbnMva290bGluL2tvdGxpbi1zdGRsaWItamRrOC8xLjkuMTAva290bGluLXN0ZGxpYi1qZGs4LTEuOS4xMC5wb20K"",""timestamp"":""2026-08-22T15:29:54.730765102Z""}"
"[INFO] Downloaded from central: https://repo.maven.apache.org/maven2/org/jetbrains/kotlin/kotlin-stdlib-jdk8/1.9.10/kotlin-stdlib-jdk8-1.9.10.pom (1.6 kB at 61 kB/s)
",2026-08-22T15:29:54.756766965Z,info,"{""serviceId"":""87697b40-66d1-4a58-89e6-1068a09cbf8c"",""deploymentId"":""d6c8c3b8-3bb6-45c0-bc76-a9729ab89f82"",""deploymentInstanceId"":null}","{""level"":""info"",""source"":""buildkit"",""type"":""log"",""vertex"":""sha256:5123184c115415746b9e45a79609be5df6469d0b755767bd2a7f4b208b8cff02"",""stream"":1,""data"":""W0lORk9dIERvd25sb2FkZWQgZnJvbSBjZW50cmFsOiBodHRwczovL3JlcG8ubWF2ZW4uYXBhY2hlLm9yZy9tYXZlbjIvb3JnL2pldGJyYWlucy9rb3RsaW4va290bGluLXN0ZGxpYi1qZGs4LzEuOS4xMC9rb3RsaW4tc3RkbGliLWpkazgtMS45LjEwLnBvbSAoMS42IGtCIGF0IDYxIGtCL3MpCg=="",""timestamp"":""2026-08-22T15:29:54.756766965Z""}"
"[INFO] Downloading from central: https://repo.maven.apache.org/maven2/org/jetbrains/kotlin/kotlin-stdlib/1.9.10/kotlin-stdlib-1.9.10.pom
",2026-08-22T15:29:54.759267076Z,info,"{""serviceId"":""87697b40-66d1-4a58-89e6-1068a09cbf8c"",""deploymentId"":""d6c8c3b8-3bb6-45c0-bc76-a9729ab89f82"",""deploymentInstanceId"":null}","{""level"":""info"",""source"":""buildkit"",""type"":""log"",""vertex"":""sha256:5123184c115415746b9e45a79609be5df6469d0b755767bd2a7f4b208b8cff02"",""stream"":1,""data"":""W0lORk9dIERvd25sb2FkaW5nIGZyb20gY2VudHJhbDogaHR0cHM6Ly9yZXBvLm1hdmVuLmFwYWNoZS5vcmcvbWF2ZW4yL29yZy9qZXRicmFpbnMva290bGluL2tvdGxpbi1zdGRsaWIvMS45LjEwL2tvdGxpbi1zdGRsaWItMS45LjEwLnBvbQo="",""timestamp"":""2026-08-22T15:29:54.759267076Z""}"
"[INFO] Downloaded from central: https://repo.maven.apache.org/maven2/org/jetbrains/kotlin/kotlin-stdlib/1.9.10/kotlin-stdlib-1.9.10.pom (1.6 kB at 65 kB/s)
",2026-08-22T15:29:54.783775989Z,info,"{""serviceId"":""87697b40-66d1-4a58-89e6-1068a09cbf8c"",""deploymentId"":""d6c8c3b8-3bb6-45c0-bc76-a9729ab89f82"",""deploymentInstanceId"":null}","{""level"":""info"",""source"":""buildkit"",""type"":""log"",""vertex"":""sha256:5123184c115415746b9e45a79609be5df6469d0b755767bd2a7f4b208b8cff02"",""stream"":1,""data"":""W0lORk9dIERvd25sb2FkZWQgZnJvbSBjZW50cmFsOiBodHRwczovL3JlcG8ubWF2ZW4uYXBhY2hlLm9yZy9tYXZlbjIvb3JnL2pldGJyYWlucy9rb3RsaW4va290bGluLXN0ZGxpYi8xLjkuMTAva290bGluLXN0ZGxpYi0xLjkuMTAucG9tICgxLjYga0IgYXQgNjUga0IvcykK"",""timestamp"":""2026-08-22T15:29:54.783775989Z""}"
"[INFO] Downloading from central: https://repo.maven.apache.org/maven2/org/jetbrains/kotlin/kotlin-stdlib-common/1.9.10/kotlin-stdlib-common-1.9.10.pom
",2026-08-22T15:29:54.786049781Z,info,"{""serviceId"":""87697b40-66d1-4a58-89e6-1068a09cbf8c"",""deploymentId"":""d6c8c3b8-3bb6-45c0-bc76-a9729ab89f82"",""deploymentInstanceId"":null}","{""level"":""info"",""source"":""buildkit"",""type"":""log"",""vertex"":""sha256:5123184c115415746b9e45a79609be5df6469d0b755767bd2a7f4b208b8cff02"",""stream"":1,""data"":""W0lORk9dIERvd25sb2FkaW5nIGZyb20gY2VudHJhbDogaHR0cHM6Ly9yZXBvLm1hdmVuLmFwYWNoZS5vcmcvbWF2ZW4yL29yZy9qZXRicmFpbnMva290bGluL2tvdGxpbi1zdGRsaWItY29tbW9uLzEuOS4xMC9rb3RsaW4tc3RkbGliLWNvbW1vbi0xLjkuMTAucG9tCg=="",""timestamp"":""2026-08-22T15:29:54.786049781Z""}"
"[INFO] Downloaded from central: https://repo.maven.apache.org/maven2/org/jetbrains/kotlin/kotlin-stdlib-common/1.9.10/kotlin-stdlib-common-1.9.10.pom (1.2 kB at 51 kB/s)
",2026-08-22T15:29:54.80866274Z,info,"{""serviceId"":""87697b40-66d1-4a58-89e6-1068a09cbf8c"",""deploymentId"":""d6c8c3b8-3bb6-45c0-bc76-a9729ab89f82"",""deploymentInstanceId"":null}","{""level"":""info"",""source"":""buildkit"",""type"":""log"",""vertex"":""sha256:5123184c115415746b9e45a79609be5df6469d0b755767bd2a7f4b208b8cff02"",""stream"":1,""data"":""W0lORk9dIERvd25sb2FkZWQgZnJvbSBjZW50cmFsOiBodHRwczovL3JlcG8ubWF2ZW4uYXBhY2hlLm9yZy9tYXZlbjIvb3JnL2pldGJyYWlucy9rb3RsaW4va290bGluLXN0ZGxpYi1jb21tb24vMS45LjEwL2tvdGxpbi1zdGRsaWItY29tbW9uLTEuOS4xMC5wb20gKDEuMiBrQiBhdCA1MSBrQi9zKQo="",""timestamp"":""2026-08-22T15:29:54.80866274Z""}"
"[INFO] Downloading from central: https://repo.maven.apache.org/maven2/org/jetbrains/annotations/13.0/annotations-13.0.pom
",2026-08-22T15:29:54.810712114Z,info,"{""serviceId"":""87697b40-66d1-4a58-89e6-1068a09cbf8c"",""deploymentId"":""d6c8c3b8-3bb6-45c0-bc76-a9729ab89f82"",""deploymentInstanceId"":null}","{""level"":""info"",""source"":""buildkit"",""type"":""log"",""vertex"":""sha256:5123184c115415746b9e45a79609be5df6469d0b755767bd2a7f4b208b8cff02"",""stream"":1,""data"":""W0lORk9dIERvd25sb2FkaW5nIGZyb20gY2VudHJhbDogaHR0cHM6Ly9yZXBvLm1hdmVuLmFwYWNoZS5vcmcvbWF2ZW4yL29yZy9qZXRicmFpbnMvYW5ub3RhdGlvbnMvMTMuMC9hbm5vdGF0aW9ucy0xMy4wLnBvbQo="",""timestamp"":""2026-08-22T15:29:54.810712114Z""}"
"[INFO] Downloaded from central: https://repo.maven.apache.org/maven2/org/jetbrains/annotations/13.0/annotations-13.0.pom (4.9 kB at 214 kB/s)
",2026-08-22T15:29:54.833299094Z,info,"{""serviceId"":""87697b40-66d1-4a58-89e6-1068a09cbf8c"",""deploymentId"":""d6c8c3b8-3bb6-45c0-bc76-a9729ab89f82"",""deploymentInstanceId"":null}","{""level"":""info"",""source"":""buildkit"",""type"":""log"",""vertex"":""sha256:5123184c115415746b9e45a79609be5df6469d0b755767bd2a7f4b208b8cff02"",""stream"":1,""data"":""W0lORk9dIERvd25sb2FkZWQgZnJvbSBjZW50cmFsOiBodHRwczovL3JlcG8ubWF2ZW4uYXBhY2hlLm9yZy9tYXZlbjIvb3JnL2pldGJyYWlucy9hbm5vdGF0aW9ucy8xMy4wL2Fubm90YXRpb25zLTEzLjAucG9tICg0Ljkga0IgYXQgMjE0IGtCL3MpCg=="",""timestamp"":""2026-08-22T15:29:54.833299094Z""}"
"[INFO] Downloading from central: https://repo.maven.apache.org/maven2/org/jetbrains/kotlin/kotlin-stdlib-jdk7/1.9.10/kotlin-stdlib-jdk7-1.9.10.pom
",2026-08-22T15:29:54.835692324Z,info,"{""serviceId"":""87697b40-66d1-4a58-89e6-1068a09cbf8c"",""deploymentId"":""d6c8c3b8-3bb6-45c0-bc76-a9729ab89f82"",""deploymentInstanceId"":null}","{""level"":""info"",""source"":""buildkit"",""type"":""log"",""vertex"":""sha256:5123184c115415746b9e45a79609be5df6469d0b755767bd2a7f4b208b8cff02"",""stream"":1,""data"":""W0lORk9dIERvd25sb2FkaW5nIGZyb20gY2VudHJhbDogaHR0cHM6Ly9yZXBvLm1hdmVuLmFwYWNoZS5vcmcvbWF2ZW4yL29yZy9qZXRicmFpbnMva290bGluL2tvdGxpbi1zdGRsaWItamRrNy8xLjkuMTAva290bGluLXN0ZGxpYi1qZGs3LTEuOS4xMC5wb20K"",""timestamp"":""2026-08-22T15:29:54.835692324Z""}"
"[INFO] Downloaded from central: https://repo.maven.apache.org/maven2/org/jetbrains/kotlin/kotlin-stdlib-jdk7/1.9.10/kotlin-stdlib-jdk7-1.9.10.pom (1.4 kB at 56 kB/s)
",2026-08-22T15:29:54.860948449Z,info,"{""serviceId"":""87697b40-66d1-4a58-89e6-1068a09cbf8c"",""deploymentId"":""d6c8c3b8-3bb6-45c0-bc76-a9729ab89f82"",""deploymentInstanceId"":null}","{""level"":""info"",""source"":""buildkit"",""type"":""log"",""vertex"":""sha256:5123184c115415746b9e45a79609be5df6469d0b755767bd2a7f4b208b8cff02"",""stream"":1,""data"":""W0lORk9dIERvd25sb2FkZWQgZnJvbSBjZW50cmFsOiBodHRwczovL3JlcG8ubWF2ZW4uYXBhY2hlLm9yZy9tYXZlbjIvb3JnL2pldGJyYWlucy9rb3RsaW4va290bGluLXN0ZGxpYi1qZGs3LzEuOS4xMC9rb3RsaW4tc3RkbGliLWpkazctMS45LjEwLnBvbSAoMS40IGtCIGF0IDU2IGtCL3MpCg=="",""timestamp"":""2026-08-22T15:29:54.860948449Z""}"
"[INFO] Downloading from central: https://repo.maven.apache.org/maven2/org/jetbrains/kotlin/kotlin-stdlib-jdk8/1.8.21/kotlin-stdlib-jdk8-1.8.21.pom
",2026-08-22T15:29:54.863204303Z,info,"{""serviceId"":""87697b40-66d1-4a58-89e6-1068a09cbf8c"",""deploymentId"":""d6c8c3b8-3bb6-45c0-bc76-a9729ab89f82"",""deploymentInstanceId"":null}","{""level"":""info"",""source"":""buildkit"",""type"":""log"",""vertex"":""sha256:5123184c115415746b9e45a79609be5df6469d0b755767bd2a7f4b208b8cff02"",""stream"":1,""data"":""W0lORk9dIERvd25sb2FkaW5nIGZyb20gY2VudHJhbDogaHR0cHM6Ly9yZXBvLm1hdmVuLmFwYWNoZS5vcmcvbWF2ZW4yL29yZy9qZXRicmFpbnMva290bGluL2tvdGxpbi1zdGRsaWItamRrOC8xLjguMjEva290bGluLXN0ZGxpYi1qZGs4LTEuOC4yMS5wb20K"",""timestamp"":""2026-08-22T15:29:54.863204303Z""}"
"[INFO] Downloaded from central: https://repo.maven.apache.org/maven2/org/jetbrains/kotlin/kotlin-stdlib-jdk8/1.8.21/kotlin-stdlib-jdk8-1.8.21.pom (1.6 kB at 56 kB/s)
",2026-08-22T15:29:54.891756623Z,info,"{""serviceId"":""87697b40-66d1-4a58-89e6-1068a09cbf8c"",""deploymentId"":""d6c8c3b8-3bb6-45c0-bc76-a9729ab89f82"",""deploymentInstanceId"":null}","{""level"":""info"",""source"":""buildkit"",""type"":""log"",""vertex"":""sha256:5123184c115415746b9e45a79609be5df6469d0b755767bd2a7f4b208b8cff02"",""stream"":1,""data"":""W0lORk9dIERvd25sb2FkZWQgZnJvbSBjZW50cmFsOiBodHRwczovL3JlcG8ubWF2ZW4uYXBhY2hlLm9yZy9tYXZlbjIvb3JnL2pldGJyYWlucy9rb3RsaW4va290bGluLXN0ZGxpYi1qZGs4LzEuOC4yMS9rb3RsaW4tc3RkbGliLWpkazgtMS44LjIxLnBvbSAoMS42IGtCIGF0IDU2IGtCL3MpCg=="",""timestamp"":""2026-08-22T15:29:54.891756623Z""}"
"[INFO] Downloading from central: https://repo.maven.apache.org/maven2/org/jetbrains/kotlin/kotlin-stdlib/1.8.21/kotlin-stdlib-1.8.21.pom
",2026-08-22T15:29:54.893878877Z,info,"{""serviceId"":""87697b40-66d1-4a58-89e6-1068a09cbf8c"",""deploymentId"":""d6c8c3b8-3bb6-45c0-bc76-a9729ab89f82"",""deploymentInstanceId"":null}","{""level"":""info"",""source"":""buildkit"",""type"":""log"",""vertex"":""sha256:5123184c115415746b9e45a79609be5df6469d0b755767bd2a7f4b208b8cff02"",""stream"":1,""data"":""W0lORk9dIERvd25sb2FkaW5nIGZyb20gY2VudHJhbDogaHR0cHM6Ly9yZXBvLm1hdmVuLmFwYWNoZS5vcmcvbWF2ZW4yL29yZy9qZXRicmFpbnMva290bGluL2tvdGxpbi1zdGRsaWIvMS44LjIxL2tvdGxpbi1zdGRsaWItMS44LjIxLnBvbQo="",""timestamp"":""2026-08-22T15:29:54.893878877Z""}"
"[INFO] Downloaded from central: https://repo.maven.apache.org/maven2/org/jetbrains/kotlin/kotlin-stdlib/1.8.21/kotlin-stdlib-1.8.21.pom (1.6 kB at 65 kB/s)
",2026-08-22T15:29:54.917346458Z,info,"{""serviceId"":""87697b40-66d1-4a58-89e6-1068a09cbf8c"",""deploymentId"":""d6c8c3b8-3bb6-45c0-bc76-a9729ab89f82"",""deploymentInstanceId"":null}","{""level"":""info"",""source"":""buildkit"",""type"":""log"",""vertex"":""sha256:5123184c115415746b9e45a79609be5df6469d0b755767bd2a7f4b208b8cff02"",""stream"":1,""data"":""W0lORk9dIERvd25sb2FkZWQgZnJvbSBjZW50cmFsOiBodHRwczovL3JlcG8ubWF2ZW4uYXBhY2hlLm9yZy9tYXZlbjIvb3JnL2pldGJyYWlucy9rb3RsaW4va290bGluLXN0ZGxpYi8xLjguMjEva290bGluLXN0ZGxpYi0xLjguMjEucG9tICgxLjYga0IgYXQgNjUga0IvcykK"",""timestamp"":""2026-08-22T15:29:54.917346458Z""}"
"[INFO] Downloading from central: https://repo.maven.apache.org/maven2/org/jetbrains/kotlin/kotlin-stdlib-common/1.8.21/kotlin-stdlib-common-1.8.21.pom
",2026-08-22T15:29:54.919479068Z,info,"{""serviceId"":""87697b40-66d1-4a58-89e6-1068a09cbf8c"",""deploymentId"":""d6c8c3b8-3bb6-45c0-bc76-a9729ab89f82"",""deploymentInstanceId"":null}","{""level"":""info"",""source"":""buildkit"",""type"":""log"",""vertex"":""sha256:5123184c115415746b9e45a79609be5df6469d0b755767bd2a7f4b208b8cff02"",""stream"":1,""data"":""W0lORk9dIERvd25sb2FkaW5nIGZyb20gY2VudHJhbDogaHR0cHM6Ly9yZXBvLm1hdmVuLmFwYWNoZS5vcmcvbWF2ZW4yL29yZy9qZXRicmFpbnMva290bGluL2tvdGxpbi1zdGRsaWItY29tbW9uLzEuOC4yMS9rb3RsaW4tc3RkbGliLWNvbW1vbi0xLjguMjEucG9tCg=="",""timestamp"":""2026-08-22T15:29:54.919479068Z""}"
"[INFO] Downloaded from central: https://repo.maven.apache.org/maven2/org/jetbrains/kotlin/kotlin-stdlib-common/1.8.21/kotlin-stdlib-common-1.8.21.pom (1.2 kB at 35 kB/s)
",2026-08-22T15:29:54.952707483Z,info,"{""serviceId"":""87697b40-66d1-4a58-89e6-1068a09cbf8c"",""deploymentId"":""d6c8c3b8-3bb6-45c0-bc76-a9729ab89f82"",""deploymentInstanceId"":null}","{""level"":""info"",""source"":""buildkit"",""type"":""log"",""vertex"":""sha256:5123184c115415746b9e45a79609be5df6469d0b755767bd2a7f4b208b8cff02"",""stream"":1,""data"":""W0lORk9dIERvd25sb2FkZWQgZnJvbSBjZW50cmFsOiBodHRwczovL3JlcG8ubWF2ZW4uYXBhY2hlLm9yZy9tYXZlbjIvb3JnL2pldGJyYWlucy9rb3RsaW4va290bGluLXN0ZGxpYi1jb21tb24vMS44LjIxL2tvdGxpbi1zdGRsaWItY29tbW9uLTEuOC4yMS5wb20gKDEuMiBrQiBhdCAzNSBrQi9zKQo="",""timestamp"":""2026-08-22T15:29:54.952707483Z""}"
"[INFO] Downloading from central: https://repo.maven.apache.org/maven2/org/jetbrains/kotlin/kotlin-stdlib-jdk7/1.8.21/kotlin-stdlib-jdk7-1.8.21.pom
",2026-08-22T15:29:54.954902406Z,info,"{""serviceId"":""87697b40-66d1-4a58-89e6-1068a09cbf8c"",""deploymentId"":""d6c8c3b8-3bb6-45c0-bc76-a9729ab89f82"",""deploymentInstanceId"":null}","{""level"":""info"",""source"":""buildkit"",""type"":""log"",""vertex"":""sha256:5123184c115415746b9e45a79609be5df6469d0b755767bd2a7f4b208b8cff02"",""stream"":1,""data"":""W0lORk9dIERvd25sb2FkaW5nIGZyb20gY2VudHJhbDogaHR0cHM6Ly9yZXBvLm1hdmVuLmFwYWNoZS5vcmcvbWF2ZW4yL29yZy9qZXRicmFpbnMva290bGluL2tvdGxpbi1zdGRsaWItamRrNy8xLjguMjEva290bGluLXN0ZGxpYi1qZGs3LTEuOC4yMS5wb20K"",""timestamp"":""2026-08-22T15:29:54.954902406Z""}"
"[INFO] Downloaded from central: https://repo.maven.apache.org/maven2/org/jetbrains/kotlin/kotlin-stdlib-jdk7/1.8.21/kotlin-stdlib-jdk7-1.8.21.pom (1.4 kB at 40 kB/s)
",2026-08-22T15:29:54.989413767Z,info,"{""serviceId"":""87697b40-66d1-4a58-89e6-1068a09cbf8c"",""deploymentId"":""d6c8c3b8-3bb6-45c0-bc76-a9729ab89f82"",""deploymentInstanceId"":null}","{""level"":""info"",""source"":""buildkit"",""type"":""log"",""vertex"":""sha256:5123184c115415746b9e45a79609be5df6469d0b755767bd2a7f4b208b8cff02"",""stream"":1,""data"":""W0lORk9dIERvd25sb2FkZWQgZnJvbSBjZW50cmFsOiBodHRwczovL3JlcG8ubWF2ZW4uYXBhY2hlLm9yZy9tYXZlbjIvb3JnL2pldGJyYWlucy9rb3RsaW4va290bGluLXN0ZGxpYi1qZGs3LzEuOC4yMS9rb3RsaW4tc3RkbGliLWpkazctMS44LjIxLnBvbSAoMS40IGtCIGF0IDQwIGtCL3MpCg=="",""timestamp"":""2026-08-22T15:29:54.989413767Z""}"
"[INFO] Downloading from central: https://repo.maven.apache.org/maven2/org/eclipse/platform/org.eclipse.osgi/3.23.100/org.eclipse.osgi-3.23.100.pom
",2026-08-22T15:29:54.991724624Z,info,"{""serviceId"":""87697b40-66d1-4a58-89e6-1068a09cbf8c"",""deploymentId"":""d6c8c3b8-3bb6-45c0-bc76-a9729ab89f82"",""deploymentInstanceId"":null}","{""level"":""info"",""source"":""buildkit"",""type"":""log"",""vertex"":""sha256:5123184c115415746b9e45a79609be5df6469d0b755767bd2a7f4b208b8cff02"",""stream"":1,""data"":""W0lORk9dIERvd25sb2FkaW5nIGZyb20gY2VudHJhbDogaHR0cHM6Ly9yZXBvLm1hdmVuLmFwYWNoZS5vcmcvbWF2ZW4yL29yZy9lY2xpcHNlL3BsYXRmb3JtL29yZy5lY2xpcHNlLm9zZ2kvMy4yMy4xMDAvb3JnLmVjbGlwc2Uub3NnaS0zLjIzLjEwMC5wb20K"",""timestamp"":""2026-08-22T15:29:54.991724624Z""}"
"[INFO] Downloaded from central: https://repo.maven.apache.org/maven2/org/eclipse/platform/org.eclipse.osgi/3.23.100/org.eclipse.osgi-3.23.100.pom (1.5 kB at 48 kB/s)
",2026-08-22T15:29:55.02294669Z,info,"{""serviceId"":""87697b40-66d1-4a58-89e6-1068a09cbf8c"",""deploymentId"":""d6c8c3b8-3bb6-45c0-bc76-a9729ab89f82"",""deploymentInstanceId"":null}","{""level"":""info"",""source"":""buildkit"",""type"":""log"",""vertex"":""sha256:5123184c115415746b9e45a79609be5df6469d0b755767bd2a7f4b208b8cff02"",""stream"":1,""data"":""W0lORk9dIERvd25sb2FkZWQgZnJvbSBjZW50cmFsOiBodHRwczovL3JlcG8ubWF2ZW4uYXBhY2hlLm9yZy9tYXZlbjIvb3JnL2VjbGlwc2UvcGxhdGZvcm0vb3JnLmVjbGlwc2Uub3NnaS8zLjIzLjEwMC9vcmcuZWNsaXBzZS5vc2dpLTMuMjMuMTAwLnBvbSAoMS41IGtCIGF0IDQ4IGtCL3MpCg=="",""timestamp"":""2026-08-22T15:29:55.02294669Z""}"
"[INFO] Downloading from central: https://repo.maven.apache.org/maven2/com/diffplug/durian/durian-io/1.2.0/durian-io-1.2.0.pom
",2026-08-22T15:29:55.025307682Z,info,"{""serviceId"":""87697b40-66d1-4a58-89e6-1068a09cbf8c"",""deploymentId"":""d6c8c3b8-3bb6-45c0-bc76-a9729ab89f82"",""deploymentInstanceId"":null}","{""level"":""info"",""source"":""buildkit"",""type"":""log"",""vertex"":""sha256:5123184c115415746b9e45a79609be5df6469d0b755767bd2a7f4b208b8cff02"",""stream"":1,""data"":""W0lORk9dIERvd25sb2FkaW5nIGZyb20gY2VudHJhbDogaHR0cHM6Ly9yZXBvLm1hdmVuLmFwYWNoZS5vcmcvbWF2ZW4yL2NvbS9kaWZmcGx1Zy9kdXJpYW4vZHVyaWFuLWlvLzEuMi4wL2R1cmlhbi1pby0xLjIuMC5wb20K"",""timestamp"":""2026-08-22T15:29:55.025307682Z""}"
"[INFO] Downloaded from central: https://repo.maven.apache.org/maven2/com/diffplug/durian/durian-io/1.2.0/durian-io-1.2.0.pom (2.3 kB at 83 kB/s)
",2026-08-22T15:29:55.053684999Z,info,"{""serviceId"":""87697b40-66d1-4a58-89e6-1068a09cbf8c"",""deploymentId"":""d6c8c3b8-3bb6-45c0-bc76-a9729ab89f82"",""deploymentInstanceId"":null}","{""level"":""info"",""source"":""buildkit"",""type"":""log"",""vertex"":""sha256:5123184c115415746b9e45a79609be5df6469d0b755767bd2a7f4b208b8cff02"",""stream"":1,""data"":""W0lORk9dIERvd25sb2FkZWQgZnJvbSBjZW50cmFsOiBodHRwczovL3JlcG8ubWF2ZW4uYXBhY2hlLm9yZy9tYXZlbjIvY29tL2RpZmZwbHVnL2R1cmlhbi9kdXJpYW4taW8vMS4yLjAvZHVyaWFuLWlvLTEuMi4wLnBvbSAoMi4zIGtCIGF0IDgzIGtCL3MpCg=="",""timestamp"":""2026-08-22T15:29:55.053684999Z""}"
"[INFO] Downloading from central: https://repo.maven.apache.org/maven2/org/codehaus/plexus/plexus-resources/1.3.0/plexus-resources-1.3.0.pom
",2026-08-22T15:29:55.056034945Z,info,"{""serviceId"":""87697b40-66d1-4a58-89e6-1068a09cbf8c"",""deploymentId"":""d6c8c3b8-3bb6-45c0-bc76-a9729ab89f82"",""deploymentInstanceId"":null}","{""level"":""info"",""source"":""buildkit"",""type"":""log"",""vertex"":""sha256:5123184c115415746b9e45a79609be5df6469d0b755767bd2a7f4b208b8cff02"",""stream"":1,""data"":""W0lORk9dIERvd25sb2FkaW5nIGZyb20gY2VudHJhbDogaHR0cHM6Ly9yZXBvLm1hdmVuLmFwYWNoZS5vcmcvbWF2ZW4yL29yZy9jb2RlaGF1cy9wbGV4dXMvcGxleHVzLXJlc291cmNlcy8xLjMuMC9wbGV4dXMtcmVzb3VyY2VzLTEuMy4wLnBvbQo="",""timestamp"":""2026-08-22T15:29:55.056034945Z""}"
"[INFO] Downloaded from central: https://repo.maven.apache.org/maven2/org/codehaus/plexus/plexus-resources/1.3.0/plexus-resources-1.3.0.pom (4.0 kB at 144 kB/s)
",2026-08-22T15:29:55.083698191Z,info,"{""serviceId"":""87697b40-66d1-4a58-89e6-1068a09cbf8c"",""deploymentId"":""d6c8c3b8-3bb6-45c0-bc76-a9729ab89f82"",""deploymentInstanceId"":null}","{""level"":""info"",""source"":""buildkit"",""type"":""log"",""vertex"":""sha256:5123184c115415746b9e45a79609be5df6469d0b755767bd2a7f4b208b8cff02"",""stream"":1,""data"":""W0lORk9dIERvd25sb2FkZWQgZnJvbSBjZW50cmFsOiBodHRwczovL3JlcG8ubWF2ZW4uYXBhY2hlLm9yZy9tYXZlbjIvb3JnL2NvZGVoYXVzL3BsZXh1cy9wbGV4dXMtcmVzb3VyY2VzLzEuMy4wL3BsZXh1cy1yZXNvdXJjZXMtMS4zLjAucG9tICg0LjAga0IgYXQgMTQ0IGtCL3MpCg=="",""timestamp"":""2026-08-22T15:29:55.083698191Z""}"
"[INFO] Downloading from central: https://repo.maven.apache.org/maven2/org/codehaus/plexus/plexus-utils/4.0.0/plexus-utils-4.0.0.pom
",2026-08-22T15:29:55.086538262Z,info,"{""serviceId"":""87697b40-66d1-4a58-89e6-1068a09cbf8c"",""deploymentId"":""d6c8c3b8-3bb6-45c0-bc76-a9729ab89f82"",""deploymentInstanceId"":null}","{""level"":""info"",""source"":""buildkit"",""type"":""log"",""vertex"":""sha256:5123184c115415746b9e45a79609be5df6469d0b755767bd2a7f4b208b8cff02"",""stream"":1,""data"":""W0lORk9dIERvd25sb2FkaW5nIGZyb20gY2VudHJhbDogaHR0cHM6Ly9yZXBvLm1hdmVuLmFwYWNoZS5vcmcvbWF2ZW4yL29yZy9jb2RlaGF1cy9wbGV4dXMvcGxleHVzLXV0aWxzLzQuMC4wL3BsZXh1cy11dGlscy00LjAuMC5wb20K"",""timestamp"":""2026-08-22T15:29:55.086538262Z""}"
"[INFO] Downloaded from central: https://repo.maven.apache.org/maven2/org/codehaus/plexus/plexus-utils/4.0.0/plexus-utils-4.0.0.pom (8.7 kB at 333 kB/s)
",2026-08-22T15:29:55.112717531Z,info,"{""serviceId"":""87697b40-66d1-4a58-89e6-1068a09cbf8c"",""deploymentId"":""d6c8c3b8-3bb6-45c0-bc76-a9729ab89f82"",""deploymentInstanceId"":null}","{""level"":""info"",""source"":""buildkit"",""type"":""log"",""vertex"":""sha256:5123184c115415746b9e45a79609be5df6469d0b755767bd2a7f4b208b8cff02"",""stream"":1,""data"":""W0lORk9dIERvd25sb2FkZWQgZnJvbSBjZW50cmFsOiBodHRwczovL3JlcG8ubWF2ZW4uYXBhY2hlLm9yZy9tYXZlbjIvb3JnL2NvZGVoYXVzL3BsZXh1cy9wbGV4dXMtdXRpbHMvNC4wLjAvcGxleHVzLXV0aWxzLTQuMC4wLnBvbSAoOC43IGtCIGF0IDMzMyBrQi9zKQo="",""timestamp"":""2026-08-22T15:29:55.112717531Z""}"
"[INFO] Downloading from central: https://repo.maven.apache.org/maven2/org/codehaus/plexus/plexus/13/plexus-13.pom
",2026-08-22T15:29:55.115291273Z,info,"{""serviceId"":""87697b40-66d1-4a58-89e6-1068a09cbf8c"",""deploymentId"":""d6c8c3b8-3bb6-45c0-bc76-a9729ab89f82"",""deploymentInstanceId"":null}","{""level"":""info"",""source"":""buildkit"",""type"":""log"",""vertex"":""sha256:5123184c115415746b9e45a79609be5df6469d0b755767bd2a7f4b208b8cff02"",""stream"":1,""data"":""W0lORk9dIERvd25sb2FkaW5nIGZyb20gY2VudHJhbDogaHR0cHM6Ly9yZXBvLm1hdmVuLmFwYWNoZS5vcmcvbWF2ZW4yL29yZy9jb2RlaGF1cy9wbGV4dXMvcGxleHVzLzEzL3BsZXh1cy0xMy5wb20K"",""timestamp"":""2026-08-22T15:29:55.115291273Z""}"
"[INFO] Downloaded from central: https://repo.maven.apache.org/maven2/org/codehaus/plexus/plexus/13/plexus-13.pom (27 kB at 913 kB/s)
",2026-08-22T15:29:55.145724835Z,info,"{""serviceId"":""87697b40-66d1-4a58-89e6-1068a09cbf8c"",""deploymentId"":""d6c8c3b8-3bb6-45c0-bc76-a9729ab89f82"",""deploymentInstanceId"":null}","{""level"":""info"",""source"":""buildkit"",""type"":""log"",""vertex"":""sha256:5123184c115415746b9e45a79609be5df6469d0b755767bd2a7f4b208b8cff02"",""stream"":1,""data"":""W0lORk9dIERvd25sb2FkZWQgZnJvbSBjZW50cmFsOiBodHRwczovL3JlcG8ubWF2ZW4uYXBhY2hlLm9yZy9tYXZlbjIvb3JnL2NvZGVoYXVzL3BsZXh1cy9wbGV4dXMvMTMvcGxleHVzLTEzLnBvbSAoMjcga0IgYXQgOTEzIGtCL3MpCg=="",""timestamp"":""2026-08-22T15:29:55.145724835Z""}"
"[INFO] Downloading from central: https://repo.maven.apache.org/maven2/org/junit/junit-bom/5.9.3/junit-bom-5.9.3.pom
",2026-08-22T15:29:55.14888082Z,info,"{""serviceId"":""87697b40-66d1-4a58-89e6-1068a09cbf8c"",""deploymentId"":""d6c8c3b8-3bb6-45c0-bc76-a9729ab89f82"",""deploymentInstanceId"":null}","{""level"":""info"",""source"":""buildkit"",""type"":""log"",""vertex"":""sha256:5123184c115415746b9e45a79609be5df6469d0b755767bd2a7f4b208b8cff02"",""stream"":1,""data"":""W0lORk9dIERvd25sb2FkaW5nIGZyb20gY2VudHJhbDogaHR0cHM6Ly9yZXBvLm1hdmVuLmFwYWNoZS5vcmcvbWF2ZW4yL29yZy9qdW5pdC9qdW5pdC1ib20vNS45LjMvanVuaXQtYm9tLTUuOS4zLnBvbQo="",""timestamp"":""2026-08-22T15:29:55.14888082Z""}"
"[INFO] Downloaded from central: https://repo.maven.apache.org/maven2/org/junit/junit-bom/5.9.3/junit-bom-5.9.3.pom (5.6 kB at 225 kB/s)
",2026-08-22T15:29:55.173220339Z,info,"{""serviceId"":""87697b40-66d1-4a58-89e6-1068a09cbf8c"",""deploymentId"":""d6c8c3b8-3bb6-45c0-bc76-a9729ab89f82"",""deploymentInstanceId"":null}","{""level"":""info"",""source"":""buildkit"",""type"":""log"",""vertex"":""sha256:5123184c115415746b9e45a79609be5df6469d0b755767bd2a7f4b208b8cff02"",""stream"":1,""data"":""W0lORk9dIERvd25sb2FkZWQgZnJvbSBjZW50cmFsOiBodHRwczovL3JlcG8ubWF2ZW4uYXBhY2hlLm9yZy9tYXZlbjIvb3JnL2p1bml0L2p1bml0LWJvbS81LjkuMy9qdW5pdC1ib20tNS45LjMucG9tICg1LjYga0IgYXQgMjI1IGtCL3MpCg=="",""timestamp"":""2026-08-22T15:29:55.173220339Z""}"
"[INFO] Downloading from central: https://repo.maven.apache.org/maven2/org/codehaus/plexus/plexus-xml/3.0.0/plexus-xml-3.0.0.pom
",2026-08-22T15:29:55.175761833Z,info,"{""serviceId"":""87697b40-66d1-4a58-89e6-1068a09cbf8c"",""deploymentId"":""d6c8c3b8-3bb6-45c0-bc76-a9729ab89f82"",""deploymentInstanceId"":null}","{""level"":""info"",""source"":""buildkit"",""type"":""log"",""vertex"":""sha256:5123184c115415746b9e45a79609be5df6469d0b755767bd2a7f4b208b8cff02"",""stream"":1,""data"":""W0lORk9dIERvd25sb2FkaW5nIGZyb20gY2VudHJhbDogaHR0cHM6Ly9yZXBvLm1hdmVuLmFwYWNoZS5vcmcvbWF2ZW4yL29yZy9jb2RlaGF1cy9wbGV4dXMvcGxleHVzLXhtbC8zLjAuMC9wbGV4dXMteG1sLTMuMC4wLnBvbQo="",""timestamp"":""2026-08-22T15:29:55.175761833Z""}"
"[INFO] Downloaded from central: https://repo.maven.apache.org/maven2/org/codehaus/plexus/plexus-xml/3.0.0/plexus-xml-3.0.0.pom (3.7 kB at 104 kB/s)
",2026-08-22T15:29:55.211956839Z,info,"{""serviceId"":""87697b40-66d1-4a58-89e6-1068a09cbf8c"",""deploymentId"":""d6c8c3b8-3bb6-45c0-bc76-a9729ab89f82"",""deploymentInstanceId"":null}","{""level"":""info"",""source"":""buildkit"",""type"":""log"",""vertex"":""sha256:5123184c115415746b9e45a79609be5df6469d0b755767bd2a7f4b208b8cff02"",""stream"":1,""data"":""W0lORk9dIERvd25sb2FkZWQgZnJvbSBjZW50cmFsOiBodHRwczovL3JlcG8ubWF2ZW4uYXBhY2hlLm9yZy9tYXZlbjIvb3JnL2NvZGVoYXVzL3BsZXh1cy9wbGV4dXMteG1sLzMuMC4wL3BsZXh1cy14bWwtMy4wLjAucG9tICgzLjcga0IgYXQgMTA0IGtCL3MpCg=="",""timestamp"":""2026-08-22T15:29:55.211956839Z""}"
"[INFO] Downloading from central: https://repo.maven.apache.org/maven2/org/codehaus/plexus/plexus-utils/1.5.8/plexus-utils-1.5.8.pom
",2026-08-22T15:29:55.215117542Z,info,"{""serviceId"":""87697b40-66d1-4a58-89e6-1068a09cbf8c"",""deploymentId"":""d6c8c3b8-3bb6-45c0-bc76-a9729ab89f82"",""deploymentInstanceId"":null}","{""level"":""info"",""source"":""buildkit"",""type"":""log"",""vertex"":""sha256:5123184c115415746b9e45a79609be5df6469d0b755767bd2a7f4b208b8cff02"",""stream"":1,""data"":""W0lORk9dIERvd25sb2FkaW5nIGZyb20gY2VudHJhbDogaHR0cHM6Ly9yZXBvLm1hdmVuLmFwYWNoZS5vcmcvbWF2ZW4yL29yZy9jb2RlaGF1cy9wbGV4dXMvcGxleHVzLXV0aWxzLzEuNS44L3BsZXh1cy11dGlscy0xLjUuOC5wb20K"",""timestamp"":""2026-08-22T15:29:55.215117542Z""}"
"[INFO] Downloaded from central: https://repo.maven.apache.org/maven2/org/codehaus/plexus/plexus-utils/1.5.8/plexus-utils-1.5.8.pom (8.1 kB at 278 kB/s)
",2026-08-22T15:29:55.243186386Z,info,"{""serviceId"":""87697b40-66d1-4a58-89e6-1068a09cbf8c"",""deploymentId"":""d6c8c3b8-3bb6-45c0-bc76-a9729ab89f82"",""deploymentInstanceId"":null}","{""level"":""info"",""source"":""buildkit"",""type"":""log"",""vertex"":""sha256:5123184c115415746b9e45a79609be5df6469d0b755767bd2a7f4b208b8cff02"",""stream"":1,""data"":""W0lORk9dIERvd25sb2FkZWQgZnJvbSBjZW50cmFsOiBodHRwczovL3JlcG8ubWF2ZW4uYXBhY2hlLm9yZy9tYXZlbjIvb3JnL2NvZGVoYXVzL3BsZXh1cy9wbGV4dXMtdXRpbHMvMS41LjgvcGxleHVzLXV0aWxzLTEuNS44LnBvbSAoOC4xIGtCIGF0IDI3OCBrQi9zKQo="",""timestamp"":""2026-08-22T15:29:55.243186386Z""}"
"[INFO] Downloading from central: https://repo.maven.apache.org/maven2/org/codehaus/plexus/plexus/2.0.2/plexus-2.0.2.pom
",2026-08-22T15:29:55.245325696Z,info,"{""serviceId"":""87697b40-66d1-4a58-89e6-1068a09cbf8c"",""deploymentId"":""d6c8c3b8-3bb6-45c0-bc76-a9729ab89f82"",""deploymentInstanceId"":null}","{""level"":""info"",""source"":""buildkit"",""type"":""log"",""vertex"":""sha256:5123184c115415746b9e45a79609be5df6469d0b755767bd2a7f4b208b8cff02"",""stream"":1,""data"":""W0lORk9dIERvd25sb2FkaW5nIGZyb20gY2VudHJhbDogaHR0cHM6Ly9yZXBvLm1hdmVuLmFwYWNoZS5vcmcvbWF2ZW4yL29yZy9jb2RlaGF1cy9wbGV4dXMvcGxleHVzLzIuMC4yL3BsZXh1cy0yLjAuMi5wb20K"",""timestamp"":""2026-08-22T15:29:55.245325696Z""}"
"[INFO] Downloaded from central: https://repo.maven.apache.org/maven2/org/codehaus/plexus/plexus/2.0.2/plexus-2.0.2.pom (12 kB at 415 kB/s)
",2026-08-22T15:29:55.273634781Z,info,"{""serviceId"":""87697b40-66d1-4a58-89e6-1068a09cbf8c"",""deploymentId"":""d6c8c3b8-3bb6-45c0-bc76-a9729ab89f82"",""deploymentInstanceId"":null}","{""level"":""info"",""source"":""buildkit"",""type"":""log"",""vertex"":""sha256:5123184c115415746b9e45a79609be5df6469d0b755767bd2a7f4b208b8cff02"",""stream"":1,""data"":""W0lORk9dIERvd25sb2FkZWQgZnJvbSBjZW50cmFsOiBodHRwczovL3JlcG8ubWF2ZW4uYXBhY2hlLm9yZy9tYXZlbjIvb3JnL2NvZGVoYXVzL3BsZXh1cy9wbGV4dXMvMi4wLjIvcGxleHVzLTIuMC4yLnBvbSAoMTIga0IgYXQgNDE1IGtCL3MpCg=="",""timestamp"":""2026-08-22T15:29:55.273634781Z""}"
"[INFO] Downloading from central: https://repo.maven.apache.org/maven2/com/diffplug/spotless/spotless-lib/3.3.1/spotless-lib-3.3.1.jar
",2026-08-22T15:29:55.280417317Z,info,"{""serviceId"":""87697b40-66d1-4a58-89e6-1068a09cbf8c"",""deploymentId"":""d6c8c3b8-3bb6-45c0-bc76-a9729ab89f82"",""deploymentInstanceId"":null}","{""level"":""info"",""source"":""buildkit"",""type"":""log"",""vertex"":""sha256:5123184c115415746b9e45a79609be5df6469d0b755767bd2a7f4b208b8cff02"",""stream"":1,""data"":""W0lORk9dIERvd25sb2FkaW5nIGZyb20gY2VudHJhbDogaHR0cHM6Ly9yZXBvLm1hdmVuLmFwYWNoZS5vcmcvbWF2ZW4yL2NvbS9kaWZmcGx1Zy9zcG90bGVzcy9zcG90bGVzcy1saWIvMy4zLjEvc3BvdGxlc3MtbGliLTMuMy4xLmphcgo="",""timestamp"":""2026-08-22T15:29:55.280417317Z""}"
"[INFO] Downloaded from central: https://repo.maven.apache.org/maven2/com/diffplug/spotless/spotless-lib/3.3.1/spotless-lib-3.3.1.jar (602 kB at 21 MB/s)
",2026-08-22T15:29:55.308792491Z,info,"{""serviceId"":""87697b40-66d1-4a58-89e6-1068a09cbf8c"",""deploymentId"":""d6c8c3b8-3bb6-45c0-bc76-a9729ab89f82"",""deploymentInstanceId"":null}","{""level"":""info"",""source"":""buildkit"",""type"":""log"",""vertex"":""sha256:5123184c115415746b9e45a79609be5df6469d0b755767bd2a7f4b208b8cff02"",""stream"":1,""data"":""W0lORk9dIERvd25sb2FkZWQgZnJvbSBjZW50cmFsOiBodHRwczovL3JlcG8ubWF2ZW4uYXBhY2hlLm9yZy9tYXZlbjIvY29tL2RpZmZwbHVnL3Nwb3RsZXNzL3Nwb3RsZXNzLWxpYi8zLjMuMS9zcG90bGVzcy1saWItMy4zLjEuamFyICg2MDIga0IgYXQgMjEgTUIvcykK"",""timestamp"":""2026-08-22T15:29:55.308792491Z""}"
"[INFO] Downloading from central: https://repo.maven.apache.org/maven2/com/diffplug/spotless/spotless-lib-extra/3.3.1/spotless-lib-extra-3.3.1.jar
",2026-08-22T15:29:55.309529066Z,info,"{""serviceId"":""87697b40-66d1-4a58-89e6-1068a09cbf8c"",""deploymentId"":""d6c8c3b8-3bb6-45c0-bc76-a9729ab89f82"",""deploymentInstanceId"":null}","{""level"":""info"",""source"":""buildkit"",""type"":""log"",""vertex"":""sha256:5123184c115415746b9e45a79609be5df6469d0b755767bd2a7f4b208b8cff02"",""stream"":1,""data"":""W0lORk9dIERvd25sb2FkaW5nIGZyb20gY2VudHJhbDogaHR0cHM6Ly9yZXBvLm1hdmVuLmFwYWNoZS5vcmcvbWF2ZW4yL2NvbS9kaWZmcGx1Zy9zcG90bGVzcy9zcG90bGVzcy1saWItZXh0cmEvMy4zLjEvc3BvdGxlc3MtbGliLWV4dHJhLTMuMy4xLmphcgo="",""timestamp"":""2026-08-22T15:29:55.309529066Z""}"
"[INFO] Downloading from central: https://repo.maven.apache.org/maven2/com/googlecode/concurrent-trees/concurrent-trees/2.6.1/concurrent-trees-2.6.1.jar
",2026-08-22T15:29:55.30979192Z,info,"{""serviceId"":""87697b40-66d1-4a58-89e6-1068a09cbf8c"",""deploymentId"":""d6c8c3b8-3bb6-45c0-bc76-a9729ab89f82"",""deploymentInstanceId"":null}","{""level"":""info"",""source"":""buildkit"",""type"":""log"",""vertex"":""sha256:5123184c115415746b9e45a79609be5df6469d0b755767bd2a7f4b208b8cff02"",""stream"":1,""data"":""W0lORk9dIERvd25sb2FkaW5nIGZyb20gY2VudHJhbDogaHR0cHM6Ly9yZXBvLm1hdmVuLmFwYWNoZS5vcmcvbWF2ZW4yL2NvbS9nb29nbGVjb2RlL2NvbmN1cnJlbnQtdHJlZXMvY29uY3VycmVudC10cmVlcy8yLjYuMS9jb25jdXJyZW50LXRyZWVzLTIuNi4xLmphcgo="",""timestamp"":""2026-08-22T15:29:55.30979192Z""}"
"[INFO] Downloading from central: https://repo.maven.apache.org/maven2/dev/equo/ide/solstice/1.8.1/solstice-1.8.1.jar
",2026-08-22T15:29:55.310020083Z,info,"{""serviceId"":""87697b40-66d1-4a58-89e6-1068a09cbf8c"",""deploymentId"":""d6c8c3b8-3bb6-45c0-bc76-a9729ab89f82"",""deploymentInstanceId"":null}","{""level"":""info"",""source"":""buildkit"",""type"":""log"",""vertex"":""sha256:5123184c115415746b9e45a79609be5df6469d0b755767bd2a7f4b208b8cff02"",""stream"":1,""data"":""W0lORk9dIERvd25sb2FkaW5nIGZyb20gY2VudHJhbDogaHR0cHM6Ly9yZXBvLm1hdmVuLmFwYWNoZS5vcmcvbWF2ZW4yL2Rldi9lcXVvL2lkZS9zb2xzdGljZS8xLjguMS9zb2xzdGljZS0xLjguMS5qYXIK"",""timestamp"":""2026-08-22T15:29:55.310020083Z""}"
"[INFO] Downloading from central: https://repo.maven.apache.org/maven2/com/diffplug/durian/durian-swt.os/4.3.0/durian-swt.os-4.3.0.jar
",2026-08-22T15:29:55.310222707Z,info,"{""serviceId"":""87697b40-66d1-4a58-89e6-1068a09cbf8c"",""deploymentId"":""d6c8c3b8-3bb6-45c0-bc76-a9729ab89f82"",""deploymentInstanceId"":null}","{""level"":""info"",""source"":""buildkit"",""type"":""log"",""vertex"":""sha256:5123184c115415746b9e45a79609be5df6469d0b755767bd2a7f4b208b8cff02"",""stream"":1,""data"":""W0lORk9dIERvd25sb2FkaW5nIGZyb20gY2VudHJhbDogaHR0cHM6Ly9yZXBvLm1hdmVuLmFwYWNoZS5vcmcvbWF2ZW4yL2NvbS9kaWZmcGx1Zy9kdXJpYW4vZHVyaWFuLXN3dC5vcy80LjMuMC9kdXJpYW4tc3d0Lm9zLTQuMy4wLmphcgo="",""timestamp"":""2026-08-22T15:29:55.310222707Z""}"
"[INFO] Downloading from central: https://repo.maven.apache.org/maven2/com/squareup/okhttp3/okhttp/4.12.0/okhttp-4.12.0.jar
",2026-08-22T15:29:55.310364059Z,info,"{""serviceId"":""87697b40-66d1-4a58-89e6-1068a09cbf8c"",""deploymentId"":""d6c8c3b8-3bb6-45c0-bc76-a9729ab89f82"",""deploymentInstanceId"":null}","{""level"":""info"",""source"":""buildkit"",""type"":""log"",""vertex"":""sha256:5123184c115415746b9e45a79609be5df6469d0b755767bd2a7f4b208b8cff02"",""stream"":1,""data"":""W0lORk9dIERvd25sb2FkaW5nIGZyb20gY2VudHJhbDogaHR0cHM6Ly9yZXBvLm1hdmVuLmFwYWNoZS5vcmcvbWF2ZW4yL2NvbS9zcXVhcmV1cC9va2h0dHAzL29raHR0cC80LjEyLjAvb2todHRwLTQuMTIuMC5qYXIK"",""timestamp"":""2026-08-22T15:29:55.310364059Z""}"
"[INFO] Downloaded from central: https://repo.maven.apache.org/maven2/com/diffplug/spotless/spotless-lib-extra/3.3.1/spotless-lib-extra-3.3.1.jar (101 kB at 3.8 MB/s)
[INFO] Downloading from central: https://repo.maven.apache.org/maven2/com/squareup/okio/okio/3.6.0/okio-3.6.0.jar
",2026-08-22T15:29:55.335722186Z,info,"{""serviceId"":""87697b40-66d1-4a58-89e6-1068a09cbf8c"",""deploymentId"":""d6c8c3b8-3bb6-45c0-bc76-a9729ab89f82"",""deploymentInstanceId"":null}","{""level"":""info"",""source"":""buildkit"",""type"":""log"",""vertex"":""sha256:5123184c115415746b9e45a79609be5df6469d0b755767bd2a7f4b208b8cff02"",""stream"":1,""data"":""W0lORk9dIERvd25sb2FkZWQgZnJvbSBjZW50cmFsOiBodHRwczovL3JlcG8ubWF2ZW4uYXBhY2hlLm9yZy9tYXZlbjIvY29tL2RpZmZwbHVnL3Nwb3RsZXNzL3Nwb3RsZXNzLWxpYi1leHRyYS8zLjMuMS9zcG90bGVzcy1saWItZXh0cmEtMy4zLjEuamFyICgxMDEga0IgYXQgMy44IE1CL3MpCltJTkZPXSBEb3dubG9hZGluZyBmcm9tIGNlbnRyYWw6IGh0dHBzOi8vcmVwby5tYXZlbi5hcGFjaGUub3JnL21hdmVuMi9jb20vc3F1YXJldXAvb2tpby9va2lvLzMuNi4wL29raW8tMy42LjAuamFyCg=="",""timestamp"":""2026-08-22T15:29:55.335722186Z""}"
"[INFO] Downloaded from central: https://repo.maven.apache.org/maven2/com/googlecode/concurrent-trees/concurrent-trees/2.6.1/concurrent-trees-2.6.1.jar (120 kB at 4.4 MB/s)
",2026-08-22T15:29:55.336278431Z,info,"{""serviceId"":""87697b40-66d1-4a58-89e6-1068a09cbf8c"",""deploymentId"":""d6c8c3b8-3bb6-45c0-bc76-a9729ab89f82"",""deploymentInstanceId"":null}","{""level"":""info"",""source"":""buildkit"",""type"":""log"",""vertex"":""sha256:5123184c115415746b9e45a79609be5df6469d0b755767bd2a7f4b208b8cff02"",""stream"":1,""data"":""W0lORk9dIERvd25sb2FkZWQgZnJvbSBjZW50cmFsOiBodHRwczovL3JlcG8ubWF2ZW4uYXBhY2hlLm9yZy9tYXZlbjIvY29tL2dvb2dsZWNvZGUvY29uY3VycmVudC10cmVlcy9jb25jdXJyZW50LXRyZWVzLzIuNi4xL2NvbmN1cnJlbnQtdHJlZXMtMi42LjEuamFyICgxMjAga0IgYXQgNC40IE1CL3MpCg=="",""timestamp"":""2026-08-22T15:29:55.336278431Z""}"
"[INFO] Downloading from central: https://repo.maven.apache.org/maven2/com/squareup/okio/okio-jvm/3.6.0/okio-jvm-3.6.0.jar
",2026-08-22T15:29:55.336311029Z,info,"{""serviceId"":""87697b40-66d1-4a58-89e6-1068a09cbf8c"",""deploymentId"":""d6c8c3b8-3bb6-45c0-bc76-a9729ab89f82"",""deploymentInstanceId"":null}","{""level"":""info"",""source"":""buildkit"",""type"":""log"",""vertex"":""sha256:5123184c115415746b9e45a79609be5df6469d0b755767bd2a7f4b208b8cff02"",""stream"":1,""data"":""W0lORk9dIERvd25sb2FkaW5nIGZyb20gY2VudHJhbDogaHR0cHM6Ly9yZXBvLm1hdmVuLmFwYWNoZS5vcmcvbWF2ZW4yL2NvbS9zcXVhcmV1cC9va2lvL29raW8tanZtLzMuNi4wL29raW8tanZtLTMuNi4wLmphcgo="",""timestamp"":""2026-08-22T15:29:55.336311029Z""}"
"[INFO] Downloaded from central: https://repo.maven.apache.org/maven2/com/squareup/okhttp3/okhttp/4.12.0/okhttp-4.12.0.jar (790 kB at 28 MB/s)
[INFO] Downloading from central: https://repo.maven.apache.org/maven2/org/jetbrains/kotlin/kotlin-stdlib-common/1.9.10/kotlin-stdlib-common-1.9.10.jar
",2026-08-22T15:29:55.337371861Z,info,"{""serviceId"":""87697b40-66d1-4a58-89e6-1068a09cbf8c"",""deploymentId"":""d6c8c3b8-3bb6-45c0-bc76-a9729ab89f82"",""deploymentInstanceId"":null}","{""level"":""info"",""source"":""buildkit"",""type"":""log"",""vertex"":""sha256:5123184c115415746b9e45a79609be5df6469d0b755767bd2a7f4b208b8cff02"",""stream"":1,""data"":""W0lORk9dIERvd25sb2FkZWQgZnJvbSBjZW50cmFsOiBodHRwczovL3JlcG8ubWF2ZW4uYXBhY2hlLm9yZy9tYXZlbjIvY29tL3NxdWFyZXVwL29raHR0cDMvb2todHRwLzQuMTIuMC9va2h0dHAtNC4xMi4wLmphciAoNzkwIGtCIGF0IDI4IE1CL3MpCltJTkZPXSBEb3dubG9hZGluZyBmcm9tIGNlbnRyYWw6IGh0dHBzOi8vcmVwby5tYXZlbi5hcGFjaGUub3JnL21hdmVuMi9vcmcvamV0YnJhaW5zL2tvdGxpbi9rb3RsaW4tc3RkbGliLWNvbW1vbi8xLjkuMTAva290bGluLXN0ZGxpYi1jb21tb24tMS45LjEwLmphcgo="",""timestamp"":""2026-08-22T15:29:55.337371861Z""}"
"[INFO] Downloaded from central: https://repo.maven.apache.org/maven2/com/diffplug/durian/durian-swt.os/4.3.0/durian-swt.os-4.3.0.jar (13 kB at 385 kB/s)
[INFO] Downloading from central: https://repo.maven.apache.org/maven2/org/jetbrains/kotlin/kotlin-stdlib-jdk8/1.8.21/kotlin-stdlib-jdk8-1.8.21.jar
",2026-08-22T15:29:55.344151543Z,info,"{""serviceId"":""87697b40-66d1-4a58-89e6-1068a09cbf8c"",""deploymentId"":""d6c8c3b8-3bb6-45c0-bc76-a9729ab89f82"",""deploymentInstanceId"":null}","{""level"":""info"",""source"":""buildkit"",""type"":""log"",""vertex"":""sha256:5123184c115415746b9e45a79609be5df6469d0b755767bd2a7f4b208b8cff02"",""stream"":1,""data"":""W0lORk9dIERvd25sb2FkZWQgZnJvbSBjZW50cmFsOiBodHRwczovL3JlcG8ubWF2ZW4uYXBhY2hlLm9yZy9tYXZlbjIvY29tL2RpZmZwbHVnL2R1cmlhbi9kdXJpYW4tc3d0Lm9zLzQuMy4wL2R1cmlhbi1zd3Qub3MtNC4zLjAuamFyICgxMyBrQiBhdCAzODUga0IvcykKW0lORk9dIERvd25sb2FkaW5nIGZyb20gY2VudHJhbDogaHR0cHM6Ly9yZXBvLm1hdmVuLmFwYWNoZS5vcmcvbWF2ZW4yL29yZy9qZXRicmFpbnMva290bGluL2tvdGxpbi1zdGRsaWItamRrOC8xLjguMjEva290bGluLXN0ZGxpYi1qZGs4LTEuOC4yMS5qYXIK"",""timestamp"":""2026-08-22T15:29:55.344151543Z""}"
"[INFO] Downloaded from central: https://repo.maven.apache.org/maven2/dev/equo/ide/solstice/1.8.1/solstice-1.8.1.jar (415 kB at 9.9 MB/s)
[INFO] Downloading from central: https://repo.maven.apache.org/maven2/org/jetbrains/kotlin/kotlin-stdlib/1.8.21/kotlin-stdlib-1.8.21.jar
",2026-08-22T15:29:55.351551716Z,info,"{""serviceId"":""87697b40-66d1-4a58-89e6-1068a09cbf8c"",""deploymentId"":""d6c8c3b8-3bb6-45c0-bc76-a9729ab89f82"",""deploymentInstanceId"":null}","{""level"":""info"",""source"":""buildkit"",""type"":""log"",""vertex"":""sha256:5123184c115415746b9e45a79609be5df6469d0b755767bd2a7f4b208b8cff02"",""stream"":1,""data"":""W0lORk9dIERvd25sb2FkZWQgZnJvbSBjZW50cmFsOiBodHRwczovL3JlcG8ubWF2ZW4uYXBhY2hlLm9yZy9tYXZlbjIvZGV2L2VxdW8vaWRlL3NvbHN0aWNlLzEuOC4xL3NvbHN0aWNlLTEuOC4xLmphciAoNDE1IGtCIGF0IDkuOSBNQi9zKQpbSU5GT10gRG93bmxvYWRpbmcgZnJvbSBjZW50cmFsOiBodHRwczovL3JlcG8ubWF2ZW4uYXBhY2hlLm9yZy9tYXZlbjIvb3JnL2pldGJyYWlucy9rb3RsaW4va290bGluLXN0ZGxpYi8xLjguMjEva290bGluLXN0ZGxpYi0xLjguMjEuamFyCg=="",""timestamp"":""2026-08-22T15:29:55.351551716Z""}"
"[INFO] Downloaded from central: https://repo.maven.apache.org/maven2/com/squareup/okio/okio/3.6.0/okio-3.6.0.jar (26 kB at 505 kB/s)
[INFO] Downloading from central: https://repo.maven.apache.org/maven2/org/jetbrains/annotations/13.0/annotations-13.0.jar
",2026-08-22T15:29:55.361625351Z,info,"{""serviceId"":""87697b40-66d1-4a58-89e6-1068a09cbf8c"",""deploymentId"":""d6c8c3b8-3bb6-45c0-bc76-a9729ab89f82"",""deploymentInstanceId"":null}","{""level"":""info"",""source"":""buildkit"",""type"":""log"",""vertex"":""sha256:5123184c115415746b9e45a79609be5df6469d0b755767bd2a7f4b208b8cff02"",""stream"":1,""data"":""W0lORk9dIERvd25sb2FkZWQgZnJvbSBjZW50cmFsOiBodHRwczovL3JlcG8ubWF2ZW4uYXBhY2hlLm9yZy9tYXZlbjIvY29tL3NxdWFyZXVwL29raW8vb2tpby8zLjYuMC9va2lvLTMuNi4wLmphciAoMjYga0IgYXQgNTA1IGtCL3MpCltJTkZPXSBEb3dubG9hZGluZyBmcm9tIGNlbnRyYWw6IGh0dHBzOi8vcmVwby5tYXZlbi5hcGFjaGUub3JnL21hdmVuMi9vcmcvamV0YnJhaW5zL2Fubm90YXRpb25zLzEzLjAvYW5ub3RhdGlvbnMtMTMuMC5qYXIK"",""timestamp"":""2026-08-22T15:29:55.361625351Z""}"
"[INFO] Downloaded from central: https://repo.maven.apache.org/maven2/org/jetbrains/kotlin/kotlin-stdlib-common/1.9.10/kotlin-stdlib-common-1.9.10.jar (225 kB at 4.2 MB/s)
[INFO] Downloading from central: https://repo.maven.apache.org/maven2/org/jetbrains/kotlin/kotlin-stdlib-jdk7/1.8.21/kotlin-stdlib-jdk7-1.8.21.jar
",2026-08-22T15:29:55.364341646Z,info,"{""serviceId"":""87697b40-66d1-4a58-89e6-1068a09cbf8c"",""deploymentId"":""d6c8c3b8-3bb6-45c0-bc76-a9729ab89f82"",""deploymentInstanceId"":null}","{""level"":""info"",""source"":""buildkit"",""type"":""log"",""vertex"":""sha256:5123184c115415746b9e45a79609be5df6469d0b755767bd2a7f4b208b8cff02"",""stream"":1,""data"":""W0lORk9dIERvd25sb2FkZWQgZnJvbSBjZW50cmFsOiBodHRwczovL3JlcG8ubWF2ZW4uYXBhY2hlLm9yZy9tYXZlbjIvb3JnL2pldGJyYWlucy9rb3RsaW4va290bGluLXN0ZGxpYi1jb21tb24vMS45LjEwL2tvdGxpbi1zdGRsaWItY29tbW9uLTEuOS4xMC5qYXIgKDIyNSBrQiBhdCA0LjIgTUIvcykKW0lORk9dIERvd25sb2FkaW5nIGZyb20gY2VudHJhbDogaHR0cHM6Ly9yZXBvLm1hdmVuLmFwYWNoZS5vcmcvbWF2ZW4yL29yZy9qZXRicmFpbnMva290bGluL2tvdGxpbi1zdGRsaWItamRrNy8xLjguMjEva290bGluLXN0ZGxpYi1qZGs3LTEuOC4yMS5qYXIK"",""timestamp"":""2026-08-22T15:29:55.364341646Z""}"
"[INFO] Downloaded from central: https://repo.maven.apache.org/maven2/com/squareup/okio/okio-jvm/3.6.0/okio-jvm-3.6.0.jar (360 kB at 5.4 MB/s)
[INFO] Downloading from central: https://repo.maven.apache.org/maven2/org/eclipse/platform/org.eclipse.osgi/3.23.100/org.eclipse.osgi-3.23.100.jar
",2026-08-22T15:29:55.377179038Z,info,"{""serviceId"":""87697b40-66d1-4a58-89e6-1068a09cbf8c"",""deploymentId"":""d6c8c3b8-3bb6-45c0-bc76-a9729ab89f82"",""deploymentInstanceId"":null}","{""level"":""info"",""source"":""buildkit"",""type"":""log"",""vertex"":""sha256:5123184c115415746b9e45a79609be5df6469d0b755767bd2a7f4b208b8cff02"",""stream"":1,""data"":""W0lORk9dIERvd25sb2FkZWQgZnJvbSBjZW50cmFsOiBodHRwczovL3JlcG8ubWF2ZW4uYXBhY2hlLm9yZy9tYXZlbjIvY29tL3NxdWFyZXVwL29raW8vb2tpby1qdm0vMy42LjAvb2tpby1qdm0tMy42LjAuamFyICgzNjAga0IgYXQgNS40IE1CL3MpCltJTkZPXSBEb3dubG9hZGluZyBmcm9tIGNlbnRyYWw6IGh0dHBzOi8vcmVwby5tYXZlbi5hcGFjaGUub3JnL21hdmVuMi9vcmcvZWNsaXBzZS9wbGF0Zm9ybS9vcmcuZWNsaXBzZS5vc2dpLzMuMjMuMTAwL29yZy5lY2xpcHNlLm9zZ2ktMy4yMy4xMDAuamFyCg=="",""timestamp"":""2026-08-22T15:29:55.377179038Z""}"
"[INFO] Downloaded from central: https://repo.maven.apache.org/maven2/org/jetbrains/kotlin/kotlin-stdlib-jdk8/1.8.21/kotlin-stdlib-jdk8-1.8.21.jar (968 B at 14 kB/s)
",2026-08-22T15:29:55.377966199Z,info,"{""serviceId"":""87697b40-66d1-4a58-89e6-1068a09cbf8c"",""deploymentId"":""d6c8c3b8-3bb6-45c0-bc76-a9729ab89f82"",""deploymentInstanceId"":null}","{""level"":""info"",""source"":""buildkit"",""type"":""log"",""vertex"":""sha256:5123184c115415746b9e45a79609be5df6469d0b755767bd2a7f4b208b8cff02"",""stream"":1,""data"":""W0lORk9dIERvd25sb2FkZWQgZnJvbSBjZW50cmFsOiBodHRwczovL3JlcG8ubWF2ZW4uYXBhY2hlLm9yZy9tYXZlbjIvb3JnL2pldGJyYWlucy9rb3RsaW4va290bGluLXN0ZGxpYi1qZGs4LzEuOC4yMS9rb3RsaW4tc3RkbGliLWpkazgtMS44LjIxLmphciAoOTY4IEIgYXQgMTQga0IvcykK"",""timestamp"":""2026-08-22T15:29:55.377966199Z""}"
"[INFO] Downloading from central: https://repo.maven.apache.org/maven2/com/diffplug/durian/durian-core/1.2.0/durian-core-1.2.0.jar
",2026-08-22T15:29:55.377982403Z,info,"{""serviceId"":""87697b40-66d1-4a58-89e6-1068a09cbf8c"",""deploymentId"":""d6c8c3b8-3bb6-45c0-bc76-a9729ab89f82"",""deploymentInstanceId"":null}","{""level"":""info"",""source"":""buildkit"",""type"":""log"",""vertex"":""sha256:5123184c115415746b9e45a79609be5df6469d0b755767bd2a7f4b208b8cff02"",""stream"":1,""data"":""W0lORk9dIERvd25sb2FkaW5nIGZyb20gY2VudHJhbDogaHR0cHM6Ly9yZXBvLm1hdmVuLmFwYWNoZS5vcmcvbWF2ZW4yL2NvbS9kaWZmcGx1Zy9kdXJpYW4vZHVyaWFuLWNvcmUvMS4yLjAvZHVyaWFuLWNvcmUtMS4yLjAuamFyCg=="",""timestamp"":""2026-08-22T15:29:55.377982403Z""}"
"[INFO] Downloaded from central: https://repo.maven.apache.org/maven2/org/jetbrains/annotations/13.0/annotations-13.0.jar (18 kB at 231 kB/s)
[INFO] Downloading from central: https://repo.maven.apache.org/maven2/com/diffplug/durian/durian-io/1.2.0/durian-io-1.2.0.jar
",2026-08-22T15:29:55.386318911Z,info,"{""serviceId"":""87697b40-66d1-4a58-89e6-1068a09cbf8c"",""deploymentId"":""d6c8c3b8-3bb6-45c0-bc76-a9729ab89f82"",""deploymentInstanceId"":null}","{""level"":""info"",""source"":""buildkit"",""type"":""log"",""vertex"":""sha256:5123184c115415746b9e45a79609be5df6469d0b755767bd2a7f4b208b8cff02"",""stream"":1,""data"":""W0lORk9dIERvd25sb2FkZWQgZnJvbSBjZW50cmFsOiBodHRwczovL3JlcG8ubWF2ZW4uYXBhY2hlLm9yZy9tYXZlbjIvb3JnL2pldGJyYWlucy9hbm5vdGF0aW9ucy8xMy4wL2Fubm90YXRpb25zLTEzLjAuamFyICgxOCBrQiBhdCAyMzEga0IvcykKW0lORk9dIERvd25sb2FkaW5nIGZyb20gY2VudHJhbDogaHR0cHM6Ly9yZXBvLm1hdmVuLmFwYWNoZS5vcmcvbWF2ZW4yL2NvbS9kaWZmcGx1Zy9kdXJpYW4vZHVyaWFuLWlvLzEuMi4wL2R1cmlhbi1pby0xLjIuMC5qYXIK"",""timestamp"":""2026-08-22T15:29:55.386318911Z""}"
"[INFO] Downloaded from central: https://repo.maven.apache.org/maven2/org/jetbrains/kotlin/kotlin-stdlib-jdk7/1.8.21/kotlin-stdlib-jdk7-1.8.21.jar (963 B at 13 kB/s)
[INFO] Downloading from central: https://repo.maven.apache.org/maven2/com/diffplug/durian/durian-collect/1.2.0/durian-collect-1.2.0.jar
",2026-08-22T15:29:55.387850178Z,info,"{""serviceId"":""87697b40-66d1-4a58-89e6-1068a09cbf8c"",""deploymentId"":""d6c8c3b8-3bb6-45c0-bc76-a9729ab89f82"",""deploymentInstanceId"":null}","{""level"":""info"",""source"":""buildkit"",""type"":""log"",""vertex"":""sha256:5123184c115415746b9e45a79609be5df6469d0b755767bd2a7f4b208b8cff02"",""stream"":1,""data"":""W0lORk9dIERvd25sb2FkZWQgZnJvbSBjZW50cmFsOiBodHRwczovL3JlcG8ubWF2ZW4uYXBhY2hlLm9yZy9tYXZlbjIvb3JnL2pldGJyYWlucy9rb3RsaW4va290bGluLXN0ZGxpYi1qZGs3LzEuOC4yMS9rb3RsaW4tc3RkbGliLWpkazctMS44LjIxLmphciAoOTYzIEIgYXQgMTMga0IvcykKW0lORk9dIERvd25sb2FkaW5nIGZyb20gY2VudHJhbDogaHR0cHM6Ly9yZXBvLm1hdmVuLmFwYWNoZS5vcmcvbWF2ZW4yL2NvbS9kaWZmcGx1Zy9kdXJpYW4vZHVyaWFuLWNvbGxlY3QvMS4yLjAvZHVyaWFuLWNvbGxlY3QtMS4yLjAuamFyCg=="",""timestamp"":""2026-08-22T15:29:55.387850178Z""}"
"[INFO] Downloaded from central: https://repo.maven.apache.org/maven2/org/jetbrains/kotlin/kotlin-stdlib/1.8.21/kotlin-stdlib-1.8.21.jar (1.7 MB at 17 MB/s)
[INFO] Downloading from central: https://repo.maven.apache.org/maven2/org/codehaus/plexus/plexus-resources/1.3.0/plexus-resources-1.3.0.jar
",2026-08-22T15:29:55.408147342Z,info,"{""serviceId"":""87697b40-66d1-4a58-89e6-1068a09cbf8c"",""deploymentId"":""d6c8c3b8-3bb6-45c0-bc76-a9729ab89f82"",""deploymentInstanceId"":null}","{""level"":""info"",""source"":""buildkit"",""type"":""log"",""vertex"":""sha256:5123184c115415746b9e45a79609be5df6469d0b755767bd2a7f4b208b8cff02"",""stream"":1,""data"":""W0lORk9dIERvd25sb2FkZWQgZnJvbSBjZW50cmFsOiBodHRwczovL3JlcG8ubWF2ZW4uYXBhY2hlLm9yZy9tYXZlbjIvb3JnL2pldGJyYWlucy9rb3RsaW4va290bGluLXN0ZGxpYi8xLjguMjEva290bGluLXN0ZGxpYi0xLjguMjEuamFyICgxLjcgTUIgYXQgMTcgTUIvcykKW0lORk9dIERvd25sb2FkaW5nIGZyb20gY2VudHJhbDogaHR0cHM6Ly9yZXBvLm1hdmVuLmFwYWNoZS5vcmcvbWF2ZW4yL29yZy9jb2RlaGF1cy9wbGV4dXMvcGxleHVzLXJlc291cmNlcy8xLjMuMC9wbGV4dXMtcmVzb3VyY2VzLTEuMy4wLmphcgo="",""timestamp"":""2026-08-22T15:29:55.408147342Z""}"
"[INFO] Downloaded from central: https://repo.maven.apache.org/maven2/com/diffplug/durian/durian-io/1.2.0/durian-io-1.2.0.jar (187 kB at 1.9 MB/s)
[INFO] Downloading from central: https://repo.maven.apache.org/maven2/org/codehaus/plexus/plexus-utils/4.0.0/plexus-utils-4.0.0.jar
",2026-08-22T15:29:55.410566882Z,info,"{""serviceId"":""87697b40-66d1-4a58-89e6-1068a09cbf8c"",""deploymentId"":""d6c8c3b8-3bb6-45c0-bc76-a9729ab89f82"",""deploymentInstanceId"":null}","{""level"":""info"",""source"":""buildkit"",""type"":""log"",""vertex"":""sha256:5123184c115415746b9e45a79609be5df6469d0b755767bd2a7f4b208b8cff02"",""stream"":1,""data"":""W0lORk9dIERvd25sb2FkZWQgZnJvbSBjZW50cmFsOiBodHRwczovL3JlcG8ubWF2ZW4uYXBhY2hlLm9yZy9tYXZlbjIvY29tL2RpZmZwbHVnL2R1cmlhbi9kdXJpYW4taW8vMS4yLjAvZHVyaWFuLWlvLTEuMi4wLmphciAoMTg3IGtCIGF0IDEuOSBNQi9zKQpbSU5GT10gRG93bmxvYWRpbmcgZnJvbSBjZW50cmFsOiBodHRwczovL3JlcG8ubWF2ZW4uYXBhY2hlLm9yZy9tYXZlbjIvb3JnL2NvZGVoYXVzL3BsZXh1cy9wbGV4dXMtdXRpbHMvNC4wLjAvcGxleHVzLXV0aWxzLTQuMC4wLmphcgo="",""timestamp"":""2026-08-22T15:29:55.410566882Z""}"
"[INFO] Downloaded from central: https://repo.maven.apache.org/maven2/com/diffplug/durian/durian-core/1.2.0/durian-core-1.2.0.jar (344 kB at 3.4 MB/s)
[INFO] Downloading from central: https://repo.maven.apache.org/maven2/org/codehaus/plexus/plexus-xml/3.0.0/plexus-xml-3.0.0.jar
",2026-08-22T15:29:55.412490268Z,info,"{""serviceId"":""87697b40-66d1-4a58-89e6-1068a09cbf8c"",""deploymentId"":""d6c8c3b8-3bb6-45c0-bc76-a9729ab89f82"",""deploymentInstanceId"":null}","{""level"":""info"",""source"":""buildkit"",""type"":""log"",""vertex"":""sha256:5123184c115415746b9e45a79609be5df6469d0b755767bd2a7f4b208b8cff02"",""stream"":1,""data"":""W0lORk9dIERvd25sb2FkZWQgZnJvbSBjZW50cmFsOiBodHRwczovL3JlcG8ubWF2ZW4uYXBhY2hlLm9yZy9tYXZlbjIvY29tL2RpZmZwbHVnL2R1cmlhbi9kdXJpYW4tY29yZS8xLjIuMC9kdXJpYW4tY29yZS0xLjIuMC5qYXIgKDM0NCBrQiBhdCAzLjQgTUIvcykKW0lORk9dIERvd25sb2FkaW5nIGZyb20gY2VudHJhbDogaHR0cHM6Ly9yZXBvLm1hdmVuLmFwYWNoZS5vcmcvbWF2ZW4yL29yZy9jb2RlaGF1cy9wbGV4dXMvcGxleHVzLXhtbC8zLjAuMC9wbGV4dXMteG1sLTMuMC4wLmphcgo="",""timestamp"":""2026-08-22T15:29:55.412490268Z""}"
"[INFO] Downloaded from central: https://repo.maven.apache.org/maven2/com/diffplug/durian/durian-collect/1.2.0/durian-collect-1.2.0.jar (1.2 MB at 11 MB/s)
[INFO] Downloading from central: https://repo.maven.apache.org/maven2/org/eclipse/jgit/org.eclipse.jgit/6.10.1.202505221210-r/org.eclipse.jgit-6.10.1.202505221210-r.jar
",2026-08-22T15:29:55.424942812Z,info,"{""serviceId"":""87697b40-66d1-4a58-89e6-1068a09cbf8c"",""deploymentId"":""d6c8c3b8-3bb6-45c0-bc76-a9729ab89f82"",""deploymentInstanceId"":null}","{""level"":""info"",""source"":""buildkit"",""type"":""log"",""vertex"":""sha256:5123184c115415746b9e45a79609be5df6469d0b755767bd2a7f4b208b8cff02"",""stream"":1,""data"":""W0lORk9dIERvd25sb2FkZWQgZnJvbSBjZW50cmFsOiBodHRwczovL3JlcG8ubWF2ZW4uYXBhY2hlLm9yZy9tYXZlbjIvY29tL2RpZmZwbHVnL2R1cmlhbi9kdXJpYW4tY29sbGVjdC8xLjIuMC9kdXJpYW4tY29sbGVjdC0xLjIuMC5qYXIgKDEuMiBNQiBhdCAxMSBNQi9zKQpbSU5GT10gRG93bmxvYWRpbmcgZnJvbSBjZW50cmFsOiBodHRwczovL3JlcG8ubWF2ZW4uYXBhY2hlLm9yZy9tYXZlbjIvb3JnL2VjbGlwc2UvamdpdC9vcmcuZWNsaXBzZS5qZ2l0LzYuMTAuMS4yMDI1MDUyMjEyMTAtci9vcmcuZWNsaXBzZS5qZ2l0LTYuMTAuMS4yMDI1MDUyMjEyMTAtci5qYXIK"",""timestamp"":""2026-08-22T15:29:55.424942812Z""}"
"[INFO] Downloaded from central: https://repo.maven.apache.org/maven2/org/eclipse/platform/org.eclipse.osgi/3.23.100/org.eclipse.osgi-3.23.100.jar (1.6 MB at 14 MB/s)
[INFO] Downloading from central: https://repo.maven.apache.org/maven2/com/googlecode/javaewah/JavaEWAH/1.2.3/JavaEWAH-1.2.3.jar
",2026-08-22T15:29:55.425835882Z,info,"{""serviceId"":""87697b40-66d1-4a58-89e6-1068a09cbf8c"",""deploymentId"":""d6c8c3b8-3bb6-45c0-bc76-a9729ab89f82"",""deploymentInstanceId"":null}","{""level"":""info"",""source"":""buildkit"",""type"":""log"",""vertex"":""sha256:5123184c115415746b9e45a79609be5df6469d0b755767bd2a7f4b208b8cff02"",""stream"":1,""data"":""W0lORk9dIERvd25sb2FkZWQgZnJvbSBjZW50cmFsOiBodHRwczovL3JlcG8ubWF2ZW4uYXBhY2hlLm9yZy9tYXZlbjIvb3JnL2VjbGlwc2UvcGxhdGZvcm0vb3JnLmVjbGlwc2Uub3NnaS8zLjIzLjEwMC9vcmcuZWNsaXBzZS5vc2dpLTMuMjMuMTAwLmphciAoMS42IE1CIGF0IDE0IE1CL3MpCltJTkZPXSBEb3dubG9hZGluZyBmcm9tIGNlbnRyYWw6IGh0dHBzOi8vcmVwby5tYXZlbi5hcGFjaGUub3JnL21hdmVuMi9jb20vZ29vZ2xlY29kZS9qYXZhZXdhaC9KYXZhRVdBSC8xLjIuMy9KYXZhRVdBSC0xLjIuMy5qYXIK"",""timestamp"":""2026-08-22T15:29:55.425835882Z""}"
"[INFO] Downloaded from central: https://repo.maven.apache.org/maven2/org/codehaus/plexus/plexus-resources/1.3.0/plexus-resources-1.3.0.jar (23 kB at 182 kB/s)
",2026-08-22T15:29:55.436905992Z,info,"{""serviceId"":""87697b40-66d1-4a58-89e6-1068a09cbf8c"",""deploymentId"":""d6c8c3b8-3bb6-45c0-bc76-a9729ab89f82"",""deploymentInstanceId"":null}","{""level"":""info"",""source"":""buildkit"",""type"":""log"",""vertex"":""sha256:5123184c115415746b9e45a79609be5df6469d0b755767bd2a7f4b208b8cff02"",""stream"":1,""data"":""W0lORk9dIERvd25sb2FkZWQgZnJvbSBjZW50cmFsOiBodHRwczovL3JlcG8ubWF2ZW4uYXBhY2hlLm9yZy9tYXZlbjIvb3JnL2NvZGVoYXVzL3BsZXh1cy9wbGV4dXMtcmVzb3VyY2VzLzEuMy4wL3BsZXh1cy1yZXNvdXJjZXMtMS4zLjAuamFyICgyMyBrQiBhdCAxODIga0IvcykK"",""timestamp"":""2026-08-22T15:29:55.436905992Z""}"
"[INFO] Downloaded from central: https://repo.maven.apache.org/maven2/org/codehaus/plexus/plexus-utils/4.0.0/plexus-utils-4.0.0.jar (192 kB at 1.5 MB/s)
",2026-08-22T15:29:55.44001791Z,info,"{""serviceId"":""87697b40-66d1-4a58-89e6-1068a09cbf8c"",""deploymentId"":""d6c8c3b8-3bb6-45c0-bc76-a9729ab89f82"",""deploymentInstanceId"":null}","{""level"":""info"",""source"":""buildkit"",""type"":""log"",""vertex"":""sha256:5123184c115415746b9e45a79609be5df6469d0b755767bd2a7f4b208b8cff02"",""stream"":1,""data"":""W0lORk9dIERvd25sb2FkZWQgZnJvbSBjZW50cmFsOiBodHRwczovL3JlcG8ubWF2ZW4uYXBhY2hlLm9yZy9tYXZlbjIvb3JnL2NvZGVoYXVzL3BsZXh1cy9wbGV4dXMtdXRpbHMvNC4wLjAvcGxleHVzLXV0aWxzLTQuMC4wLmphciAoMTkyIGtCIGF0IDEuNSBNQi9zKQo="",""timestamp"":""2026-08-22T15:29:55.44001791Z""}"
"[INFO] Downloaded from central: https://repo.maven.apache.org/maven2/org/codehaus/plexus/plexus-xml/3.0.0/plexus-xml-3.0.0.jar (93 kB at 710 kB/s)
",2026-08-22T15:29:55.441632914Z,info,"{""serviceId"":""87697b40-66d1-4a58-89e6-1068a09cbf8c"",""deploymentId"":""d6c8c3b8-3bb6-45c0-bc76-a9729ab89f82"",""deploymentInstanceId"":null}","{""level"":""info"",""source"":""buildkit"",""type"":""log"",""vertex"":""sha256:5123184c115415746b9e45a79609be5df6469d0b755767bd2a7f4b208b8cff02"",""stream"":1,""data"":""W0lORk9dIERvd25sb2FkZWQgZnJvbSBjZW50cmFsOiBodHRwczovL3JlcG8ubWF2ZW4uYXBhY2hlLm9yZy9tYXZlbjIvb3JnL2NvZGVoYXVzL3BsZXh1cy9wbGV4dXMteG1sLzMuMC4wL3BsZXh1cy14bWwtMy4wLjAuamFyICg5MyBrQiBhdCA3MTAga0IvcykK"",""timestamp"":""2026-08-22T15:29:55.441632914Z""}"
"[INFO] Downloaded from central: https://repo.maven.apache.org/maven2/com/googlecode/javaewah/JavaEWAH/1.2.3/JavaEWAH-1.2.3.jar (171 kB at 1.2 MB/s)
",2026-08-22T15:29:55.451676984Z,info,"{""serviceId"":""87697b40-66d1-4a58-89e6-1068a09cbf8c"",""deploymentId"":""d6c8c3b8-3bb6-45c0-bc76-a9729ab89f82"",""deploymentInstanceId"":null}","{""level"":""info"",""source"":""buildkit"",""type"":""log"",""vertex"":""sha256:5123184c115415746b9e45a79609be5df6469d0b755767bd2a7f4b208b8cff02"",""stream"":1,""data"":""W0lORk9dIERvd25sb2FkZWQgZnJvbSBjZW50cmFsOiBodHRwczovL3JlcG8ubWF2ZW4uYXBhY2hlLm9yZy9tYXZlbjIvY29tL2dvb2dsZWNvZGUvamF2YWV3YWgvSmF2YUVXQUgvMS4yLjMvSmF2YUVXQUgtMS4yLjMuamFyICgxNzEga0IgYXQgMS4yIE1CL3MpCg=="",""timestamp"":""2026-08-22T15:29:55.451676984Z""}"
"[INFO] Downloaded from central: https://repo.maven.apache.org/maven2/org/eclipse/jgit/org.eclipse.jgit/6.10.1.202505221210-r/org.eclipse.jgit-6.10.1.202505221210-r.jar (3.2 MB at 19 MB/s)
",2026-08-22T15:29:55.481347371Z,info,"{""serviceId"":""87697b40-66d1-4a58-89e6-1068a09cbf8c"",""deploymentId"":""d6c8c3b8-3bb6-45c0-bc76-a9729ab89f82"",""deploymentInstanceId"":null}","{""level"":""info"",""source"":""buildkit"",""type"":""log"",""vertex"":""sha256:5123184c115415746b9e45a79609be5df6469d0b755767bd2a7f4b208b8cff02"",""stream"":1,""data"":""W0lORk9dIERvd25sb2FkZWQgZnJvbSBjZW50cmFsOiBodHRwczovL3JlcG8ubWF2ZW4uYXBhY2hlLm9yZy9tYXZlbjIvb3JnL2VjbGlwc2UvamdpdC9vcmcuZWNsaXBzZS5qZ2l0LzYuMTAuMS4yMDI1MDUyMjEyMTAtci9vcmcuZWNsaXBzZS5qZ2l0LTYuMTAuMS4yMDI1MDUyMjEyMTAtci5qYXIgKDMuMiBNQiBhdCAxOSBNQi9zKQo="",""timestamp"":""2026-08-22T15:29:55.481347371Z""}"
"[INFO] Downloading from central: https://repo.maven.apache.org/maven2/com/diffplug/durian/durian-swt.os/4.3.1/durian-swt.os-4.3.1.pom
",2026-08-22T15:29:59.592194599Z,info,"{""serviceId"":""87697b40-66d1-4a58-89e6-1068a09cbf8c"",""deploymentId"":""d6c8c3b8-3bb6-45c0-bc76-a9729ab89f82"",""deploymentInstanceId"":null}","{""level"":""info"",""source"":""buildkit"",""type"":""log"",""vertex"":""sha256:5123184c115415746b9e45a79609be5df6469d0b755767bd2a7f4b208b8cff02"",""stream"":1,""data"":""W0lORk9dIERvd25sb2FkaW5nIGZyb20gY2VudHJhbDogaHR0cHM6Ly9yZXBvLm1hdmVuLmFwYWNoZS5vcmcvbWF2ZW4yL2NvbS9kaWZmcGx1Zy9kdXJpYW4vZHVyaWFuLXN3dC5vcy80LjMuMS9kdXJpYW4tc3d0Lm9zLTQuMy4xLnBvbQo="",""timestamp"":""2026-08-22T15:29:59.592194599Z""}"
"[INFO] Downloaded from central: https://repo.maven.apache.org/maven2/com/diffplug/durian/durian-swt.os/4.3.1/durian-swt.os-4.3.1.pom (1.6 kB at 60 kB/s)
",2026-08-22T15:29:59.618310644Z,info,"{""serviceId"":""87697b40-66d1-4a58-89e6-1068a09cbf8c"",""deploymentId"":""d6c8c3b8-3bb6-45c0-bc76-a9729ab89f82"",""deploymentInstanceId"":null}","{""level"":""info"",""source"":""buildkit"",""type"":""log"",""vertex"":""sha256:5123184c115415746b9e45a79609be5df6469d0b755767bd2a7f4b208b8cff02"",""stream"":1,""data"":""W0lORk9dIERvd25sb2FkZWQgZnJvbSBjZW50cmFsOiBodHRwczovL3JlcG8ubWF2ZW4uYXBhY2hlLm9yZy9tYXZlbjIvY29tL2RpZmZwbHVnL2R1cmlhbi9kdXJpYW4tc3d0Lm9zLzQuMy4xL2R1cmlhbi1zd3Qub3MtNC4zLjEucG9tICgxLjYga0IgYXQgNjAga0IvcykK"",""timestamp"":""2026-08-22T15:29:59.618310644Z""}"
"[INFO] Downloading from central: https://repo.maven.apache.org/maven2/net/java/dev/jna/jna-platform/5.16.0/jna-platform-5.16.0.pom
",2026-08-22T15:29:59.619878115Z,info,"{""serviceId"":""87697b40-66d1-4a58-89e6-1068a09cbf8c"",""deploymentId"":""d6c8c3b8-3bb6-45c0-bc76-a9729ab89f82"",""deploymentInstanceId"":null}","{""level"":""info"",""source"":""buildkit"",""type"":""log"",""vertex"":""sha256:5123184c115415746b9e45a79609be5df6469d0b755767bd2a7f4b208b8cff02"",""stream"":1,""data"":""W0lORk9dIERvd25sb2FkaW5nIGZyb20gY2VudHJhbDogaHR0cHM6Ly9yZXBvLm1hdmVuLmFwYWNoZS5vcmcvbWF2ZW4yL25ldC9qYXZhL2Rldi9qbmEvam5hLXBsYXRmb3JtLzUuMTYuMC9qbmEtcGxhdGZvcm0tNS4xNi4wLnBvbQo="",""timestamp"":""2026-08-22T15:29:59.619878115Z""}"
"[INFO] Downloaded from central: https://repo.maven.apache.org/maven2/net/java/dev/jna/jna-platform/5.16.0/jna-platform-5.16.0.pom (2.3 kB at 73 kB/s)
",2026-08-22T15:29:59.651143426Z,info,"{""serviceId"":""87697b40-66d1-4a58-89e6-1068a09cbf8c"",""deploymentId"":""d6c8c3b8-3bb6-45c0-bc76-a9729ab89f82"",""deploymentInstanceId"":null}","{""level"":""info"",""source"":""buildkit"",""type"":""log"",""vertex"":""sha256:5123184c115415746b9e45a79609be5df6469d0b755767bd2a7f4b208b8cff02"",""stream"":1,""data"":""W0lORk9dIERvd25sb2FkZWQgZnJvbSBjZW50cmFsOiBodHRwczovL3JlcG8ubWF2ZW4uYXBhY2hlLm9yZy9tYXZlbjIvbmV0L2phdmEvZGV2L2puYS9qbmEtcGxhdGZvcm0vNS4xNi4wL2puYS1wbGF0Zm9ybS01LjE2LjAucG9tICgyLjMga0IgYXQgNzMga0IvcykK"",""timestamp"":""2026-08-22T15:29:59.651143426Z""}"
"[INFO] Downloading from central: https://repo.maven.apache.org/maven2/org/apache/felix/org.apache.felix.scr/2.2.12/org.apache.felix.scr-2.2.12.pom
",2026-08-22T15:29:59.652353932Z,info,"{""serviceId"":""87697b40-66d1-4a58-89e6-1068a09cbf8c"",""deploymentId"":""d6c8c3b8-3bb6-45c0-bc76-a9729ab89f82"",""deploymentInstanceId"":null}","{""level"":""info"",""source"":""buildkit"",""type"":""log"",""vertex"":""sha256:5123184c115415746b9e45a79609be5df6469d0b755767bd2a7f4b208b8cff02"",""stream"":1,""data"":""W0lORk9dIERvd25sb2FkaW5nIGZyb20gY2VudHJhbDogaHR0cHM6Ly9yZXBvLm1hdmVuLmFwYWNoZS5vcmcvbWF2ZW4yL29yZy9hcGFjaGUvZmVsaXgvb3JnLmFwYWNoZS5mZWxpeC5zY3IvMi4yLjEyL29yZy5hcGFjaGUuZmVsaXguc2NyLTIuMi4xMi5wb20K"",""timestamp"":""2026-08-22T15:29:59.652353932Z""}"
"[INFO] Downloaded from central: https://repo.maven.apache.org/maven2/org/apache/felix/org.apache.felix.scr/2.2.12/org.apache.felix.scr-2.2.12.pom (15 kB at 497 kB/s)
",2026-08-22T15:29:59.68272489Z,info,"{""serviceId"":""87697b40-66d1-4a58-89e6-1068a09cbf8c"",""deploymentId"":""d6c8c3b8-3bb6-45c0-bc76-a9729ab89f82"",""deploymentInstanceId"":null}","{""level"":""info"",""source"":""buildkit"",""type"":""log"",""vertex"":""sha256:5123184c115415746b9e45a79609be5df6469d0b755767bd2a7f4b208b8cff02"",""stream"":1,""data"":""W0lORk9dIERvd25sb2FkZWQgZnJvbSBjZW50cmFsOiBodHRwczovL3JlcG8ubWF2ZW4uYXBhY2hlLm9yZy9tYXZlbjIvb3JnL2FwYWNoZS9mZWxpeC9vcmcuYXBhY2hlLmZlbGl4LnNjci8yLjIuMTIvb3JnLmFwYWNoZS5mZWxpeC5zY3ItMi4yLjEyLnBvbSAoMTUga0IgYXQgNDk3IGtCL3MpCg=="",""timestamp"":""2026-08-22T15:29:59.68272489Z""}"
"[INFO] Downloading from central: https://repo.maven.apache.org/maven2/org/apache/felix/felix-parent/8/felix-parent-8.pom
",2026-08-22T15:29:59.684221466Z,info,"{""serviceId"":""87697b40-66d1-4a58-89e6-1068a09cbf8c"",""deploymentId"":""d6c8c3b8-3bb6-45c0-bc76-a9729ab89f82"",""deploymentInstanceId"":null}","{""level"":""info"",""source"":""buildkit"",""type"":""log"",""vertex"":""sha256:5123184c115415746b9e45a79609be5df6469d0b755767bd2a7f4b208b8cff02"",""stream"":1,""data"":""W0lORk9dIERvd25sb2FkaW5nIGZyb20gY2VudHJhbDogaHR0cHM6Ly9yZXBvLm1hdmVuLmFwYWNoZS5vcmcvbWF2ZW4yL29yZy9hcGFjaGUvZmVsaXgvZmVsaXgtcGFyZW50LzgvZmVsaXgtcGFyZW50LTgucG9tCg=="",""timestamp"":""2026-08-22T15:29:59.684221466Z""}"
"[INFO] Downloaded from central: https://repo.maven.apache.org/maven2/org/apache/felix/felix-parent/8/felix-parent-8.pom (20 kB at 704 kB/s)
",2026-08-22T15:29:59.712665012Z,info,"{""serviceId"":""87697b40-66d1-4a58-89e6-1068a09cbf8c"",""deploymentId"":""d6c8c3b8-3bb6-45c0-bc76-a9729ab89f82"",""deploymentInstanceId"":null}","{""level"":""info"",""source"":""buildkit"",""type"":""log"",""vertex"":""sha256:5123184c115415746b9e45a79609be5df6469d0b755767bd2a7f4b208b8cff02"",""stream"":1,""data"":""W0lORk9dIERvd25sb2FkZWQgZnJvbSBjZW50cmFsOiBodHRwczovL3JlcG8ubWF2ZW4uYXBhY2hlLm9yZy9tYXZlbjIvb3JnL2FwYWNoZS9mZWxpeC9mZWxpeC1wYXJlbnQvOC9mZWxpeC1wYXJlbnQtOC5wb20gKDIwIGtCIGF0IDcwNCBrQi9zKQo="",""timestamp"":""2026-08-22T15:29:59.712665012Z""}"
"[INFO] Downloading from central: https://repo.maven.apache.org/maven2/org/eclipse/platform/org.eclipse.core.commands/3.12.300/org.eclipse.core.commands-3.12.300.pom
",2026-08-22T15:29:59.7148428Z,info,"{""serviceId"":""87697b40-66d1-4a58-89e6-1068a09cbf8c"",""deploymentId"":""d6c8c3b8-3bb6-45c0-bc76-a9729ab89f82"",""deploymentInstanceId"":null}","{""level"":""info"",""source"":""buildkit"",""type"":""log"",""vertex"":""sha256:5123184c115415746b9e45a79609be5df6469d0b755767bd2a7f4b208b8cff02"",""stream"":1,""data"":""W0lORk9dIERvd25sb2FkaW5nIGZyb20gY2VudHJhbDogaHR0cHM6Ly9yZXBvLm1hdmVuLmFwYWNoZS5vcmcvbWF2ZW4yL29yZy9lY2xpcHNlL3BsYXRmb3JtL29yZy5lY2xpcHNlLmNvcmUuY29tbWFuZHMvMy4xMi4zMDAvb3JnLmVjbGlwc2UuY29yZS5jb21tYW5kcy0zLjEyLjMwMC5wb20K"",""timestamp"":""2026-08-22T15:29:59.7148428Z""}"
"[INFO] Downloaded from central: https://repo.maven.apache.org/maven2/org/eclipse/platform/org.eclipse.core.commands/3.12.300/org.eclipse.core.commands-3.12.300.pom (1.6 kB at 59 kB/s)
",2026-08-22T15:29:59.742199335Z,info,"{""serviceId"":""87697b40-66d1-4a58-89e6-1068a09cbf8c"",""deploymentId"":""d6c8c3b8-3bb6-45c0-bc76-a9729ab89f82"",""deploymentInstanceId"":null}","{""level"":""info"",""source"":""buildkit"",""type"":""log"",""vertex"":""sha256:5123184c115415746b9e45a79609be5df6469d0b755767bd2a7f4b208b8cff02"",""stream"":1,""data"":""W0lORk9dIERvd25sb2FkZWQgZnJvbSBjZW50cmFsOiBodHRwczovL3JlcG8ubWF2ZW4uYXBhY2hlLm9yZy9tYXZlbjIvb3JnL2VjbGlwc2UvcGxhdGZvcm0vb3JnLmVjbGlwc2UuY29yZS5jb21tYW5kcy8zLjEyLjMwMC9vcmcuZWNsaXBzZS5jb3JlLmNvbW1hbmRzLTMuMTIuMzAwLnBvbSAoMS42IGtCIGF0IDU5IGtCL3MpCg=="",""timestamp"":""2026-08-22T15:29:59.742199335Z""}"
"[INFO] Downloading from central: https://repo.maven.apache.org/maven2/org/eclipse/platform/org.eclipse.core.contenttype/3.9.600/org.eclipse.core.contenttype-3.9.600.pom
",2026-08-22T15:29:59.743269361Z,info,"{""serviceId"":""87697b40-66d1-4a58-89e6-1068a09cbf8c"",""deploymentId"":""d6c8c3b8-3bb6-45c0-bc76-a9729ab89f82"",""deploymentInstanceId"":null}","{""level"":""info"",""source"":""buildkit"",""type"":""log"",""vertex"":""sha256:5123184c115415746b9e45a79609be5df6469d0b755767bd2a7f4b208b8cff02"",""stream"":1,""data"":""W0lORk9dIERvd25sb2FkaW5nIGZyb20gY2VudHJhbDogaHR0cHM6Ly9yZXBvLm1hdmVuLmFwYWNoZS5vcmcvbWF2ZW4yL29yZy9lY2xpcHNlL3BsYXRmb3JtL29yZy5lY2xpcHNlLmNvcmUuY29udGVudHR5cGUvMy45LjYwMC9vcmcuZWNsaXBzZS5jb3JlLmNvbnRlbnR0eXBlLTMuOS42MDAucG9tCg=="",""timestamp"":""2026-08-22T15:29:59.743269361Z""}"
"[INFO] Downloaded from central: https://repo.maven.apache.org/maven2/org/eclipse/platform/org.eclipse.core.contenttype/3.9.600/org.eclipse.core.contenttype-3.9.600.pom (2.2 kB at 67 kB/s)
",2026-08-22T15:29:59.777089875Z,info,"{""serviceId"":""87697b40-66d1-4a58-89e6-1068a09cbf8c"",""deploymentId"":""d6c8c3b8-3bb6-45c0-bc76-a9729ab89f82"",""deploymentInstanceId"":null}","{""level"":""info"",""source"":""buildkit"",""type"":""log"",""vertex"":""sha256:5123184c115415746b9e45a79609be5df6469d0b755767bd2a7f4b208b8cff02"",""stream"":1,""data"":""W0lORk9dIERvd25sb2FkZWQgZnJvbSBjZW50cmFsOiBodHRwczovL3JlcG8ubWF2ZW4uYXBhY2hlLm9yZy9tYXZlbjIvb3JnL2VjbGlwc2UvcGxhdGZvcm0vb3JnLmVjbGlwc2UuY29yZS5jb250ZW50dHlwZS8zLjkuNjAwL29yZy5lY2xpcHNlLmNvcmUuY29udGVudHR5cGUtMy45LjYwMC5wb20gKDIuMiBrQiBhdCA2NyBrQi9zKQo="",""timestamp"":""2026-08-22T15:29:59.777089875Z""}"
"[INFO] Downloading from central: https://repo.maven.apache.org/maven2/org/eclipse/platform/org.eclipse.core.expressions/3.9.400/org.eclipse.core.expressions-3.9.400.pom
",2026-08-22T15:29:59.77833319Z,info,"{""serviceId"":""87697b40-66d1-4a58-89e6-1068a09cbf8c"",""deploymentId"":""d6c8c3b8-3bb6-45c0-bc76-a9729ab89f82"",""deploymentInstanceId"":null}","{""level"":""info"",""source"":""buildkit"",""type"":""log"",""vertex"":""sha256:5123184c115415746b9e45a79609be5df6469d0b755767bd2a7f4b208b8cff02"",""stream"":1,""data"":""W0lORk9dIERvd25sb2FkaW5nIGZyb20gY2VudHJhbDogaHR0cHM6Ly9yZXBvLm1hdmVuLmFwYWNoZS5vcmcvbWF2ZW4yL29yZy9lY2xpcHNlL3BsYXRmb3JtL29yZy5lY2xpcHNlLmNvcmUuZXhwcmVzc2lvbnMvMy45LjQwMC9vcmcuZWNsaXBzZS5jb3JlLmV4cHJlc3Npb25zLTMuOS40MDAucG9tCg=="",""timestamp"":""2026-08-22T15:29:59.77833319Z""}"
"[INFO] Downloaded from central: https://repo.maven.apache.org/maven2/org/eclipse/platform/org.eclipse.core.expressions/3.9.400/org.eclipse.core.expressions-3.9.400.pom (1.6 kB at 44 kB/s)
",2026-08-22T15:29:59.814442559Z,info,"{""serviceId"":""87697b40-66d1-4a58-89e6-1068a09cbf8c"",""deploymentId"":""d6c8c3b8-3bb6-45c0-bc76-a9729ab89f82"",""deploymentInstanceId"":null}","{""level"":""info"",""source"":""buildkit"",""type"":""log"",""vertex"":""sha256:5123184c115415746b9e45a79609be5df6469d0b755767bd2a7f4b208b8cff02"",""stream"":1,""data"":""W0lORk9dIERvd25sb2FkZWQgZnJvbSBjZW50cmFsOiBodHRwczovL3JlcG8ubWF2ZW4uYXBhY2hlLm9yZy9tYXZlbjIvb3JnL2VjbGlwc2UvcGxhdGZvcm0vb3JnLmVjbGlwc2UuY29yZS5leHByZXNzaW9ucy8zLjkuNDAwL29yZy5lY2xpcHNlLmNvcmUuZXhwcmVzc2lvbnMtMy45LjQwMC5wb20gKDEuNiBrQiBhdCA0NCBrQi9zKQo="",""timestamp"":""2026-08-22T15:29:59.814442559Z""}"
"[INFO] Downloading from central: https://repo.maven.apache.org/maven2/org/eclipse/platform/org.eclipse.core.filesystem/1.11.100/org.eclipse.core.filesystem-1.11.100.pom
",2026-08-22T15:29:59.815924041Z,info,"{""serviceId"":""87697b40-66d1-4a58-89e6-1068a09cbf8c"",""deploymentId"":""d6c8c3b8-3bb6-45c0-bc76-a9729ab89f82"",""deploymentInstanceId"":null}","{""level"":""info"",""source"":""buildkit"",""type"":""log"",""vertex"":""sha256:5123184c115415746b9e45a79609be5df6469d0b755767bd2a7f4b208b8cff02"",""stream"":1,""data"":""W0lORk9dIERvd25sb2FkaW5nIGZyb20gY2VudHJhbDogaHR0cHM6Ly9yZXBvLm1hdmVuLmFwYWNoZS5vcmcvbWF2ZW4yL29yZy9lY2xpcHNlL3BsYXRmb3JtL29yZy5lY2xpcHNlLmNvcmUuZmlsZXN5c3RlbS8xLjExLjEwMC9vcmcuZWNsaXBzZS5jb3JlLmZpbGVzeXN0ZW0tMS4xMS4xMDAucG9tCg=="",""timestamp"":""2026-08-22T15:29:59.815924041Z""}"
"[INFO] Downloaded from central: https://repo.maven.apache.org/maven2/org/eclipse/platform/org.eclipse.core.filesystem/1.11.100/org.eclipse.core.filesystem-1.11.100.pom (2.6 kB at 91 kB/s)
",2026-08-22T15:29:59.843635189Z,info,"{""serviceId"":""87697b40-66d1-4a58-89e6-1068a09cbf8c"",""deploymentId"":""d6c8c3b8-3bb6-45c0-bc76-a9729ab89f82"",""deploymentInstanceId"":null}","{""level"":""info"",""source"":""buildkit"",""type"":""log"",""vertex"":""sha256:5123184c115415746b9e45a79609be5df6469d0b755767bd2a7f4b208b8cff02"",""stream"":1,""data"":""W0lORk9dIERvd25sb2FkZWQgZnJvbSBjZW50cmFsOiBodHRwczovL3JlcG8ubWF2ZW4uYXBhY2hlLm9yZy9tYXZlbjIvb3JnL2VjbGlwc2UvcGxhdGZvcm0vb3JnLmVjbGlwc2UuY29yZS5maWxlc3lzdGVtLzEuMTEuMTAwL29yZy5lY2xpcHNlLmNvcmUuZmlsZXN5c3RlbS0xLjExLjEwMC5wb20gKDIuNiBrQiBhdCA5MSBrQi9zKQo="",""timestamp"":""2026-08-22T15:29:59.843635189Z""}"
"[INFO] Downloading from central: https://repo.maven.apache.org/maven2/org/eclipse/platform/org.eclipse.core.jobs/3.15.500/org.eclipse.core.jobs-3.15.500.pom
",2026-08-22T15:29:59.845123672Z,info,"{""serviceId"":""87697b40-66d1-4a58-89e6-1068a09cbf8c"",""deploymentId"":""d6c8c3b8-3bb6-45c0-bc76-a9729ab89f82"",""deploymentInstanceId"":null}","{""level"":""info"",""source"":""buildkit"",""type"":""log"",""vertex"":""sha256:5123184c115415746b9e45a79609be5df6469d0b755767bd2a7f4b208b8cff02"",""stream"":1,""data"":""W0lORk9dIERvd25sb2FkaW5nIGZyb20gY2VudHJhbDogaHR0cHM6Ly9yZXBvLm1hdmVuLmFwYWNoZS5vcmcvbWF2ZW4yL29yZy9lY2xpcHNlL3BsYXRmb3JtL29yZy5lY2xpcHNlLmNvcmUuam9icy8zLjE1LjUwMC9vcmcuZWNsaXBzZS5jb3JlLmpvYnMtMy4xNS41MDAucG9tCg=="",""timestamp"":""2026-08-22T15:29:59.845123672Z""}"
"[INFO] Downloaded from central: https://repo.maven.apache.org/maven2/org/eclipse/platform/org.eclipse.core.jobs/3.15.500/org.eclipse.core.jobs-3.15.500.pom (1.8 kB at 73 kB/s)
",2026-08-22T15:29:59.869551333Z,info,"{""serviceId"":""87697b40-66d1-4a58-89e6-1068a09cbf8c"",""deploymentId"":""d6c8c3b8-3bb6-45c0-bc76-a9729ab89f82"",""deploymentInstanceId"":null}","{""level"":""info"",""source"":""buildkit"",""type"":""log"",""vertex"":""sha256:5123184c115415746b9e45a79609be5df6469d0b755767bd2a7f4b208b8cff02"",""stream"":1,""data"":""W0lORk9dIERvd25sb2FkZWQgZnJvbSBjZW50cmFsOiBodHRwczovL3JlcG8ubWF2ZW4uYXBhY2hlLm9yZy9tYXZlbjIvb3JnL2VjbGlwc2UvcGxhdGZvcm0vb3JnLmVjbGlwc2UuY29yZS5qb2JzLzMuMTUuNTAwL29yZy5lY2xpcHNlLmNvcmUuam9icy0zLjE1LjUwMC5wb20gKDEuOCBrQiBhdCA3MyBrQi9zKQo="",""timestamp"":""2026-08-22T15:29:59.869551333Z""}"
"[INFO] Downloading from central: https://repo.maven.apache.org/maven2/org/eclipse/platform/org.eclipse.core.resources/3.22.100/org.eclipse.core.resources-3.22.100.pom
",2026-08-22T15:29:59.872160238Z,info,"{""serviceId"":""87697b40-66d1-4a58-89e6-1068a09cbf8c"",""deploymentId"":""d6c8c3b8-3bb6-45c0-bc76-a9729ab89f82"",""deploymentInstanceId"":null}","{""level"":""info"",""source"":""buildkit"",""type"":""log"",""vertex"":""sha256:5123184c115415746b9e45a79609be5df6469d0b755767bd2a7f4b208b8cff02"",""stream"":1,""data"":""W0lORk9dIERvd25sb2FkaW5nIGZyb20gY2VudHJhbDogaHR0cHM6Ly9yZXBvLm1hdmVuLmFwYWNoZS5vcmcvbWF2ZW4yL29yZy9lY2xpcHNlL3BsYXRmb3JtL29yZy5lY2xpcHNlLmNvcmUucmVzb3VyY2VzLzMuMjIuMTAwL29yZy5lY2xpcHNlLmNvcmUucmVzb3VyY2VzLTMuMjIuMTAwLnBvbQo="",""timestamp"":""2026-08-22T15:29:59.872160238Z""}"
"[INFO] Downloaded from central: https://repo.maven.apache.org/maven2/org/eclipse/platform/org.eclipse.core.resources/3.22.100/org.eclipse.core.resources-3.22.100.pom (2.6 kB at 104 kB/s)
",2026-08-22T15:29:59.896275981Z,info,"{""serviceId"":""87697b40-66d1-4a58-89e6-1068a09cbf8c"",""deploymentId"":""d6c8c3b8-3bb6-45c0-bc76-a9729ab89f82"",""deploymentInstanceId"":null}","{""level"":""info"",""source"":""buildkit"",""type"":""log"",""vertex"":""sha256:5123184c115415746b9e45a79609be5df6469d0b755767bd2a7f4b208b8cff02"",""stream"":1,""data"":""W0lORk9dIERvd25sb2FkZWQgZnJvbSBjZW50cmFsOiBodHRwczovL3JlcG8ubWF2ZW4uYXBhY2hlLm9yZy9tYXZlbjIvb3JnL2VjbGlwc2UvcGxhdGZvcm0vb3JnLmVjbGlwc2UuY29yZS5yZXNvdXJjZXMvMy4yMi4xMDAvb3JnLmVjbGlwc2UuY29yZS5yZXNvdXJjZXMtMy4yMi4xMDAucG9tICgyLjYga0IgYXQgMTA0IGtCL3MpCg=="",""timestamp"":""2026-08-22T15:29:59.896275981Z""}"
"[INFO] Downloading from central: https://repo.maven.apache.org/maven2/org/eclipse/platform/org.eclipse.core.runtime/3.33.0/org.eclipse.core.runtime-3.33.0.pom
",2026-08-22T15:29:59.898807499Z,info,"{""serviceId"":""87697b40-66d1-4a58-89e6-1068a09cbf8c"",""deploymentId"":""d6c8c3b8-3bb6-45c0-bc76-a9729ab89f82"",""deploymentInstanceId"":null}","{""level"":""info"",""source"":""buildkit"",""type"":""log"",""vertex"":""sha256:5123184c115415746b9e45a79609be5df6469d0b755767bd2a7f4b208b8cff02"",""stream"":1,""data"":""W0lORk9dIERvd25sb2FkaW5nIGZyb20gY2VudHJhbDogaHR0cHM6Ly9yZXBvLm1hdmVuLmFwYWNoZS5vcmcvbWF2ZW4yL29yZy9lY2xpcHNlL3BsYXRmb3JtL29yZy5lY2xpcHNlLmNvcmUucnVudGltZS8zLjMzLjAvb3JnLmVjbGlwc2UuY29yZS5ydW50aW1lLTMuMzMuMC5wb20K"",""timestamp"":""2026-08-22T15:29:59.898807499Z""}"
"[INFO] Downloaded from central: https://repo.maven.apache.org/maven2/org/eclipse/platform/org.eclipse.core.runtime/3.33.0/org.eclipse.core.runtime-3.33.0.pom (2.8 kB at 109 kB/s)
",2026-08-22T15:29:59.925107189Z,info,"{""serviceId"":""87697b40-66d1-4a58-89e6-1068a09cbf8c"",""deploymentId"":""d6c8c3b8-3bb6-45c0-bc76-a9729ab89f82"",""deploymentInstanceId"":null}","{""level"":""info"",""source"":""buildkit"",""type"":""log"",""vertex"":""sha256:5123184c115415746b9e45a79609be5df6469d0b755767bd2a7f4b208b8cff02"",""stream"":1,""data"":""W0lORk9dIERvd25sb2FkZWQgZnJvbSBjZW50cmFsOiBodHRwczovL3JlcG8ubWF2ZW4uYXBhY2hlLm9yZy9tYXZlbjIvb3JnL2VjbGlwc2UvcGxhdGZvcm0vb3JnLmVjbGlwc2UuY29yZS5ydW50aW1lLzMuMzMuMC9vcmcuZWNsaXBzZS5jb3JlLnJ1bnRpbWUtMy4zMy4wLnBvbSAoMi44IGtCIGF0IDEwOSBrQi9zKQo="",""timestamp"":""2026-08-22T15:29:59.925107189Z""}"
"[INFO] Downloading from central: https://repo.maven.apache.org/maven2/org/eclipse/platform/org.eclipse.equinox.app/1.7.300/org.eclipse.equinox.app-1.7.300.pom
",2026-08-22T15:29:59.927768161Z,info,"{""serviceId"":""87697b40-66d1-4a58-89e6-1068a09cbf8c"",""deploymentId"":""d6c8c3b8-3bb6-45c0-bc76-a9729ab89f82"",""deploymentInstanceId"":null}","{""level"":""info"",""source"":""buildkit"",""type"":""log"",""vertex"":""sha256:5123184c115415746b9e45a79609be5df6469d0b755767bd2a7f4b208b8cff02"",""stream"":1,""data"":""W0lORk9dIERvd25sb2FkaW5nIGZyb20gY2VudHJhbDogaHR0cHM6Ly9yZXBvLm1hdmVuLmFwYWNoZS5vcmcvbWF2ZW4yL29yZy9lY2xpcHNlL3BsYXRmb3JtL29yZy5lY2xpcHNlLmVxdWlub3guYXBwLzEuNy4zMDAvb3JnLmVjbGlwc2UuZXF1aW5veC5hcHAtMS43LjMwMC5wb20K"",""timestamp"":""2026-08-22T15:29:59.927768161Z""}"
"[INFO] Downloaded from central: https://repo.maven.apache.org/maven2/org/eclipse/platform/org.eclipse.equinox.app/1.7.300/org.eclipse.equinox.app-1.7.300.pom (2.2 kB at 88 kB/s)
",2026-08-22T15:29:59.952987781Z,info,"{""serviceId"":""87697b40-66d1-4a58-89e6-1068a09cbf8c"",""deploymentId"":""d6c8c3b8-3bb6-45c0-bc76-a9729ab89f82"",""deploymentInstanceId"":null}","{""level"":""info"",""source"":""buildkit"",""type"":""log"",""vertex"":""sha256:5123184c115415746b9e45a79609be5df6469d0b755767bd2a7f4b208b8cff02"",""stream"":1,""data"":""W0lORk9dIERvd25sb2FkZWQgZnJvbSBjZW50cmFsOiBodHRwczovL3JlcG8ubWF2ZW4uYXBhY2hlLm9yZy9tYXZlbjIvb3JnL2VjbGlwc2UvcGxhdGZvcm0vb3JnLmVjbGlwc2UuZXF1aW5veC5hcHAvMS43LjMwMC9vcmcuZWNsaXBzZS5lcXVpbm94LmFwcC0xLjcuMzAwLnBvbSAoMi4yIGtCIGF0IDg4IGtCL3MpCg=="",""timestamp"":""2026-08-22T15:29:59.952987781Z""}"
"[INFO] Downloading from central: https://repo.maven.apache.org/maven2/org/eclipse/platform/org.eclipse.equinox.common/3.20.0/org.eclipse.equinox.common-3.20.0.pom
",2026-08-22T15:29:59.955535824Z,info,"{""serviceId"":""87697b40-66d1-4a58-89e6-1068a09cbf8c"",""deploymentId"":""d6c8c3b8-3bb6-45c0-bc76-a9729ab89f82"",""deploymentInstanceId"":null}","{""level"":""info"",""source"":""buildkit"",""type"":""log"",""vertex"":""sha256:5123184c115415746b9e45a79609be5df6469d0b755767bd2a7f4b208b8cff02"",""stream"":1,""data"":""W0lORk9dIERvd25sb2FkaW5nIGZyb20gY2VudHJhbDogaHR0cHM6Ly9yZXBvLm1hdmVuLmFwYWNoZS5vcmcvbWF2ZW4yL29yZy9lY2xpcHNlL3BsYXRmb3JtL29yZy5lY2xpcHNlLmVxdWlub3guY29tbW9uLzMuMjAuMC9vcmcuZWNsaXBzZS5lcXVpbm94LmNvbW1vbi0zLjIwLjAucG9tCg=="",""timestamp"":""2026-08-22T15:29:59.955535824Z""}"
"[INFO] Downloaded from central: https://repo.maven.apache.org/maven2/org/eclipse/platform/org.eclipse.equinox.common/3.20.0/org.eclipse.equinox.common-3.20.0.pom (1.6 kB at 63 kB/s)
",2026-08-22T15:29:59.980422334Z,info,"{""serviceId"":""87697b40-66d1-4a58-89e6-1068a09cbf8c"",""deploymentId"":""d6c8c3b8-3bb6-45c0-bc76-a9729ab89f82"",""deploymentInstanceId"":null}","{""level"":""info"",""source"":""buildkit"",""type"":""log"",""vertex"":""sha256:5123184c115415746b9e45a79609be5df6469d0b755767bd2a7f4b208b8cff02"",""stream"":1,""data"":""W0lORk9dIERvd25sb2FkZWQgZnJvbSBjZW50cmFsOiBodHRwczovL3JlcG8ubWF2ZW4uYXBhY2hlLm9yZy9tYXZlbjIvb3JnL2VjbGlwc2UvcGxhdGZvcm0vb3JnLmVjbGlwc2UuZXF1aW5veC5jb21tb24vMy4yMC4wL29yZy5lY2xpcHNlLmVxdWlub3guY29tbW9uLTMuMjAuMC5wb20gKDEuNiBrQiBhdCA2MyBrQi9zKQo="",""timestamp"":""2026-08-22T15:29:59.980422334Z""}"
"[INFO] Downloading from central: https://repo.maven.apache.org/maven2/org/eclipse/platform/org.eclipse.equinox.event/1.7.200/org.eclipse.equinox.event-1.7.200.pom
",2026-08-22T15:29:59.983083416Z,info,"{""serviceId"":""87697b40-66d1-4a58-89e6-1068a09cbf8c"",""deploymentId"":""d6c8c3b8-3bb6-45c0-bc76-a9729ab89f82"",""deploymentInstanceId"":null}","{""level"":""info"",""source"":""buildkit"",""type"":""log"",""vertex"":""sha256:5123184c115415746b9e45a79609be5df6469d0b755767bd2a7f4b208b8cff02"",""stream"":1,""data"":""W0lORk9dIERvd25sb2FkaW5nIGZyb20gY2VudHJhbDogaHR0cHM6Ly9yZXBvLm1hdmVuLmFwYWNoZS5vcmcvbWF2ZW4yL29yZy9lY2xpcHNlL3BsYXRmb3JtL29yZy5lY2xpcHNlLmVxdWlub3guZXZlbnQvMS43LjIwMC9vcmcuZWNsaXBzZS5lcXVpbm94LmV2ZW50LTEuNy4yMDAucG9tCg=="",""timestamp"":""2026-08-22T15:29:59.983083416Z""}"
"[INFO] Downloaded from central: https://repo.maven.apache.org/maven2/org/eclipse/platform/org.eclipse.equinox.event/1.7.200/org.eclipse.equinox.event-1.7.200.pom (1.7 kB at 65 kB/s)
",2026-08-22T15:30:00.009330757Z,info,"{""serviceId"":""87697b40-66d1-4a58-89e6-1068a09cbf8c"",""deploymentId"":""d6c8c3b8-3bb6-45c0-bc76-a9729ab89f82"",""deploymentInstanceId"":null}","{""level"":""info"",""source"":""buildkit"",""type"":""log"",""vertex"":""sha256:5123184c115415746b9e45a79609be5df6469d0b755767bd2a7f4b208b8cff02"",""stream"":1,""data"":""W0lORk9dIERvd25sb2FkZWQgZnJvbSBjZW50cmFsOiBodHRwczovL3JlcG8ubWF2ZW4uYXBhY2hlLm9yZy9tYXZlbjIvb3JnL2VjbGlwc2UvcGxhdGZvcm0vb3JnLmVjbGlwc2UuZXF1aW5veC5ldmVudC8xLjcuMjAwL29yZy5lY2xpcHNlLmVxdWlub3guZXZlbnQtMS43LjIwMC5wb20gKDEuNyBrQiBhdCA2NSBrQi9zKQo="",""timestamp"":""2026-08-22T15:30:00.009330757Z""}"
"[INFO] Downloading from central: https://repo.maven.apache.org/maven2/org/eclipse/platform/org.eclipse.equinox.preferences/3.11.300/org.eclipse.equinox.preferences-3.11.300.pom
",2026-08-22T15:30:00.012240433Z,info,"{""serviceId"":""87697b40-66d1-4a58-89e6-1068a09cbf8c"",""deploymentId"":""d6c8c3b8-3bb6-45c0-bc76-a9729ab89f82"",""deploymentInstanceId"":null}","{""level"":""info"",""source"":""buildkit"",""type"":""log"",""vertex"":""sha256:5123184c115415746b9e45a79609be5df6469d0b755767bd2a7f4b208b8cff02"",""stream"":1,""data"":""W0lORk9dIERvd25sb2FkaW5nIGZyb20gY2VudHJhbDogaHR0cHM6Ly9yZXBvLm1hdmVuLmFwYWNoZS5vcmcvbWF2ZW4yL29yZy9lY2xpcHNlL3BsYXRmb3JtL29yZy5lY2xpcHNlLmVxdWlub3gucHJlZmVyZW5jZXMvMy4xMS4zMDAvb3JnLmVjbGlwc2UuZXF1aW5veC5wcmVmZXJlbmNlcy0zLjExLjMwMC5wb20K"",""timestamp"":""2026-08-22T15:30:00.012240433Z""}"
"[INFO] Downloaded from central: https://repo.maven.apache.org/maven2/org/eclipse/platform/org.eclipse.equinox.preferences/3.11.300/org.eclipse.equinox.preferences-3.11.300.pom (2.2 kB at 85 kB/s)
",2026-08-22T15:30:00.038715025Z,info,"{""serviceId"":""87697b40-66d1-4a58-89e6-1068a09cbf8c"",""deploymentId"":""d6c8c3b8-3bb6-45c0-bc76-a9729ab89f82"",""deploymentInstanceId"":null}","{""level"":""info"",""source"":""buildkit"",""type"":""log"",""vertex"":""sha256:5123184c115415746b9e45a79609be5df6469d0b755767bd2a7f4b208b8cff02"",""stream"":1,""data"":""W0lORk9dIERvd25sb2FkZWQgZnJvbSBjZW50cmFsOiBodHRwczovL3JlcG8ubWF2ZW4uYXBhY2hlLm9yZy9tYXZlbjIvb3JnL2VjbGlwc2UvcGxhdGZvcm0vb3JnLmVjbGlwc2UuZXF1aW5veC5wcmVmZXJlbmNlcy8zLjExLjMwMC9vcmcuZWNsaXBzZS5lcXVpbm94LnByZWZlcmVuY2VzLTMuMTEuMzAwLnBvbSAoMi4yIGtCIGF0IDg1IGtCL3MpCg=="",""timestamp"":""2026-08-22T15:30:00.038715025Z""}"
"[INFO] Downloading from central: https://repo.maven.apache.org/maven2/org/eclipse/platform/org.eclipse.equinox.registry/3.12.300/org.eclipse.equinox.registry-3.12.300.pom
",2026-08-22T15:30:00.042379844Z,info,"{""serviceId"":""87697b40-66d1-4a58-89e6-1068a09cbf8c"",""deploymentId"":""d6c8c3b8-3bb6-45c0-bc76-a9729ab89f82"",""deploymentInstanceId"":null}","{""level"":""info"",""source"":""buildkit"",""type"":""log"",""vertex"":""sha256:5123184c115415746b9e45a79609be5df6469d0b755767bd2a7f4b208b8cff02"",""stream"":1,""data"":""W0lORk9dIERvd25sb2FkaW5nIGZyb20gY2VudHJhbDogaHR0cHM6Ly9yZXBvLm1hdmVuLmFwYWNoZS5vcmcvbWF2ZW4yL29yZy9lY2xpcHNlL3BsYXRmb3JtL29yZy5lY2xpcHNlLmVxdWlub3gucmVnaXN0cnkvMy4xMi4zMDAvb3JnLmVjbGlwc2UuZXF1aW5veC5yZWdpc3RyeS0zLjEyLjMwMC5wb20K"",""timestamp"":""2026-08-22T15:30:00.042379844Z""}"
"[INFO] Downloaded from central: https://repo.maven.apache.org/maven2/org/eclipse/platform/org.eclipse.equinox.registry/3.12.300/org.eclipse.equinox.registry-3.12.300.pom (2.0 kB at 71 kB/s)
",2026-08-22T15:30:00.07052985Z,info,"{""serviceId"":""87697b40-66d1-4a58-89e6-1068a09cbf8c"",""deploymentId"":""d6c8c3b8-3bb6-45c0-bc76-a9729ab89f82"",""deploymentInstanceId"":null}","{""level"":""info"",""source"":""buildkit"",""type"":""log"",""vertex"":""sha256:5123184c115415746b9e45a79609be5df6469d0b755767bd2a7f4b208b8cff02"",""stream"":1,""data"":""W0lORk9dIERvd25sb2FkZWQgZnJvbSBjZW50cmFsOiBodHRwczovL3JlcG8ubWF2ZW4uYXBhY2hlLm9yZy9tYXZlbjIvb3JnL2VjbGlwc2UvcGxhdGZvcm0vb3JnLmVjbGlwc2UuZXF1aW5veC5yZWdpc3RyeS8zLjEyLjMwMC9vcmcuZWNsaXBzZS5lcXVpbm94LnJlZ2lzdHJ5LTMuMTIuMzAwLnBvbSAoMi4wIGtCIGF0IDcxIGtCL3MpCg=="",""timestamp"":""2026-08-22T15:30:00.07052985Z""}"
"[INFO] Downloading from central: https://repo.maven.apache.org/maven2/org/eclipse/platform/org.eclipse.equinox.supplement/1.12.0/org.eclipse.equinox.supplement-1.12.0.pom
",2026-08-22T15:30:00.073572345Z,info,"{""serviceId"":""87697b40-66d1-4a58-89e6-1068a09cbf8c"",""deploymentId"":""d6c8c3b8-3bb6-45c0-bc76-a9729ab89f82"",""deploymentInstanceId"":null}","{""level"":""info"",""source"":""buildkit"",""type"":""log"",""vertex"":""sha256:5123184c115415746b9e45a79609be5df6469d0b755767bd2a7f4b208b8cff02"",""stream"":1,""data"":""W0lORk9dIERvd25sb2FkaW5nIGZyb20gY2VudHJhbDogaHR0cHM6Ly9yZXBvLm1hdmVuLmFwYWNoZS5vcmcvbWF2ZW4yL29yZy9lY2xpcHNlL3BsYXRmb3JtL29yZy5lY2xpcHNlLmVxdWlub3guc3VwcGxlbWVudC8xLjEyLjAvb3JnLmVjbGlwc2UuZXF1aW5veC5zdXBwbGVtZW50LTEuMTIuMC5wb20K"",""timestamp"":""2026-08-22T15:30:00.073572345Z""}"
"[INFO] Downloaded from central: https://repo.maven.apache.org/maven2/org/eclipse/platform/org.eclipse.equinox.supplement/1.12.0/org.eclipse.equinox.supplement-1.12.0.pom (1.6 kB at 52 kB/s)
",2026-08-22T15:30:00.104414701Z,info,"{""serviceId"":""87697b40-66d1-4a58-89e6-1068a09cbf8c"",""deploymentId"":""d6c8c3b8-3bb6-45c0-bc76-a9729ab89f82"",""deploymentInstanceId"":null}","{""level"":""info"",""source"":""buildkit"",""type"":""log"",""vertex"":""sha256:5123184c115415746b9e45a79609be5df6469d0b755767bd2a7f4b208b8cff02"",""stream"":1,""data"":""W0lORk9dIERvd25sb2FkZWQgZnJvbSBjZW50cmFsOiBodHRwczovL3JlcG8ubWF2ZW4uYXBhY2hlLm9yZy9tYXZlbjIvb3JnL2VjbGlwc2UvcGxhdGZvcm0vb3JnLmVjbGlwc2UuZXF1aW5veC5zdXBwbGVtZW50LzEuMTIuMC9vcmcuZWNsaXBzZS5lcXVpbm94LnN1cHBsZW1lbnQtMS4xMi4wLnBvbSAoMS42IGtCIGF0IDUyIGtCL3MpCg=="",""timestamp"":""2026-08-22T15:30:00.104414701Z""}"
"[INFO] Downloading from central: https://repo.maven.apache.org/maven2/org/eclipse/jdt/org.eclipse.jdt.core/3.41.0/org.eclipse.jdt.core-3.41.0.pom
",2026-08-22T15:30:00.107131437Z,info,"{""serviceId"":""87697b40-66d1-4a58-89e6-1068a09cbf8c"",""deploymentId"":""d6c8c3b8-3bb6-45c0-bc76-a9729ab89f82"",""deploymentInstanceId"":null}","{""level"":""info"",""source"":""buildkit"",""type"":""log"",""vertex"":""sha256:5123184c115415746b9e45a79609be5df6469d0b755767bd2a7f4b208b8cff02"",""stream"":1,""data"":""W0lORk9dIERvd25sb2FkaW5nIGZyb20gY2VudHJhbDogaHR0cHM6Ly9yZXBvLm1hdmVuLmFwYWNoZS5vcmcvbWF2ZW4yL29yZy9lY2xpcHNlL2pkdC9vcmcuZWNsaXBzZS5qZHQuY29yZS8zLjQxLjAvb3JnLmVjbGlwc2UuamR0LmNvcmUtMy40MS4wLnBvbQo="",""timestamp"":""2026-08-22T15:30:00.107131437Z""}"
"[INFO] Downloaded from central: https://repo.maven.apache.org/maven2/org/eclipse/jdt/org.eclipse.jdt.core/3.41.0/org.eclipse.jdt.core-3.41.0.pom (2.6 kB at 86 kB/s)
",2026-08-22T15:30:00.136556777Z,info,"{""serviceId"":""87697b40-66d1-4a58-89e6-1068a09cbf8c"",""deploymentId"":""d6c8c3b8-3bb6-45c0-bc76-a9729ab89f82"",""deploymentInstanceId"":null}","{""level"":""info"",""source"":""buildkit"",""type"":""log"",""vertex"":""sha256:5123184c115415746b9e45a79609be5df6469d0b755767bd2a7f4b208b8cff02"",""stream"":1,""data"":""W0lORk9dIERvd25sb2FkZWQgZnJvbSBjZW50cmFsOiBodHRwczovL3JlcG8ubWF2ZW4uYXBhY2hlLm9yZy9tYXZlbjIvb3JnL2VjbGlwc2UvamR0L29yZy5lY2xpcHNlLmpkdC5jb3JlLzMuNDEuMC9vcmcuZWNsaXBzZS5qZHQuY29yZS0zLjQxLjAucG9tICgyLjYga0IgYXQgODYga0IvcykK"",""timestamp"":""2026-08-22T15:30:00.136556777Z""}"
"[INFO] Downloading from central: https://repo.maven.apache.org/maven2/org/eclipse/jdt/ecj/3.41.0/ecj-3.41.0.pom
",2026-08-22T15:30:00.139415356Z,info,"{""serviceId"":""87697b40-66d1-4a58-89e6-1068a09cbf8c"",""deploymentId"":""d6c8c3b8-3bb6-45c0-bc76-a9729ab89f82"",""deploymentInstanceId"":null}","{""level"":""info"",""source"":""buildkit"",""type"":""log"",""vertex"":""sha256:5123184c115415746b9e45a79609be5df6469d0b755767bd2a7f4b208b8cff02"",""stream"":1,""data"":""W0lORk9dIERvd25sb2FkaW5nIGZyb20gY2VudHJhbDogaHR0cHM6Ly9yZXBvLm1hdmVuLmFwYWNoZS5vcmcvbWF2ZW4yL29yZy9lY2xpcHNlL2pkdC9lY2ovMy40MS4wL2Vjai0zLjQxLjAucG9tCg=="",""timestamp"":""2026-08-22T15:30:00.139415356Z""}"
"[INFO] Downloaded from central: https://repo.maven.apache.org/maven2/org/eclipse/jdt/ecj/3.41.0/ecj-3.41.0.pom (1.3 kB at 46 kB/s)
",2026-08-22T15:30:00.16910394Z,info,"{""serviceId"":""87697b40-66d1-4a58-89e6-1068a09cbf8c"",""deploymentId"":""d6c8c3b8-3bb6-45c0-bc76-a9729ab89f82"",""deploymentInstanceId"":null}","{""level"":""info"",""source"":""buildkit"",""type"":""log"",""vertex"":""sha256:5123184c115415746b9e45a79609be5df6469d0b755767bd2a7f4b208b8cff02"",""stream"":1,""data"":""W0lORk9dIERvd25sb2FkZWQgZnJvbSBjZW50cmFsOiBodHRwczovL3JlcG8ubWF2ZW4uYXBhY2hlLm9yZy9tYXZlbjIvb3JnL2VjbGlwc2UvamR0L2Vjai8zLjQxLjAvZWNqLTMuNDEuMC5wb20gKDEuMyBrQiBhdCA0NiBrQi9zKQo="",""timestamp"":""2026-08-22T15:30:00.16910394Z""}"
"[INFO] Downloading from central: https://repo.maven.apache.org/maven2/org/eclipse/platform/org.eclipse.osgi/3.23.0/org.eclipse.osgi-3.23.0.pom
",2026-08-22T15:30:00.171759324Z,info,"{""serviceId"":""87697b40-66d1-4a58-89e6-1068a09cbf8c"",""deploymentId"":""d6c8c3b8-3bb6-45c0-bc76-a9729ab89f82"",""deploymentInstanceId"":null}","{""level"":""info"",""source"":""buildkit"",""type"":""log"",""vertex"":""sha256:5123184c115415746b9e45a79609be5df6469d0b755767bd2a7f4b208b8cff02"",""stream"":1,""data"":""W0lORk9dIERvd25sb2FkaW5nIGZyb20gY2VudHJhbDogaHR0cHM6Ly9yZXBvLm1hdmVuLmFwYWNoZS5vcmcvbWF2ZW4yL29yZy9lY2xpcHNlL3BsYXRmb3JtL29yZy5lY2xpcHNlLm9zZ2kvMy4yMy4wL29yZy5lY2xpcHNlLm9zZ2ktMy4yMy4wLnBvbQo="",""timestamp"":""2026-08-22T15:30:00.171759324Z""}"
"[INFO] Downloaded from central: https://repo.maven.apache.org/maven2/org/eclipse/platform/org.eclipse.osgi/3.23.0/org.eclipse.osgi-3.23.0.pom (1.3 kB at 51 kB/s)
",2026-08-22T15:30:00.197749079Z,info,"{""serviceId"":""87697b40-66d1-4a58-89e6-1068a09cbf8c"",""deploymentId"":""d6c8c3b8-3bb6-45c0-bc76-a9729ab89f82"",""deploymentInstanceId"":null}","{""level"":""info"",""source"":""buildkit"",""type"":""log"",""vertex"":""sha256:5123184c115415746b9e45a79609be5df6469d0b755767bd2a7f4b208b8cff02"",""stream"":1,""data"":""W0lORk9dIERvd25sb2FkZWQgZnJvbSBjZW50cmFsOiBodHRwczovL3JlcG8ubWF2ZW4uYXBhY2hlLm9yZy9tYXZlbjIvb3JnL2VjbGlwc2UvcGxhdGZvcm0vb3JnLmVjbGlwc2Uub3NnaS8zLjIzLjAvb3JnLmVjbGlwc2Uub3NnaS0zLjIzLjAucG9tICgxLjMga0IgYXQgNTEga0IvcykK"",""timestamp"":""2026-08-22T15:30:00.197749079Z""}"
"[INFO] Downloading from central: https://repo.maven.apache.org/maven2/org/eclipse/platform/org.eclipse.text/3.14.300/org.eclipse.text-3.14.300.pom
",2026-08-22T15:30:00.200446086Z,info,"{""serviceId"":""87697b40-66d1-4a58-89e6-1068a09cbf8c"",""deploymentId"":""d6c8c3b8-3bb6-45c0-bc76-a9729ab89f82"",""deploymentInstanceId"":null}","{""level"":""info"",""source"":""buildkit"",""type"":""log"",""vertex"":""sha256:5123184c115415746b9e45a79609be5df6469d0b755767bd2a7f4b208b8cff02"",""stream"":1,""data"":""W0lORk9dIERvd25sb2FkaW5nIGZyb20gY2VudHJhbDogaHR0cHM6Ly9yZXBvLm1hdmVuLmFwYWNoZS5vcmcvbWF2ZW4yL29yZy9lY2xpcHNlL3BsYXRmb3JtL29yZy5lY2xpcHNlLnRleHQvMy4xNC4zMDAvb3JnLmVjbGlwc2UudGV4dC0zLjE0LjMwMC5wb20K"",""timestamp"":""2026-08-22T15:30:00.200446086Z""}"
"[INFO] Downloaded from central: https://repo.maven.apache.org/maven2/org/eclipse/platform/org.eclipse.text/3.14.300/org.eclipse.text-3.14.300.pom (2.2 kB at 82 kB/s)
",2026-08-22T15:30:00.227403572Z,info,"{""serviceId"":""87697b40-66d1-4a58-89e6-1068a09cbf8c"",""deploymentId"":""d6c8c3b8-3bb6-45c0-bc76-a9729ab89f82"",""deploymentInstanceId"":null}","{""level"":""info"",""source"":""buildkit"",""type"":""log"",""vertex"":""sha256:5123184c115415746b9e45a79609be5df6469d0b755767bd2a7f4b208b8cff02"",""stream"":1,""data"":""W0lORk9dIERvd25sb2FkZWQgZnJvbSBjZW50cmFsOiBodHRwczovL3JlcG8ubWF2ZW4uYXBhY2hlLm9yZy9tYXZlbjIvb3JnL2VjbGlwc2UvcGxhdGZvcm0vb3JnLmVjbGlwc2UudGV4dC8zLjE0LjMwMC9vcmcuZWNsaXBzZS50ZXh0LTMuMTQuMzAwLnBvbSAoMi4yIGtCIGF0IDgyIGtCL3MpCg=="",""timestamp"":""2026-08-22T15:30:00.227403572Z""}"
"[INFO] Downloading from central: https://repo.maven.apache.org/maven2/org/osgi/org.osgi.service.cm/1.6.1/org.osgi.service.cm-1.6.1.pom
",2026-08-22T15:30:00.230083183Z,info,"{""serviceId"":""87697b40-66d1-4a58-89e6-1068a09cbf8c"",""deploymentId"":""d6c8c3b8-3bb6-45c0-bc76-a9729ab89f82"",""deploymentInstanceId"":null}","{""level"":""info"",""source"":""buildkit"",""type"":""log"",""vertex"":""sha256:5123184c115415746b9e45a79609be5df6469d0b755767bd2a7f4b208b8cff02"",""stream"":1,""data"":""W0lORk9dIERvd25sb2FkaW5nIGZyb20gY2VudHJhbDogaHR0cHM6Ly9yZXBvLm1hdmVuLmFwYWNoZS5vcmcvbWF2ZW4yL29yZy9vc2dpL29yZy5vc2dpLnNlcnZpY2UuY20vMS42LjEvb3JnLm9zZ2kuc2VydmljZS5jbS0xLjYuMS5wb20K"",""timestamp"":""2026-08-22T15:30:00.230083183Z""}"
"[INFO] Downloaded from central: https://repo.maven.apache.org/maven2/org/osgi/org.osgi.service.cm/1.6.1/org.osgi.service.cm-1.6.1.pom (2.1 kB at 74 kB/s)
",2026-08-22T15:30:00.258182072Z,info,"{""serviceId"":""87697b40-66d1-4a58-89e6-1068a09cbf8c"",""deploymentId"":""d6c8c3b8-3bb6-45c0-bc76-a9729ab89f82"",""deploymentInstanceId"":null}","{""level"":""info"",""source"":""buildkit"",""type"":""log"",""vertex"":""sha256:5123184c115415746b9e45a79609be5df6469d0b755767bd2a7f4b208b8cff02"",""stream"":1,""data"":""W0lORk9dIERvd25sb2FkZWQgZnJvbSBjZW50cmFsOiBodHRwczovL3JlcG8ubWF2ZW4uYXBhY2hlLm9yZy9tYXZlbjIvb3JnL29zZ2kvb3JnLm9zZ2kuc2VydmljZS5jbS8xLjYuMS9vcmcub3NnaS5zZXJ2aWNlLmNtLTEuNi4xLnBvbSAoMi4xIGtCIGF0IDc0IGtCL3MpCg=="",""timestamp"":""2026-08-22T15:30:00.258182072Z""}"
"[INFO] Downloading from central: https://repo.maven.apache.org/maven2/org/osgi/org.osgi.service.component/1.5.1/org.osgi.service.component-1.5.1.pom
",2026-08-22T15:30:00.260934462Z,info,"{""serviceId"":""87697b40-66d1-4a58-89e6-1068a09cbf8c"",""deploymentId"":""d6c8c3b8-3bb6-45c0-bc76-a9729ab89f82"",""deploymentInstanceId"":null}","{""level"":""info"",""source"":""buildkit"",""type"":""log"",""vertex"":""sha256:5123184c115415746b9e45a79609be5df6469d0b755767bd2a7f4b208b8cff02"",""stream"":1,""data"":""W0lORk9dIERvd25sb2FkaW5nIGZyb20gY2VudHJhbDogaHR0cHM6Ly9yZXBvLm1hdmVuLmFwYWNoZS5vcmcvbWF2ZW4yL29yZy9vc2dpL29yZy5vc2dpLnNlcnZpY2UuY29tcG9uZW50LzEuNS4xL29yZy5vc2dpLnNlcnZpY2UuY29tcG9uZW50LTEuNS4xLnBvbQo="",""timestamp"":""2026-08-22T15:30:00.260934462Z""}"
"[INFO] Downloaded from central: https://repo.maven.apache.org/maven2/org/osgi/org.osgi.service.component/1.5.1/org.osgi.service.component-1.5.1.pom (2.8 kB at 108 kB/s)
",2026-08-22T15:30:00.286829805Z,info,"{""serviceId"":""87697b40-66d1-4a58-89e6-1068a09cbf8c"",""deploymentId"":""d6c8c3b8-3bb6-45c0-bc76-a9729ab89f82"",""deploymentInstanceId"":null}","{""level"":""info"",""source"":""buildkit"",""type"":""log"",""vertex"":""sha256:5123184c115415746b9e45a79609be5df6469d0b755767bd2a7f4b208b8cff02"",""stream"":1,""data"":""W0lORk9dIERvd25sb2FkZWQgZnJvbSBjZW50cmFsOiBodHRwczovL3JlcG8ubWF2ZW4uYXBhY2hlLm9yZy9tYXZlbjIvb3JnL29zZ2kvb3JnLm9zZ2kuc2VydmljZS5jb21wb25lbnQvMS41LjEvb3JnLm9zZ2kuc2VydmljZS5jb21wb25lbnQtMS41LjEucG9tICgyLjgga0IgYXQgMTA4IGtCL3MpCg=="",""timestamp"":""2026-08-22T15:30:00.286829805Z""}"
"[INFO] Downloading from central: https://repo.maven.apache.org/maven2/org/osgi/org.osgi.service.event/1.4.1/org.osgi.service.event-1.4.1.pom
",2026-08-22T15:30:00.289564529Z,info,"{""serviceId"":""87697b40-66d1-4a58-89e6-1068a09cbf8c"",""deploymentId"":""d6c8c3b8-3bb6-45c0-bc76-a9729ab89f82"",""deploymentInstanceId"":null}","{""level"":""info"",""source"":""buildkit"",""type"":""log"",""vertex"":""sha256:5123184c115415746b9e45a79609be5df6469d0b755767bd2a7f4b208b8cff02"",""stream"":1,""data"":""W0lORk9dIERvd25sb2FkaW5nIGZyb20gY2VudHJhbDogaHR0cHM6Ly9yZXBvLm1hdmVuLmFwYWNoZS5vcmcvbWF2ZW4yL29yZy9vc2dpL29yZy5vc2dpLnNlcnZpY2UuZXZlbnQvMS40LjEvb3JnLm9zZ2kuc2VydmljZS5ldmVudC0xLjQuMS5wb20K"",""timestamp"":""2026-08-22T15:30:00.289564529Z""}"
"[INFO] Downloaded from central: https://repo.maven.apache.org/maven2/org/osgi/org.osgi.service.event/1.4.1/org.osgi.service.event-1.4.1.pom (2.3 kB at 88 kB/s)
",2026-08-22T15:30:00.315717398Z,info,"{""serviceId"":""87697b40-66d1-4a58-89e6-1068a09cbf8c"",""deploymentId"":""d6c8c3b8-3bb6-45c0-bc76-a9729ab89f82"",""deploymentInstanceId"":null}","{""level"":""info"",""source"":""buildkit"",""type"":""log"",""vertex"":""sha256:5123184c115415746b9e45a79609be5df6469d0b755767bd2a7f4b208b8cff02"",""stream"":1,""data"":""W0lORk9dIERvd25sb2FkZWQgZnJvbSBjZW50cmFsOiBodHRwczovL3JlcG8ubWF2ZW4uYXBhY2hlLm9yZy9tYXZlbjIvb3JnL29zZ2kvb3JnLm9zZ2kuc2VydmljZS5ldmVudC8xLjQuMS9vcmcub3NnaS5zZXJ2aWNlLmV2ZW50LTEuNC4xLnBvbSAoMi4zIGtCIGF0IDg4IGtCL3MpCg=="",""timestamp"":""2026-08-22T15:30:00.315717398Z""}"
"[INFO] Downloading from central: https://repo.maven.apache.org/maven2/org/osgi/org.osgi.service.metatype/1.4.1/org.osgi.service.metatype-1.4.1.pom
",2026-08-22T15:30:00.31822498Z,info,"{""serviceId"":""87697b40-66d1-4a58-89e6-1068a09cbf8c"",""deploymentId"":""d6c8c3b8-3bb6-45c0-bc76-a9729ab89f82"",""deploymentInstanceId"":null}","{""level"":""info"",""source"":""buildkit"",""type"":""log"",""vertex"":""sha256:5123184c115415746b9e45a79609be5df6469d0b755767bd2a7f4b208b8cff02"",""stream"":1,""data"":""W0lORk9dIERvd25sb2FkaW5nIGZyb20gY2VudHJhbDogaHR0cHM6Ly9yZXBvLm1hdmVuLmFwYWNoZS5vcmcvbWF2ZW4yL29yZy9vc2dpL29yZy5vc2dpLnNlcnZpY2UubWV0YXR5cGUvMS40LjEvb3JnLm9zZ2kuc2VydmljZS5tZXRhdHlwZS0xLjQuMS5wb20K"",""timestamp"":""2026-08-22T15:30:00.31822498Z""}"
"[INFO] Downloaded from central: https://repo.maven.apache.org/maven2/org/osgi/org.osgi.service.metatype/1.4.1/org.osgi.service.metatype-1.4.1.pom (2.3 kB at 78 kB/s)
",2026-08-22T15:30:00.347939404Z,info,"{""serviceId"":""87697b40-66d1-4a58-89e6-1068a09cbf8c"",""deploymentId"":""d6c8c3b8-3bb6-45c0-bc76-a9729ab89f82"",""deploymentInstanceId"":null}","{""level"":""info"",""source"":""buildkit"",""type"":""log"",""vertex"":""sha256:5123184c115415746b9e45a79609be5df6469d0b755767bd2a7f4b208b8cff02"",""stream"":1,""data"":""W0lORk9dIERvd25sb2FkZWQgZnJvbSBjZW50cmFsOiBodHRwczovL3JlcG8ubWF2ZW4uYXBhY2hlLm9yZy9tYXZlbjIvb3JnL29zZ2kvb3JnLm9zZ2kuc2VydmljZS5tZXRhdHlwZS8xLjQuMS9vcmcub3NnaS5zZXJ2aWNlLm1ldGF0eXBlLTEuNC4xLnBvbSAoMi4zIGtCIGF0IDc4IGtCL3MpCg=="",""timestamp"":""2026-08-22T15:30:00.347939404Z""}"
"[INFO] Downloading from central: https://repo.maven.apache.org/maven2/org/osgi/org.osgi.service.prefs/1.1.2/org.osgi.service.prefs-1.1.2.pom
",2026-08-22T15:30:00.35054961Z,info,"{""serviceId"":""87697b40-66d1-4a58-89e6-1068a09cbf8c"",""deploymentId"":""d6c8c3b8-3bb6-45c0-bc76-a9729ab89f82"",""deploymentInstanceId"":null}","{""level"":""info"",""source"":""buildkit"",""type"":""log"",""vertex"":""sha256:5123184c115415746b9e45a79609be5df6469d0b755767bd2a7f4b208b8cff02"",""stream"":1,""data"":""W0lORk9dIERvd25sb2FkaW5nIGZyb20gY2VudHJhbDogaHR0cHM6Ly9yZXBvLm1hdmVuLmFwYWNoZS5vcmcvbWF2ZW4yL29yZy9vc2dpL29yZy5vc2dpLnNlcnZpY2UucHJlZnMvMS4xLjIvb3JnLm9zZ2kuc2VydmljZS5wcmVmcy0xLjEuMi5wb20K"",""timestamp"":""2026-08-22T15:30:00.35054961Z""}"
"[INFO] Downloaded from central: https://repo.maven.apache.org/maven2/org/osgi/org.osgi.service.prefs/1.1.2/org.osgi.service.prefs-1.1.2.pom (1.7 kB at 55 kB/s)
",2026-08-22T15:30:00.381589963Z,info,"{""serviceId"":""87697b40-66d1-4a58-89e6-1068a09cbf8c"",""deploymentId"":""d6c8c3b8-3bb6-45c0-bc76-a9729ab89f82"",""deploymentInstanceId"":null}","{""level"":""info"",""source"":""buildkit"",""type"":""log"",""vertex"":""sha256:5123184c115415746b9e45a79609be5df6469d0b755767bd2a7f4b208b8cff02"",""stream"":1,""data"":""W0lORk9dIERvd25sb2FkZWQgZnJvbSBjZW50cmFsOiBodHRwczovL3JlcG8ubWF2ZW4uYXBhY2hlLm9yZy9tYXZlbjIvb3JnL29zZ2kvb3JnLm9zZ2kuc2VydmljZS5wcmVmcy8xLjEuMi9vcmcub3NnaS5zZXJ2aWNlLnByZWZzLTEuMS4yLnBvbSAoMS43IGtCIGF0IDU1IGtCL3MpCg=="",""timestamp"":""2026-08-22T15:30:00.381589963Z""}"
"[INFO] Downloading from central: https://repo.maven.apache.org/maven2/org/osgi/org.osgi.util.function/1.2.0/org.osgi.util.function-1.2.0.pom
",2026-08-22T15:30:00.384135372Z,info,"{""serviceId"":""87697b40-66d1-4a58-89e6-1068a09cbf8c"",""deploymentId"":""d6c8c3b8-3bb6-45c0-bc76-a9729ab89f82"",""deploymentInstanceId"":null}","{""level"":""info"",""source"":""buildkit"",""type"":""log"",""vertex"":""sha256:5123184c115415746b9e45a79609be5df6469d0b755767bd2a7f4b208b8cff02"",""stream"":1,""data"":""W0lORk9dIERvd25sb2FkaW5nIGZyb20gY2VudHJhbDogaHR0cHM6Ly9yZXBvLm1hdmVuLmFwYWNoZS5vcmcvbWF2ZW4yL29yZy9vc2dpL29yZy5vc2dpLnV0aWwuZnVuY3Rpb24vMS4yLjAvb3JnLm9zZ2kudXRpbC5mdW5jdGlvbi0xLjIuMC5wb20K"",""timestamp"":""2026-08-22T15:30:00.384135372Z""}"
"[INFO] Downloaded from central: https://repo.maven.apache.org/maven2/org/osgi/org.osgi.util.function/1.2.0/org.osgi.util.function-1.2.0.pom (1.7 kB at 52 kB/s)
",2026-08-22T15:30:00.416549686Z,info,"{""serviceId"":""87697b40-66d1-4a58-89e6-1068a09cbf8c"",""deploymentId"":""d6c8c3b8-3bb6-45c0-bc76-a9729ab89f82"",""deploymentInstanceId"":null}","{""level"":""info"",""source"":""buildkit"",""type"":""log"",""vertex"":""sha256:5123184c115415746b9e45a79609be5df6469d0b755767bd2a7f4b208b8cff02"",""stream"":1,""data"":""W0lORk9dIERvd25sb2FkZWQgZnJvbSBjZW50cmFsOiBodHRwczovL3JlcG8ubWF2ZW4uYXBhY2hlLm9yZy9tYXZlbjIvb3JnL29zZ2kvb3JnLm9zZ2kudXRpbC5mdW5jdGlvbi8xLjIuMC9vcmcub3NnaS51dGlsLmZ1bmN0aW9uLTEuMi4wLnBvbSAoMS43IGtCIGF0IDUyIGtCL3MpCg=="",""timestamp"":""2026-08-22T15:30:00.416549686Z""}"
"[INFO] Downloading from central: https://repo.maven.apache.org/maven2/org/osgi/org.osgi.util.promise/1.3.0/org.osgi.util.promise-1.3.0.pom
",2026-08-22T15:30:00.419058771Z,info,"{""serviceId"":""87697b40-66d1-4a58-89e6-1068a09cbf8c"",""deploymentId"":""d6c8c3b8-3bb6-45c0-bc76-a9729ab89f82"",""deploymentInstanceId"":null}","{""level"":""info"",""source"":""buildkit"",""type"":""log"",""vertex"":""sha256:5123184c115415746b9e45a79609be5df6469d0b755767bd2a7f4b208b8cff02"",""stream"":1,""data"":""W0lORk9dIERvd25sb2FkaW5nIGZyb20gY2VudHJhbDogaHR0cHM6Ly9yZXBvLm1hdmVuLmFwYWNoZS5vcmcvbWF2ZW4yL29yZy9vc2dpL29yZy5vc2dpLnV0aWwucHJvbWlzZS8xLjMuMC9vcmcub3NnaS51dGlsLnByb21pc2UtMS4zLjAucG9tCg=="",""timestamp"":""2026-08-22T15:30:00.419058771Z""}"
"[INFO] Downloaded from central: https://repo.maven.apache.org/maven2/org/osgi/org.osgi.util.promise/1.3.0/org.osgi.util.promise-1.3.0.pom (1.9 kB at 54 kB/s)
",2026-08-22T15:30:00.453283101Z,info,"{""serviceId"":""87697b40-66d1-4a58-89e6-1068a09cbf8c"",""deploymentId"":""d6c8c3b8-3bb6-45c0-bc76-a9729ab89f82"",""deploymentInstanceId"":null}","{""level"":""info"",""source"":""buildkit"",""type"":""log"",""vertex"":""sha256:5123184c115415746b9e45a79609be5df6469d0b755767bd2a7f4b208b8cff02"",""stream"":1,""data"":""W0lORk9dIERvd25sb2FkZWQgZnJvbSBjZW50cmFsOiBodHRwczovL3JlcG8ubWF2ZW4uYXBhY2hlLm9yZy9tYXZlbjIvb3JnL29zZ2kvb3JnLm9zZ2kudXRpbC5wcm9taXNlLzEuMy4wL29yZy5vc2dpLnV0aWwucHJvbWlzZS0xLjMuMC5wb20gKDEuOSBrQiBhdCA1NCBrQi9zKQo="",""timestamp"":""2026-08-22T15:30:00.453283101Z""}"
"[INFO] Downloading from central: https://repo.maven.apache.org/maven2/com/diffplug/durian/durian-swt.os/4.3.1/durian-swt.os-4.3.1.jar
",2026-08-22T15:30:00.460312938Z,info,"{""serviceId"":""87697b40-66d1-4a58-89e6-1068a09cbf8c"",""deploymentId"":""d6c8c3b8-3bb6-45c0-bc76-a9729ab89f82"",""deploymentInstanceId"":null}","{""level"":""info"",""source"":""buildkit"",""type"":""log"",""vertex"":""sha256:5123184c115415746b9e45a79609be5df6469d0b755767bd2a7f4b208b8cff02"",""stream"":1,""data"":""W0lORk9dIERvd25sb2FkaW5nIGZyb20gY2VudHJhbDogaHR0cHM6Ly9yZXBvLm1hdmVuLmFwYWNoZS5vcmcvbWF2ZW4yL2NvbS9kaWZmcGx1Zy9kdXJpYW4vZHVyaWFuLXN3dC5vcy80LjMuMS9kdXJpYW4tc3d0Lm9zLTQuMy4xLmphcgo="",""timestamp"":""2026-08-22T15:30:00.460312938Z""}"
"[INFO] Downloaded from central: https://repo.maven.apache.org/maven2/com/diffplug/durian/durian-swt.os/4.3.1/durian-swt.os-4.3.1.jar (13 kB at 612 kB/s)
",2026-08-22T15:30:00.482696552Z,info,"{""serviceId"":""87697b40-66d1-4a58-89e6-1068a09cbf8c"",""deploymentId"":""d6c8c3b8-3bb6-45c0-bc76-a9729ab89f82"",""deploymentInstanceId"":null}","{""level"":""info"",""source"":""buildkit"",""type"":""log"",""vertex"":""sha256:5123184c115415746b9e45a79609be5df6469d0b755767bd2a7f4b208b8cff02"",""stream"":1,""data"":""W0lORk9dIERvd25sb2FkZWQgZnJvbSBjZW50cmFsOiBodHRwczovL3JlcG8ubWF2ZW4uYXBhY2hlLm9yZy9tYXZlbjIvY29tL2RpZmZwbHVnL2R1cmlhbi9kdXJpYW4tc3d0Lm9zLzQuMy4xL2R1cmlhbi1zd3Qub3MtNC4zLjEuamFyICgxMyBrQiBhdCA2MTIga0IvcykK"",""timestamp"":""2026-08-22T15:30:00.482696552Z""}"
"[INFO] Downloading from central: https://repo.maven.apache.org/maven2/net/java/dev/jna/jna-platform/5.16.0/jna-platform-5.16.0.jar
",2026-08-22T15:30:00.483446107Z,info,"{""serviceId"":""87697b40-66d1-4a58-89e6-1068a09cbf8c"",""deploymentId"":""d6c8c3b8-3bb6-45c0-bc76-a9729ab89f82"",""deploymentInstanceId"":null}","{""level"":""info"",""source"":""buildkit"",""type"":""log"",""vertex"":""sha256:5123184c115415746b9e45a79609be5df6469d0b755767bd2a7f4b208b8cff02"",""stream"":1,""data"":""W0lORk9dIERvd25sb2FkaW5nIGZyb20gY2VudHJhbDogaHR0cHM6Ly9yZXBvLm1hdmVuLmFwYWNoZS5vcmcvbWF2ZW4yL25ldC9qYXZhL2Rldi9qbmEvam5hLXBsYXRmb3JtLzUuMTYuMC9qbmEtcGxhdGZvcm0tNS4xNi4wLmphcgo="",""timestamp"":""2026-08-22T15:30:00.483446107Z""}"
"[INFO] Downloading from central: https://repo.maven.apache.org/maven2/org/apache/felix/org.apache.felix.scr/2.2.12/org.apache.felix.scr-2.2.12.jar
",2026-08-22T15:30:00.4838612Z,info,"{""serviceId"":""87697b40-66d1-4a58-89e6-1068a09cbf8c"",""deploymentId"":""d6c8c3b8-3bb6-45c0-bc76-a9729ab89f82"",""deploymentInstanceId"":null}","{""level"":""info"",""source"":""buildkit"",""type"":""log"",""vertex"":""sha256:5123184c115415746b9e45a79609be5df6469d0b755767bd2a7f4b208b8cff02"",""stream"":1,""data"":""W0lORk9dIERvd25sb2FkaW5nIGZyb20gY2VudHJhbDogaHR0cHM6Ly9yZXBvLm1hdmVuLmFwYWNoZS5vcmcvbWF2ZW4yL29yZy9hcGFjaGUvZmVsaXgvb3JnLmFwYWNoZS5mZWxpeC5zY3IvMi4yLjEyL29yZy5hcGFjaGUuZmVsaXguc2NyLTIuMi4xMi5qYXIK"",""timestamp"":""2026-08-22T15:30:00.4838612Z""}"
"[INFO] Downloading from central: https://repo.maven.apache.org/maven2/org/eclipse/platform/org.eclipse.core.commands/3.12.300/org.eclipse.core.commands-3.12.300.jar
",2026-08-22T15:30:00.483892417Z,info,"{""serviceId"":""87697b40-66d1-4a58-89e6-1068a09cbf8c"",""deploymentId"":""d6c8c3b8-3bb6-45c0-bc76-a9729ab89f82"",""deploymentInstanceId"":null}","{""level"":""info"",""source"":""buildkit"",""type"":""log"",""vertex"":""sha256:5123184c115415746b9e45a79609be5df6469d0b755767bd2a7f4b208b8cff02"",""stream"":1,""data"":""W0lORk9dIERvd25sb2FkaW5nIGZyb20gY2VudHJhbDogaHR0cHM6Ly9yZXBvLm1hdmVuLmFwYWNoZS5vcmcvbWF2ZW4yL29yZy9lY2xpcHNlL3BsYXRmb3JtL29yZy5lY2xpcHNlLmNvcmUuY29tbWFuZHMvMy4xMi4zMDAvb3JnLmVjbGlwc2UuY29yZS5jb21tYW5kcy0zLjEyLjMwMC5qYXIK"",""timestamp"":""2026-08-22T15:30:00.483892417Z""}"
"[INFO] Downloading from central: https://repo.maven.apache.org/maven2/org/eclipse/platform/org.eclipse.core.contenttype/3.9.600/org.eclipse.core.contenttype-3.9.600.jar
[INFO] Downloading from central: https://repo.maven.apache.org/maven2/org/eclipse/platform/org.eclipse.core.expressions/3.9.400/org.eclipse.core.expressions-3.9.400.jar
",2026-08-22T15:30:00.484324114Z,info,"{""serviceId"":""87697b40-66d1-4a58-89e6-1068a09cbf8c"",""deploymentId"":""d6c8c3b8-3bb6-45c0-bc76-a9729ab89f82"",""deploymentInstanceId"":null}","{""level"":""info"",""source"":""buildkit"",""type"":""log"",""vertex"":""sha256:5123184c115415746b9e45a79609be5df6469d0b755767bd2a7f4b208b8cff02"",""stream"":1,""data"":""W0lORk9dIERvd25sb2FkaW5nIGZyb20gY2VudHJhbDogaHR0cHM6Ly9yZXBvLm1hdmVuLmFwYWNoZS5vcmcvbWF2ZW4yL29yZy9lY2xpcHNlL3BsYXRmb3JtL29yZy5lY2xpcHNlLmNvcmUuY29udGVudHR5cGUvMy45LjYwMC9vcmcuZWNsaXBzZS5jb3JlLmNvbnRlbnR0eXBlLTMuOS42MDAuamFyCltJTkZPXSBEb3dubG9hZGluZyBmcm9tIGNlbnRyYWw6IGh0dHBzOi8vcmVwby5tYXZlbi5hcGFjaGUub3JnL21hdmVuMi9vcmcvZWNsaXBzZS9wbGF0Zm9ybS9vcmcuZWNsaXBzZS5jb3JlLmV4cHJlc3Npb25zLzMuOS40MDAvb3JnLmVjbGlwc2UuY29yZS5leHByZXNzaW9ucy0zLjkuNDAwLmphcgo="",""timestamp"":""2026-08-22T15:30:00.484324114Z""}"
"[INFO] Downloaded from central: https://repo.maven.apache.org/maven2/org/apache/felix/org.apache.felix.scr/2.2.12/org.apache.felix.scr-2.2.12.jar (409 kB at 14 MB/s)
[INFO] Downloading from central: https://repo.maven.apache.org/maven2/org/eclipse/platform/org.eclipse.core.filesystem/1.11.100/org.eclipse.core.filesystem-1.11.100.jar
",2026-08-22T15:30:00.512878127Z,info,"{""serviceId"":""87697b40-66d1-4a58-89e6-1068a09cbf8c"",""deploymentId"":""d6c8c3b8-3bb6-45c0-bc76-a9729ab89f82"",""deploymentInstanceId"":null}","{""level"":""info"",""source"":""buildkit"",""type"":""log"",""vertex"":""sha256:5123184c115415746b9e45a79609be5df6469d0b755767bd2a7f4b208b8cff02"",""stream"":1,""data"":""W0lORk9dIERvd25sb2FkZWQgZnJvbSBjZW50cmFsOiBodHRwczovL3JlcG8ubWF2ZW4uYXBhY2hlLm9yZy9tYXZlbjIvb3JnL2FwYWNoZS9mZWxpeC9vcmcuYXBhY2hlLmZlbGl4LnNjci8yLjIuMTIvb3JnLmFwYWNoZS5mZWxpeC5zY3ItMi4yLjEyLmphciAoNDA5IGtCIGF0IDE0IE1CL3MpCltJTkZPXSBEb3dubG9hZGluZyBmcm9tIGNlbnRyYWw6IGh0dHBzOi8vcmVwby5tYXZlbi5hcGFjaGUub3JnL21hdmVuMi9vcmcvZWNsaXBzZS9wbGF0Zm9ybS9vcmcuZWNsaXBzZS5jb3JlLmZpbGVzeXN0ZW0vMS4xMS4xMDAvb3JnLmVjbGlwc2UuY29yZS5maWxlc3lzdGVtLTEuMTEuMTAwLmphcgo="",""timestamp"":""2026-08-22T15:30:00.512878127Z""}"
"[INFO] Downloaded from central: https://repo.maven.apache.org/maven2/org/eclipse/platform/org.eclipse.core.commands/3.12.300/org.eclipse.core.commands-3.12.300.jar (122 kB at 3.9 MB/s)
[INFO] Downloading from central: https://repo.maven.apache.org/maven2/org/eclipse/platform/org.eclipse.core.jobs/3.15.500/org.eclipse.core.jobs-3.15.500.jar
",2026-08-22T15:30:00.515090226Z,info,"{""serviceId"":""87697b40-66d1-4a58-89e6-1068a09cbf8c"",""deploymentId"":""d6c8c3b8-3bb6-45c0-bc76-a9729ab89f82"",""deploymentInstanceId"":null}","{""level"":""info"",""source"":""buildkit"",""type"":""log"",""vertex"":""sha256:5123184c115415746b9e45a79609be5df6469d0b755767bd2a7f4b208b8cff02"",""stream"":1,""data"":""W0lORk9dIERvd25sb2FkZWQgZnJvbSBjZW50cmFsOiBodHRwczovL3JlcG8ubWF2ZW4uYXBhY2hlLm9yZy9tYXZlbjIvb3JnL2VjbGlwc2UvcGxhdGZvcm0vb3JnLmVjbGlwc2UuY29yZS5jb21tYW5kcy8zLjEyLjMwMC9vcmcuZWNsaXBzZS5jb3JlLmNvbW1hbmRzLTMuMTIuMzAwLmphciAoMTIyIGtCIGF0IDMuOSBNQi9zKQpbSU5GT10gRG93bmxvYWRpbmcgZnJvbSBjZW50cmFsOiBodHRwczovL3JlcG8ubWF2ZW4uYXBhY2hlLm9yZy9tYXZlbjIvb3JnL2VjbGlwc2UvcGxhdGZvcm0vb3JnLmVjbGlwc2UuY29yZS5qb2JzLzMuMTUuNTAwL29yZy5lY2xpcHNlLmNvcmUuam9icy0zLjE1LjUwMC5qYXIK"",""timestamp"":""2026-08-22T15:30:00.515090226Z""}"
"[INFO] Downloaded from central: https://repo.maven.apache.org/maven2/org/eclipse/platform/org.eclipse.core.expressions/3.9.400/org.eclipse.core.expressions-3.9.400.jar (98 kB at 3.1 MB/s)
[INFO] Downloading from central: https://repo.maven.apache.org/maven2/org/eclipse/platform/org.eclipse.core.resources/3.22.100/org.eclipse.core.resources-3.22.100.jar
",2026-08-22T15:30:00.515769886Z,info,"{""serviceId"":""87697b40-66d1-4a58-89e6-1068a09cbf8c"",""deploymentId"":""d6c8c3b8-3bb6-45c0-bc76-a9729ab89f82"",""deploymentInstanceId"":null}","{""level"":""info"",""source"":""buildkit"",""type"":""log"",""vertex"":""sha256:5123184c115415746b9e45a79609be5df6469d0b755767bd2a7f4b208b8cff02"",""stream"":1,""data"":""W0lORk9dIERvd25sb2FkZWQgZnJvbSBjZW50cmFsOiBodHRwczovL3JlcG8ubWF2ZW4uYXBhY2hlLm9yZy9tYXZlbjIvb3JnL2VjbGlwc2UvcGxhdGZvcm0vb3JnLmVjbGlwc2UuY29yZS5leHByZXNzaW9ucy8zLjkuNDAwL29yZy5lY2xpcHNlLmNvcmUuZXhwcmVzc2lvbnMtMy45LjQwMC5qYXIgKDk4IGtCIGF0IDMuMSBNQi9zKQpbSU5GT10gRG93bmxvYWRpbmcgZnJvbSBjZW50cmFsOiBodHRwczovL3JlcG8ubWF2ZW4uYXBhY2hlLm9yZy9tYXZlbjIvb3JnL2VjbGlwc2UvcGxhdGZvcm0vb3JnLmVjbGlwc2UuY29yZS5yZXNvdXJjZXMvMy4yMi4xMDAvb3JnLmVjbGlwc2UuY29yZS5yZXNvdXJjZXMtMy4yMi4xMDAuamFyCg=="",""timestamp"":""2026-08-22T15:30:00.515769886Z""}"
"[INFO] Downloaded from central: https://repo.maven.apache.org/maven2/net/java/dev/jna/jna-platform/5.16.0/jna-platform-5.16.0.jar (1.4 MB at 39 MB/s)
[INFO] Downloading from central: https://repo.maven.apache.org/maven2/org/eclipse/platform/org.eclipse.core.runtime/3.33.0/org.eclipse.core.runtime-3.33.0.jar
",2026-08-22T15:30:00.517805179Z,info,"{""serviceId"":""87697b40-66d1-4a58-89e6-1068a09cbf8c"",""deploymentId"":""d6c8c3b8-3bb6-45c0-bc76-a9729ab89f82"",""deploymentInstanceId"":null}","{""level"":""info"",""source"":""buildkit"",""type"":""log"",""vertex"":""sha256:5123184c115415746b9e45a79609be5df6469d0b755767bd2a7f4b208b8cff02"",""stream"":1,""data"":""W0lORk9dIERvd25sb2FkZWQgZnJvbSBjZW50cmFsOiBodHRwczovL3JlcG8ubWF2ZW4uYXBhY2hlLm9yZy9tYXZlbjIvbmV0L2phdmEvZGV2L2puYS9qbmEtcGxhdGZvcm0vNS4xNi4wL2puYS1wbGF0Zm9ybS01LjE2LjAuamFyICgxLjQgTUIgYXQgMzkgTUIvcykKW0lORk9dIERvd25sb2FkaW5nIGZyb20gY2VudHJhbDogaHR0cHM6Ly9yZXBvLm1hdmVuLmFwYWNoZS5vcmcvbWF2ZW4yL29yZy9lY2xpcHNlL3BsYXRmb3JtL29yZy5lY2xpcHNlLmNvcmUucnVudGltZS8zLjMzLjAvb3JnLmVjbGlwc2UuY29yZS5ydW50aW1lLTMuMzMuMC5qYXIK"",""timestamp"":""2026-08-22T15:30:00.517805179Z""}"
"[INFO] Downloaded from central: https://repo.maven.apache.org/maven2/org/eclipse/platform/org.eclipse.core.contenttype/3.9.600/org.eclipse.core.contenttype-3.9.600.jar (107 kB at 2.9 MB/s)
[INFO] Downloading from central: https://repo.maven.apache.org/maven2/org/eclipse/platform/org.eclipse.equinox.app/1.7.300/org.eclipse.equinox.app-1.7.300.jar
",2026-08-22T15:30:00.520683037Z,info,"{""serviceId"":""87697b40-66d1-4a58-89e6-1068a09cbf8c"",""deploymentId"":""d6c8c3b8-3bb6-45c0-bc76-a9729ab89f82"",""deploymentInstanceId"":null}","{""level"":""info"",""source"":""buildkit"",""type"":""log"",""vertex"":""sha256:5123184c115415746b9e45a79609be5df6469d0b755767bd2a7f4b208b8cff02"",""stream"":1,""data"":""W0lORk9dIERvd25sb2FkZWQgZnJvbSBjZW50cmFsOiBodHRwczovL3JlcG8ubWF2ZW4uYXBhY2hlLm9yZy9tYXZlbjIvb3JnL2VjbGlwc2UvcGxhdGZvcm0vb3JnLmVjbGlwc2UuY29yZS5jb250ZW50dHlwZS8zLjkuNjAwL29yZy5lY2xpcHNlLmNvcmUuY29udGVudHR5cGUtMy45LjYwMC5qYXIgKDEwNyBrQiBhdCAyLjkgTUIvcykKW0lORk9dIERvd25sb2FkaW5nIGZyb20gY2VudHJhbDogaHR0cHM6Ly9yZXBvLm1hdmVuLmFwYWNoZS5vcmcvbWF2ZW4yL29yZy9lY2xpcHNlL3BsYXRmb3JtL29yZy5lY2xpcHNlLmVxdWlub3guYXBwLzEuNy4zMDAvb3JnLmVjbGlwc2UuZXF1aW5veC5hcHAtMS43LjMwMC5qYXIK"",""timestamp"":""2026-08-22T15:30:00.520683037Z""}"
"[INFO] Downloaded from central: https://repo.maven.apache.org/maven2/org/eclipse/platform/org.eclipse.core.filesystem/1.11.100/org.eclipse.core.filesystem-1.11.100.jar (79 kB at 1.5 MB/s)
[INFO] Downloading from central: https://repo.maven.apache.org/maven2/org/eclipse/platform/org.eclipse.equinox.common/3.20.0/org.eclipse.equinox.common-3.20.0.jar
",2026-08-22T15:30:00.537878767Z,info,"{""serviceId"":""87697b40-66d1-4a58-89e6-1068a09cbf8c"",""deploymentId"":""d6c8c3b8-3bb6-45c0-bc76-a9729ab89f82"",""deploymentInstanceId"":null}","{""level"":""info"",""source"":""buildkit"",""type"":""log"",""vertex"":""sha256:5123184c115415746b9e45a79609be5df6469d0b755767bd2a7f4b208b8cff02"",""stream"":1,""data"":""W0lORk9dIERvd25sb2FkZWQgZnJvbSBjZW50cmFsOiBodHRwczovL3JlcG8ubWF2ZW4uYXBhY2hlLm9yZy9tYXZlbjIvb3JnL2VjbGlwc2UvcGxhdGZvcm0vb3JnLmVjbGlwc2UuY29yZS5maWxlc3lzdGVtLzEuMTEuMTAwL29yZy5lY2xpcHNlLmNvcmUuZmlsZXN5c3RlbS0xLjExLjEwMC5qYXIgKDc5IGtCIGF0IDEuNSBNQi9zKQpbSU5GT10gRG93bmxvYWRpbmcgZnJvbSBjZW50cmFsOiBodHRwczovL3JlcG8ubWF2ZW4uYXBhY2hlLm9yZy9tYXZlbjIvb3JnL2VjbGlwc2UvcGxhdGZvcm0vb3JnLmVjbGlwc2UuZXF1aW5veC5jb21tb24vMy4yMC4wL29yZy5lY2xpcHNlLmVxdWlub3guY29tbW9uLTMuMjAuMC5qYXIK"",""timestamp"":""2026-08-22T15:30:00.537878767Z""}"
"[INFO] Downloaded from central: https://repo.maven.apache.org/maven2/org/eclipse/platform/org.eclipse.equinox.app/1.7.300/org.eclipse.equinox.app-1.7.300.jar (96 kB at 1.7 MB/s)
[INFO] Downloading from central: https://repo.maven.apache.org/maven2/org/eclipse/platform/org.eclipse.equinox.event/1.7.200/org.eclipse.equinox.event-1.7.200.jar
",2026-08-22T15:30:00.542407012Z,info,"{""serviceId"":""87697b40-66d1-4a58-89e6-1068a09cbf8c"",""deploymentId"":""d6c8c3b8-3bb6-45c0-bc76-a9729ab89f82"",""deploymentInstanceId"":null}","{""level"":""info"",""source"":""buildkit"",""type"":""log"",""vertex"":""sha256:5123184c115415746b9e45a79609be5df6469d0b755767bd2a7f4b208b8cff02"",""stream"":1,""data"":""W0lORk9dIERvd25sb2FkZWQgZnJvbSBjZW50cmFsOiBodHRwczovL3JlcG8ubWF2ZW4uYXBhY2hlLm9yZy9tYXZlbjIvb3JnL2VjbGlwc2UvcGxhdGZvcm0vb3JnLmVjbGlwc2UuZXF1aW5veC5hcHAvMS43LjMwMC9vcmcuZWNsaXBzZS5lcXVpbm94LmFwcC0xLjcuMzAwLmphciAoOTYga0IgYXQgMS43IE1CL3MpCltJTkZPXSBEb3dubG9hZGluZyBmcm9tIGNlbnRyYWw6IGh0dHBzOi8vcmVwby5tYXZlbi5hcGFjaGUub3JnL21hdmVuMi9vcmcvZWNsaXBzZS9wbGF0Zm9ybS9vcmcuZWNsaXBzZS5lcXVpbm94LmV2ZW50LzEuNy4yMDAvb3JnLmVjbGlwc2UuZXF1aW5veC5ldmVudC0xLjcuMjAwLmphcgo="",""timestamp"":""2026-08-22T15:30:00.542407012Z""}"
"[INFO] Downloaded from central: https://repo.maven.apache.org/maven2/org/eclipse/platform/org.eclipse.core.runtime/3.33.0/org.eclipse.core.runtime-3.33.0.jar (83 kB at 1.4 MB/s)
",2026-08-22T15:30:00.543930427Z,info,"{""serviceId"":""87697b40-66d1-4a58-89e6-1068a09cbf8c"",""deploymentId"":""d6c8c3b8-3bb6-45c0-bc76-a9729ab89f82"",""deploymentInstanceId"":null}","{""level"":""info"",""source"":""buildkit"",""type"":""log"",""vertex"":""sha256:5123184c115415746b9e45a79609be5df6469d0b755767bd2a7f4b208b8cff02"",""stream"":1,""data"":""W0lORk9dIERvd25sb2FkZWQgZnJvbSBjZW50cmFsOiBodHRwczovL3JlcG8ubWF2ZW4uYXBhY2hlLm9yZy9tYXZlbjIvb3JnL2VjbGlwc2UvcGxhdGZvcm0vb3JnLmVjbGlwc2UuY29yZS5ydW50aW1lLzMuMzMuMC9vcmcuZWNsaXBzZS5jb3JlLnJ1bnRpbWUtMy4zMy4wLmphciAoODMga0IgYXQgMS40IE1CL3MpCg=="",""timestamp"":""2026-08-22T15:30:00.543930427Z""}"
"[INFO] Downloading from central: https://repo.maven.apache.org/maven2/org/eclipse/platform/org.eclipse.equinox.preferences/3.11.300/org.eclipse.equinox.preferences-3.11.300.jar
",2026-08-22T15:30:00.543944949Z,info,"{""serviceId"":""87697b40-66d1-4a58-89e6-1068a09cbf8c"",""deploymentId"":""d6c8c3b8-3bb6-45c0-bc76-a9729ab89f82"",""deploymentInstanceId"":null}","{""level"":""info"",""source"":""buildkit"",""type"":""log"",""vertex"":""sha256:5123184c115415746b9e45a79609be5df6469d0b755767bd2a7f4b208b8cff02"",""stream"":1,""data"":""W0lORk9dIERvd25sb2FkaW5nIGZyb20gY2VudHJhbDogaHR0cHM6Ly9yZXBvLm1hdmVuLmFwYWNoZS5vcmcvbWF2ZW4yL29yZy9lY2xpcHNlL3BsYXRmb3JtL29yZy5lY2xpcHNlLmVxdWlub3gucHJlZmVyZW5jZXMvMy4xMS4zMDAvb3JnLmVjbGlwc2UuZXF1aW5veC5wcmVmZXJlbmNlcy0zLjExLjMwMC5qYXIK"",""timestamp"":""2026-08-22T15:30:00.543944949Z""}"
"[INFO] Downloaded from central: https://repo.maven.apache.org/maven2/org/eclipse/platform/org.eclipse.core.jobs/3.15.500/org.eclipse.core.jobs-3.15.500.jar (120 kB at 1.9 MB/s)
",2026-08-22T15:30:00.549969418Z,info,"{""serviceId"":""87697b40-66d1-4a58-89e6-1068a09cbf8c"",""deploymentId"":""d6c8c3b8-3bb6-45c0-bc76-a9729ab89f82"",""deploymentInstanceId"":null}","{""level"":""info"",""source"":""buildkit"",""type"":""log"",""vertex"":""sha256:5123184c115415746b9e45a79609be5df6469d0b755767bd2a7f4b208b8cff02"",""stream"":1,""data"":""W0lORk9dIERvd25sb2FkZWQgZnJvbSBjZW50cmFsOiBodHRwczovL3JlcG8ubWF2ZW4uYXBhY2hlLm9yZy9tYXZlbjIvb3JnL2VjbGlwc2UvcGxhdGZvcm0vb3JnLmVjbGlwc2UuY29yZS5qb2JzLzMuMTUuNTAwL29yZy5lY2xpcHNlLmNvcmUuam9icy0zLjE1LjUwMC5qYXIgKDEyMCBrQiBhdCAxLjkgTUIvcykK"",""timestamp"":""2026-08-22T15:30:00.549969418Z""}"
"[INFO] Downloading from central: https://repo.maven.apache.org/maven2/org/eclipse/platform/org.eclipse.equinox.registry/3.12.300/org.eclipse.equinox.registry-3.12.300.jar
",2026-08-22T15:30:00.549986013Z,info,"{""serviceId"":""87697b40-66d1-4a58-89e6-1068a09cbf8c"",""deploymentId"":""d6c8c3b8-3bb6-45c0-bc76-a9729ab89f82"",""deploymentInstanceId"":null}","{""level"":""info"",""source"":""buildkit"",""type"":""log"",""vertex"":""sha256:5123184c115415746b9e45a79609be5df6469d0b755767bd2a7f4b208b8cff02"",""stream"":1,""data"":""W0lORk9dIERvd25sb2FkaW5nIGZyb20gY2VudHJhbDogaHR0cHM6Ly9yZXBvLm1hdmVuLmFwYWNoZS5vcmcvbWF2ZW4yL29yZy9lY2xpcHNlL3BsYXRmb3JtL29yZy5lY2xpcHNlLmVxdWlub3gucmVnaXN0cnkvMy4xMi4zMDAvb3JnLmVjbGlwc2UuZXF1aW5veC5yZWdpc3RyeS0zLjEyLjMwMC5qYXIK"",""timestamp"":""2026-08-22T15:30:00.549986013Z""}"
"[INFO] Downloaded from central: https://repo.maven.apache.org/maven2/org/eclipse/platform/org.eclipse.core.resources/3.22.100/org.eclipse.core.resources-3.22.100.jar (959 kB at 15 MB/s)
[INFO] Downloading from central: https://repo.maven.apache.org/maven2/org/eclipse/platform/org.eclipse.equinox.supplement/1.12.0/org.eclipse.equinox.supplement-1.12.0.jar
",2026-08-22T15:30:00.550566614Z,info,"{""serviceId"":""87697b40-66d1-4a58-89e6-1068a09cbf8c"",""deploymentId"":""d6c8c3b8-3bb6-45c0-bc76-a9729ab89f82"",""deploymentInstanceId"":null}","{""level"":""info"",""source"":""buildkit"",""type"":""log"",""vertex"":""sha256:5123184c115415746b9e45a79609be5df6469d0b755767bd2a7f4b208b8cff02"",""stream"":1,""data"":""W0lORk9dIERvd25sb2FkZWQgZnJvbSBjZW50cmFsOiBodHRwczovL3JlcG8ubWF2ZW4uYXBhY2hlLm9yZy9tYXZlbjIvb3JnL2VjbGlwc2UvcGxhdGZvcm0vb3JnLmVjbGlwc2UuY29yZS5yZXNvdXJjZXMvMy4yMi4xMDAvb3JnLmVjbGlwc2UuY29yZS5yZXNvdXJjZXMtMy4yMi4xMDAuamFyICg5NTkga0IgYXQgMTUgTUIvcykKW0lORk9dIERvd25sb2FkaW5nIGZyb20gY2VudHJhbDogaHR0cHM6Ly9yZXBvLm1hdmVuLmFwYWNoZS5vcmcvbWF2ZW4yL29yZy9lY2xpcHNlL3BsYXRmb3JtL29yZy5lY2xpcHNlLmVxdWlub3guc3VwcGxlbWVudC8xLjEyLjAvb3JnLmVjbGlwc2UuZXF1aW5veC5zdXBwbGVtZW50LTEuMTIuMC5qYXIK"",""timestamp"":""2026-08-22T15:30:00.550566614Z""}"
"[INFO] Downloaded from central: https://repo.maven.apache.org/maven2/org/eclipse/platform/org.eclipse.equinox.event/1.7.200/org.eclipse.equinox.event-1.7.200.jar (38 kB at 479 kB/s)
[INFO] Downloading from central: https://repo.maven.apache.org/maven2/org/eclipse/jdt/org.eclipse.jdt.core/3.41.0/org.eclipse.jdt.core-3.41.0.jar
",2026-08-22T15:30:00.56353388Z,info,"{""serviceId"":""87697b40-66d1-4a58-89e6-1068a09cbf8c"",""deploymentId"":""d6c8c3b8-3bb6-45c0-bc76-a9729ab89f82"",""deploymentInstanceId"":null}","{""level"":""info"",""source"":""buildkit"",""type"":""log"",""vertex"":""sha256:5123184c115415746b9e45a79609be5df6469d0b755767bd2a7f4b208b8cff02"",""stream"":1,""data"":""W0lORk9dIERvd25sb2FkZWQgZnJvbSBjZW50cmFsOiBodHRwczovL3JlcG8ubWF2ZW4uYXBhY2hlLm9yZy9tYXZlbjIvb3JnL2VjbGlwc2UvcGxhdGZvcm0vb3JnLmVjbGlwc2UuZXF1aW5veC5ldmVudC8xLjcuMjAwL29yZy5lY2xpcHNlLmVxdWlub3guZXZlbnQtMS43LjIwMC5qYXIgKDM4IGtCIGF0IDQ3OSBrQi9zKQpbSU5GT10gRG93bmxvYWRpbmcgZnJvbSBjZW50cmFsOiBodHRwczovL3JlcG8ubWF2ZW4uYXBhY2hlLm9yZy9tYXZlbjIvb3JnL2VjbGlwc2UvamR0L29yZy5lY2xpcHNlLmpkdC5jb3JlLzMuNDEuMC9vcmcuZWNsaXBzZS5qZHQuY29yZS0zLjQxLjAuamFyCg=="",""timestamp"":""2026-08-22T15:30:00.56353388Z""}"
"[INFO] Downloaded from central: https://repo.maven.apache.org/maven2/org/eclipse/platform/org.eclipse.equinox.common/3.20.0/org.eclipse.equinox.common-3.20.0.jar (164 kB at 2.1 MB/s)
",2026-08-22T15:30:00.563653059Z,info,"{""serviceId"":""87697b40-66d1-4a58-89e6-1068a09cbf8c"",""deploymentId"":""d6c8c3b8-3bb6-45c0-bc76-a9729ab89f82"",""deploymentInstanceId"":null}","{""level"":""info"",""source"":""buildkit"",""type"":""log"",""vertex"":""sha256:5123184c115415746b9e45a79609be5df6469d0b755767bd2a7f4b208b8cff02"",""stream"":1,""data"":""W0lORk9dIERvd25sb2FkZWQgZnJvbSBjZW50cmFsOiBodHRwczovL3JlcG8ubWF2ZW4uYXBhY2hlLm9yZy9tYXZlbjIvb3JnL2VjbGlwc2UvcGxhdGZvcm0vb3JnLmVjbGlwc2UuZXF1aW5veC5jb21tb24vMy4yMC4wL29yZy5lY2xpcHNlLmVxdWlub3guY29tbW9uLTMuMjAuMC5qYXIgKDE2NCBrQiBhdCAyLjEgTUIvcykK"",""timestamp"":""2026-08-22T15:30:00.563653059Z""}"
"[INFO] Downloading from central: https://repo.maven.apache.org/maven2/org/eclipse/jdt/ecj/3.41.0/ecj-3.41.0.jar
",2026-08-22T15:30:00.563730275Z,info,"{""serviceId"":""87697b40-66d1-4a58-89e6-1068a09cbf8c"",""deploymentId"":""d6c8c3b8-3bb6-45c0-bc76-a9729ab89f82"",""deploymentInstanceId"":null}","{""level"":""info"",""source"":""buildkit"",""type"":""log"",""vertex"":""sha256:5123184c115415746b9e45a79609be5df6469d0b755767bd2a7f4b208b8cff02"",""stream"":1,""data"":""W0lORk9dIERvd25sb2FkaW5nIGZyb20gY2VudHJhbDogaHR0cHM6Ly9yZXBvLm1hdmVuLmFwYWNoZS5vcmcvbWF2ZW4yL29yZy9lY2xpcHNlL2pkdC9lY2ovMy40MS4wL2Vjai0zLjQxLjAuamFyCg=="",""timestamp"":""2026-08-22T15:30:00.563730275Z""}"
"[INFO] Downloaded from central: https://repo.maven.apache.org/maven2/org/eclipse/platform/org.eclipse.equinox.preferences/3.11.300/org.eclipse.equinox.preferences-3.11.300.jar (130 kB at 1.5 MB/s)
[INFO] Downloading from central: https://repo.maven.apache.org/maven2/org/eclipse/platform/org.eclipse.osgi/3.23.0/org.eclipse.osgi-3.23.0.jar
",2026-08-22T15:30:00.568213692Z,info,"{""serviceId"":""87697b40-66d1-4a58-89e6-1068a09cbf8c"",""deploymentId"":""d6c8c3b8-3bb6-45c0-bc76-a9729ab89f82"",""deploymentInstanceId"":null}","{""level"":""info"",""source"":""buildkit"",""type"":""log"",""vertex"":""sha256:5123184c115415746b9e45a79609be5df6469d0b755767bd2a7f4b208b8cff02"",""stream"":1,""data"":""W0lORk9dIERvd25sb2FkZWQgZnJvbSBjZW50cmFsOiBodHRwczovL3JlcG8ubWF2ZW4uYXBhY2hlLm9yZy9tYXZlbjIvb3JnL2VjbGlwc2UvcGxhdGZvcm0vb3JnLmVjbGlwc2UuZXF1aW5veC5wcmVmZXJlbmNlcy8zLjExLjMwMC9vcmcuZWNsaXBzZS5lcXVpbm94LnByZWZlcmVuY2VzLTMuMTEuMzAwLmphciAoMTMwIGtCIGF0IDEuNSBNQi9zKQpbSU5GT10gRG93bmxvYWRpbmcgZnJvbSBjZW50cmFsOiBodHRwczovL3JlcG8ubWF2ZW4uYXBhY2hlLm9yZy9tYXZlbjIvb3JnL2VjbGlwc2UvcGxhdGZvcm0vb3JnLmVjbGlwc2Uub3NnaS8zLjIzLjAvb3JnLmVjbGlwc2Uub3NnaS0zLjIzLjAuamFyCg=="",""timestamp"":""2026-08-22T15:30:00.568213692Z""}"
"[INFO] Downloaded from central: https://repo.maven.apache.org/maven2/org/eclipse/platform/org.eclipse.equinox.supplement/1.12.0/org.eclipse.equinox.supplement-1.12.0.jar (112 kB at 1.2 MB/s)
[INFO] Downloading from central: https://repo.maven.apache.org/maven2/org/eclipse/platform/org.eclipse.text/3.14.300/org.eclipse.text-3.14.300.jar
",2026-08-22T15:30:00.577667256Z,info,"{""serviceId"":""87697b40-66d1-4a58-89e6-1068a09cbf8c"",""deploymentId"":""d6c8c3b8-3bb6-45c0-bc76-a9729ab89f82"",""deploymentInstanceId"":null}","{""level"":""info"",""source"":""buildkit"",""type"":""log"",""vertex"":""sha256:5123184c115415746b9e45a79609be5df6469d0b755767bd2a7f4b208b8cff02"",""stream"":1,""data"":""W0lORk9dIERvd25sb2FkZWQgZnJvbSBjZW50cmFsOiBodHRwczovL3JlcG8ubWF2ZW4uYXBhY2hlLm9yZy9tYXZlbjIvb3JnL2VjbGlwc2UvcGxhdGZvcm0vb3JnLmVjbGlwc2UuZXF1aW5veC5zdXBwbGVtZW50LzEuMTIuMC9vcmcuZWNsaXBzZS5lcXVpbm94LnN1cHBsZW1lbnQtMS4xMi4wLmphciAoMTEyIGtCIGF0IDEuMiBNQi9zKQpbSU5GT10gRG93bmxvYWRpbmcgZnJvbSBjZW50cmFsOiBodHRwczovL3JlcG8ubWF2ZW4uYXBhY2hlLm9yZy9tYXZlbjIvb3JnL2VjbGlwc2UvcGxhdGZvcm0vb3JnLmVjbGlwc2UudGV4dC8zLjE0LjMwMC9vcmcuZWNsaXBzZS50ZXh0LTMuMTQuMzAwLmphcgo="",""timestamp"":""2026-08-22T15:30:00.577667256Z""}"
"[INFO] Downloaded from central: https://repo.maven.apache.org/maven2/org/eclipse/platform/org.eclipse.equinox.registry/3.12.300/org.eclipse.equinox.registry-3.12.300.jar (206 kB at 2.2 MB/s)
[INFO] Downloading from central: https://repo.maven.apache.org/maven2/org/osgi/org.osgi.service.cm/1.6.1/org.osgi.service.cm-1.6.1.jar
",2026-08-22T15:30:00.57800993Z,info,"{""serviceId"":""87697b40-66d1-4a58-89e6-1068a09cbf8c"",""deploymentId"":""d6c8c3b8-3bb6-45c0-bc76-a9729ab89f82"",""deploymentInstanceId"":null}","{""level"":""info"",""source"":""buildkit"",""type"":""log"",""vertex"":""sha256:5123184c115415746b9e45a79609be5df6469d0b755767bd2a7f4b208b8cff02"",""stream"":1,""data"":""W0lORk9dIERvd25sb2FkZWQgZnJvbSBjZW50cmFsOiBodHRwczovL3JlcG8ubWF2ZW4uYXBhY2hlLm9yZy9tYXZlbjIvb3JnL2VjbGlwc2UvcGxhdGZvcm0vb3JnLmVjbGlwc2UuZXF1aW5veC5yZWdpc3RyeS8zLjEyLjMwMC9vcmcuZWNsaXBzZS5lcXVpbm94LnJlZ2lzdHJ5LTMuMTIuMzAwLmphciAoMjA2IGtCIGF0IDIuMiBNQi9zKQpbSU5GT10gRG93bmxvYWRpbmcgZnJvbSBjZW50cmFsOiBodHRwczovL3JlcG8ubWF2ZW4uYXBhY2hlLm9yZy9tYXZlbjIvb3JnL29zZ2kvb3JnLm9zZ2kuc2VydmljZS5jbS8xLjYuMS9vcmcub3NnaS5zZXJ2aWNlLmNtLTEuNi4xLmphcgo="",""timestamp"":""2026-08-22T15:30:00.57800993Z""}"
"[INFO] Downloaded from central: https://repo.maven.apache.org/maven2/org/eclipse/platform/org.eclipse.osgi/3.23.0/org.eclipse.osgi-3.23.0.jar (1.6 MB at 13 MB/s)
",2026-08-22T15:30:00.601573054Z,info,"{""serviceId"":""87697b40-66d1-4a58-89e6-1068a09cbf8c"",""deploymentId"":""d6c8c3b8-3bb6-45c0-bc76-a9729ab89f82"",""deploymentInstanceId"":null}","{""level"":""info"",""source"":""buildkit"",""type"":""log"",""vertex"":""sha256:5123184c115415746b9e45a79609be5df6469d0b755767bd2a7f4b208b8cff02"",""stream"":1,""data"":""W0lORk9dIERvd25sb2FkZWQgZnJvbSBjZW50cmFsOiBodHRwczovL3JlcG8ubWF2ZW4uYXBhY2hlLm9yZy9tYXZlbjIvb3JnL2VjbGlwc2UvcGxhdGZvcm0vb3JnLmVjbGlwc2Uub3NnaS8zLjIzLjAvb3JnLmVjbGlwc2Uub3NnaS0zLjIzLjAuamFyICgxLjYgTUIgYXQgMTMgTUIvcykK"",""timestamp"":""2026-08-22T15:30:00.601573054Z""}"
"[INFO] Downloading from central: https://repo.maven.apache.org/maven2/org/osgi/org.osgi.service.component/1.5.1/org.osgi.service.component-1.5.1.jar
",2026-08-22T15:30:00.601660055Z,info,"{""serviceId"":""87697b40-66d1-4a58-89e6-1068a09cbf8c"",""deploymentId"":""d6c8c3b8-3bb6-45c0-bc76-a9729ab89f82"",""deploymentInstanceId"":null}","{""level"":""info"",""source"":""buildkit"",""type"":""log"",""vertex"":""sha256:5123184c115415746b9e45a79609be5df6469d0b755767bd2a7f4b208b8cff02"",""stream"":1,""data"":""W0lORk9dIERvd25sb2FkaW5nIGZyb20gY2VudHJhbDogaHR0cHM6Ly9yZXBvLm1hdmVuLmFwYWNoZS5vcmcvbWF2ZW4yL29yZy9vc2dpL29yZy5vc2dpLnNlcnZpY2UuY29tcG9uZW50LzEuNS4xL29yZy5vc2dpLnNlcnZpY2UuY29tcG9uZW50LTEuNS4xLmphcgo="",""timestamp"":""2026-08-22T15:30:00.601660055Z""}"
"[INFO] Downloaded from central: https://repo.maven.apache.org/maven2/org/osgi/org.osgi.service.cm/1.6.1/org.osgi.service.cm-1.6.1.jar (56 kB at 459 kB/s)
",2026-08-22T15:30:00.605833586Z,info,"{""serviceId"":""87697b40-66d1-4a58-89e6-1068a09cbf8c"",""deploymentId"":""d6c8c3b8-3bb6-45c0-bc76-a9729ab89f82"",""deploymentInstanceId"":null}","{""level"":""info"",""source"":""buildkit"",""type"":""log"",""vertex"":""sha256:5123184c115415746b9e45a79609be5df6469d0b755767bd2a7f4b208b8cff02"",""stream"":1,""data"":""W0lORk9dIERvd25sb2FkZWQgZnJvbSBjZW50cmFsOiBodHRwczovL3JlcG8ubWF2ZW4uYXBhY2hlLm9yZy9tYXZlbjIvb3JnL29zZ2kvb3JnLm9zZ2kuc2VydmljZS5jbS8xLjYuMS9vcmcub3NnaS5zZXJ2aWNlLmNtLTEuNi4xLmphciAoNTYga0IgYXQgNDU5IGtCL3MpCg=="",""timestamp"":""2026-08-22T15:30:00.605833586Z""}"
"[INFO] Downloading from central: https://repo.maven.apache.org/maven2/org/osgi/org.osgi.service.event/1.4.1/org.osgi.service.event-1.4.1.jar
",2026-08-22T15:30:00.605952164Z,info,"{""serviceId"":""87697b40-66d1-4a58-89e6-1068a09cbf8c"",""deploymentId"":""d6c8c3b8-3bb6-45c0-bc76-a9729ab89f82"",""deploymentInstanceId"":null}","{""level"":""info"",""source"":""buildkit"",""type"":""log"",""vertex"":""sha256:5123184c115415746b9e45a79609be5df6469d0b755767bd2a7f4b208b8cff02"",""stream"":1,""data"":""W0lORk9dIERvd25sb2FkaW5nIGZyb20gY2VudHJhbDogaHR0cHM6Ly9yZXBvLm1hdmVuLmFwYWNoZS5vcmcvbWF2ZW4yL29yZy9vc2dpL29yZy5vc2dpLnNlcnZpY2UuZXZlbnQvMS40LjEvb3JnLm9zZ2kuc2VydmljZS5ldmVudC0xLjQuMS5qYXIK"",""timestamp"":""2026-08-22T15:30:00.605952164Z""}"
"[INFO] Downloaded from central: https://repo.maven.apache.org/maven2/org/eclipse/platform/org.eclipse.text/3.14.300/org.eclipse.text-3.14.300.jar (361 kB at 3.0 MB/s)
[INFO] Downloading from central: https://repo.maven.apache.org/maven2/org/osgi/org.osgi.service.metatype/1.4.1/org.osgi.service.metatype-1.4.1.jar
",2026-08-22T15:30:00.606992075Z,info,"{""serviceId"":""87697b40-66d1-4a58-89e6-1068a09cbf8c"",""deploymentId"":""d6c8c3b8-3bb6-45c0-bc76-a9729ab89f82"",""deploymentInstanceId"":null}","{""level"":""info"",""source"":""buildkit"",""type"":""log"",""vertex"":""sha256:5123184c115415746b9e45a79609be5df6469d0b755767bd2a7f4b208b8cff02"",""stream"":1,""data"":""W0lORk9dIERvd25sb2FkZWQgZnJvbSBjZW50cmFsOiBodHRwczovL3JlcG8ubWF2ZW4uYXBhY2hlLm9yZy9tYXZlbjIvb3JnL2VjbGlwc2UvcGxhdGZvcm0vb3JnLmVjbGlwc2UudGV4dC8zLjE0LjMwMC9vcmcuZWNsaXBzZS50ZXh0LTMuMTQuMzAwLmphciAoMzYxIGtCIGF0IDMuMCBNQi9zKQpbSU5GT10gRG93bmxvYWRpbmcgZnJvbSBjZW50cmFsOiBodHRwczovL3JlcG8ubWF2ZW4uYXBhY2hlLm9yZy9tYXZlbjIvb3JnL29zZ2kvb3JnLm9zZ2kuc2VydmljZS5tZXRhdHlwZS8xLjQuMS9vcmcub3NnaS5zZXJ2aWNlLm1ldGF0eXBlLTEuNC4xLmphcgo="",""timestamp"":""2026-08-22T15:30:00.606992075Z""}"
"[INFO] Downloaded from central: https://repo.maven.apache.org/maven2/org/eclipse/jdt/ecj/3.41.0/ecj-3.41.0.jar (3.3 MB at 26 MB/s)
[INFO] Downloading from central: https://repo.maven.apache.org/maven2/org/osgi/org.osgi.service.prefs/1.1.2/org.osgi.service.prefs-1.1.2.jar
",2026-08-22T15:30:00.611202712Z,info,"{""serviceId"":""87697b40-66d1-4a58-89e6-1068a09cbf8c"",""deploymentId"":""d6c8c3b8-3bb6-45c0-bc76-a9729ab89f82"",""deploymentInstanceId"":null}","{""level"":""info"",""source"":""buildkit"",""type"":""log"",""vertex"":""sha256:5123184c115415746b9e45a79609be5df6469d0b755767bd2a7f4b208b8cff02"",""stream"":1,""data"":""W0lORk9dIERvd25sb2FkZWQgZnJvbSBjZW50cmFsOiBodHRwczovL3JlcG8ubWF2ZW4uYXBhY2hlLm9yZy9tYXZlbjIvb3JnL2VjbGlwc2UvamR0L2Vjai8zLjQxLjAvZWNqLTMuNDEuMC5qYXIgKDMuMyBNQiBhdCAyNiBNQi9zKQpbSU5GT10gRG93bmxvYWRpbmcgZnJvbSBjZW50cmFsOiBodHRwczovL3JlcG8ubWF2ZW4uYXBhY2hlLm9yZy9tYXZlbjIvb3JnL29zZ2kvb3JnLm9zZ2kuc2VydmljZS5wcmVmcy8xLjEuMi9vcmcub3NnaS5zZXJ2aWNlLnByZWZzLTEuMS4yLmphcgo="",""timestamp"":""2026-08-22T15:30:00.611202712Z""}"
"[INFO] Downloaded from central: https://repo.maven.apache.org/maven2/org/eclipse/jdt/org.eclipse.jdt.core/3.41.0/org.eclipse.jdt.core-3.41.0.jar (4.4 MB at 30 MB/s)
[INFO] Downloading from central: https://repo.maven.apache.org/maven2/org/osgi/org.osgi.util.function/1.2.0/org.osgi.util.function-1.2.0.jar
",2026-08-22T15:30:00.629654487Z,info,"{""serviceId"":""87697b40-66d1-4a58-89e6-1068a09cbf8c"",""deploymentId"":""d6c8c3b8-3bb6-45c0-bc76-a9729ab89f82"",""deploymentInstanceId"":null}","{""level"":""info"",""source"":""buildkit"",""type"":""log"",""vertex"":""sha256:5123184c115415746b9e45a79609be5df6469d0b755767bd2a7f4b208b8cff02"",""stream"":1,""data"":""W0lORk9dIERvd25sb2FkZWQgZnJvbSBjZW50cmFsOiBodHRwczovL3JlcG8ubWF2ZW4uYXBhY2hlLm9yZy9tYXZlbjIvb3JnL2VjbGlwc2UvamR0L29yZy5lY2xpcHNlLmpkdC5jb3JlLzMuNDEuMC9vcmcuZWNsaXBzZS5qZHQuY29yZS0zLjQxLjAuamFyICg0LjQgTUIgYXQgMzAgTUIvcykKW0lORk9dIERvd25sb2FkaW5nIGZyb20gY2VudHJhbDogaHR0cHM6Ly9yZXBvLm1hdmVuLmFwYWNoZS5vcmcvbWF2ZW4yL29yZy9vc2dpL29yZy5vc2dpLnV0aWwuZnVuY3Rpb24vMS4yLjAvb3JnLm9zZ2kudXRpbC5mdW5jdGlvbi0xLjIuMC5qYXIK"",""timestamp"":""2026-08-22T15:30:00.629654487Z""}"
"[INFO] Downloaded from central: https://repo.maven.apache.org/maven2/org/osgi/org.osgi.service.component/1.5.1/org.osgi.service.component-1.5.1.jar (66 kB at 455 kB/s)
[INFO] Downloading from central: https://repo.maven.apache.org/maven2/org/osgi/org.osgi.util.promise/1.3.0/org.osgi.util.promise-1.3.0.jar
",2026-08-22T15:30:00.630780376Z,info,"{""serviceId"":""87697b40-66d1-4a58-89e6-1068a09cbf8c"",""deploymentId"":""d6c8c3b8-3bb6-45c0-bc76-a9729ab89f82"",""deploymentInstanceId"":null}","{""level"":""info"",""source"":""buildkit"",""type"":""log"",""vertex"":""sha256:5123184c115415746b9e45a79609be5df6469d0b755767bd2a7f4b208b8cff02"",""stream"":1,""data"":""W0lORk9dIERvd25sb2FkZWQgZnJvbSBjZW50cmFsOiBodHRwczovL3JlcG8ubWF2ZW4uYXBhY2hlLm9yZy9tYXZlbjIvb3JnL29zZ2kvb3JnLm9zZ2kuc2VydmljZS5jb21wb25lbnQvMS41LjEvb3JnLm9zZ2kuc2VydmljZS5jb21wb25lbnQtMS41LjEuamFyICg2NiBrQiBhdCA0NTUga0IvcykKW0lORk9dIERvd25sb2FkaW5nIGZyb20gY2VudHJhbDogaHR0cHM6Ly9yZXBvLm1hdmVuLmFwYWNoZS5vcmcvbWF2ZW4yL29yZy9vc2dpL29yZy5vc2dpLnV0aWwucHJvbWlzZS8xLjMuMC9vcmcub3NnaS51dGlsLnByb21pc2UtMS4zLjAuamFyCg=="",""timestamp"":""2026-08-22T15:30:00.630780376Z""}"
"[INFO] Downloaded from central: https://repo.maven.apache.org/maven2/org/osgi/org.osgi.service.event/1.4.1/org.osgi.service.event-1.4.1.jar (48 kB at 325 kB/s)
",2026-08-22T15:30:00.631175028Z,info,"{""serviceId"":""87697b40-66d1-4a58-89e6-1068a09cbf8c"",""deploymentId"":""d6c8c3b8-3bb6-45c0-bc76-a9729ab89f82"",""deploymentInstanceId"":null}","{""level"":""info"",""source"":""buildkit"",""type"":""log"",""vertex"":""sha256:5123184c115415746b9e45a79609be5df6469d0b755767bd2a7f4b208b8cff02"",""stream"":1,""data"":""W0lORk9dIERvd25sb2FkZWQgZnJvbSBjZW50cmFsOiBodHRwczovL3JlcG8ubWF2ZW4uYXBhY2hlLm9yZy9tYXZlbjIvb3JnL29zZ2kvb3JnLm9zZ2kuc2VydmljZS5ldmVudC8xLjQuMS9vcmcub3NnaS5zZXJ2aWNlLmV2ZW50LTEuNC4xLmphciAoNDgga0IgYXQgMzI1IGtCL3MpCg=="",""timestamp"":""2026-08-22T15:30:00.631175028Z""}"
"[INFO] Downloaded from central: https://repo.maven.apache.org/maven2/org/osgi/org.osgi.service.prefs/1.1.2/org.osgi.service.prefs-1.1.2.jar (20 kB at 136 kB/s)
",2026-08-22T15:30:00.632418975Z,info,"{""serviceId"":""87697b40-66d1-4a58-89e6-1068a09cbf8c"",""deploymentId"":""d6c8c3b8-3bb6-45c0-bc76-a9729ab89f82"",""deploymentInstanceId"":null}","{""level"":""info"",""source"":""buildkit"",""type"":""log"",""vertex"":""sha256:5123184c115415746b9e45a79609be5df6469d0b755767bd2a7f4b208b8cff02"",""stream"":1,""data"":""W0lORk9dIERvd25sb2FkZWQgZnJvbSBjZW50cmFsOiBodHRwczovL3JlcG8ubWF2ZW4uYXBhY2hlLm9yZy9tYXZlbjIvb3JnL29zZ2kvb3JnLm9zZ2kuc2VydmljZS5wcmVmcy8xLjEuMi9vcmcub3NnaS5zZXJ2aWNlLnByZWZzLTEuMS4yLmphciAoMjAga0IgYXQgMTM2IGtCL3MpCg=="",""timestamp"":""2026-08-22T15:30:00.632418975Z""}"
"[INFO] Downloaded from central: https://repo.maven.apache.org/maven2/org/osgi/org.osgi.service.metatype/1.4.1/org.osgi.service.metatype-1.4.1.jar (30 kB at 203 kB/s)
",2026-08-22T15:30:00.634253888Z,info,"{""serviceId"":""87697b40-66d1-4a58-89e6-1068a09cbf8c"",""deploymentId"":""d6c8c3b8-3bb6-45c0-bc76-a9729ab89f82"",""deploymentInstanceId"":null}","{""level"":""info"",""source"":""buildkit"",""type"":""log"",""vertex"":""sha256:5123184c115415746b9e45a79609be5df6469d0b755767bd2a7f4b208b8cff02"",""stream"":1,""data"":""W0lORk9dIERvd25sb2FkZWQgZnJvbSBjZW50cmFsOiBodHRwczovL3JlcG8ubWF2ZW4uYXBhY2hlLm9yZy9tYXZlbjIvb3JnL29zZ2kvb3JnLm9zZ2kuc2VydmljZS5tZXRhdHlwZS8xLjQuMS9vcmcub3NnaS5zZXJ2aWNlLm1ldGF0eXBlLTEuNC4xLmphciAoMzAga0IgYXQgMjAzIGtCL3MpCg=="",""timestamp"":""2026-08-22T15:30:00.634253888Z""}"
"[INFO] Downloaded from central: https://repo.maven.apache.org/maven2/org/osgi/org.osgi.util.promise/1.3.0/org.osgi.util.promise-1.3.0.jar (86 kB at 504 kB/s)
",2026-08-22T15:30:00.654477712Z,info,"{""serviceId"":""87697b40-66d1-4a58-89e6-1068a09cbf8c"",""deploymentId"":""d6c8c3b8-3bb6-45c0-bc76-a9729ab89f82"",""deploymentInstanceId"":null}","{""level"":""info"",""source"":""buildkit"",""type"":""log"",""vertex"":""sha256:5123184c115415746b9e45a79609be5df6469d0b755767bd2a7f4b208b8cff02"",""stream"":1,""data"":""W0lORk9dIERvd25sb2FkZWQgZnJvbSBjZW50cmFsOiBodHRwczovL3JlcG8ubWF2ZW4uYXBhY2hlLm9yZy9tYXZlbjIvb3JnL29zZ2kvb3JnLm9zZ2kudXRpbC5wcm9taXNlLzEuMy4wL29yZy5vc2dpLnV0aWwucHJvbWlzZS0xLjMuMC5qYXIgKDg2IGtCIGF0IDUwNCBrQi9zKQo="",""timestamp"":""2026-08-22T15:30:00.654477712Z""}"
"[INFO] Downloaded from central: https://repo.maven.apache.org/maven2/org/osgi/org.osgi.util.function/1.2.0/org.osgi.util.function-1.2.0.jar (24 kB at 136 kB/s)
",2026-08-22T15:30:00.658256431Z,info,"{""serviceId"":""87697b40-66d1-4a58-89e6-1068a09cbf8c"",""deploymentId"":""d6c8c3b8-3bb6-45c0-bc76-a9729ab89f82"",""deploymentInstanceId"":null}","{""level"":""info"",""source"":""buildkit"",""type"":""log"",""vertex"":""sha256:5123184c115415746b9e45a79609be5df6469d0b755767bd2a7f4b208b8cff02"",""stream"":1,""data"":""W0lORk9dIERvd25sb2FkZWQgZnJvbSBjZW50cmFsOiBodHRwczovL3JlcG8ubWF2ZW4uYXBhY2hlLm9yZy9tYXZlbjIvb3JnL29zZ2kvb3JnLm9zZ2kudXRpbC5mdW5jdGlvbi8xLjIuMC9vcmcub3NnaS51dGlsLmZ1bmN0aW9uLTEuMi4wLmphciAoMjQga0IgYXQgMTM2IGtCL3MpCg=="",""timestamp"":""2026-08-22T15:30:00.658256431Z""}"
"[INFO] Index file does not exist. Fallback to an empty index
",2026-08-22T15:30:00.733603522Z,info,"{""serviceId"":""87697b40-66d1-4a58-89e6-1068a09cbf8c"",""deploymentId"":""d6c8c3b8-3bb6-45c0-bc76-a9729ab89f82"",""deploymentInstanceId"":null}","{""level"":""info"",""source"":""buildkit"",""type"":""log"",""vertex"":""sha256:5123184c115415746b9e45a79609be5df6469d0b755767bd2a7f4b208b8cff02"",""stream"":1,""data"":""W0lORk9dIEluZGV4IGZpbGUgZG9lcyBub3QgZXhpc3QuIEZhbGxiYWNrIHRvIGFuIGVtcHR5IGluZGV4Cg=="",""timestamp"":""2026-08-22T15:30:00.733603522Z""}"
"[INFO] Spotless.Java is keeping 258 files clean - 1 needs changes to be clean, 257 were already clean, 0 were skipped because caching determined they were already clean
",2026-08-22T15:30:02.130005654Z,info,"{""serviceId"":""87697b40-66d1-4a58-89e6-1068a09cbf8c"",""deploymentId"":""d6c8c3b8-3bb6-45c0-bc76-a9729ab89f82"",""deploymentInstanceId"":null}","{""level"":""info"",""source"":""buildkit"",""type"":""log"",""vertex"":""sha256:5123184c115415746b9e45a79609be5df6469d0b755767bd2a7f4b208b8cff02"",""stream"":1,""data"":""W0lORk9dIFNwb3RsZXNzLkphdmEgaXMga2VlcGluZyAyNTggZmlsZXMgY2xlYW4gLSAxIG5lZWRzIGNoYW5nZXMgdG8gYmUgY2xlYW4sIDI1NyB3ZXJlIGFscmVhZHkgY2xlYW4sIDAgd2VyZSBza2lwcGVkIGJlY2F1c2UgY2FjaGluZyBkZXRlcm1pbmVkIHRoZXkgd2VyZSBhbHJlYWR5IGNsZWFuCg=="",""timestamp"":""2026-08-22T15:30:02.130005654Z""}"
"[INFO] ------------------------------------------------------------------------
[INFO] BUILD FAILURE
[INFO] ------------------------------------------------------------------------
",2026-08-22T15:30:02.168718208Z,info,"{""serviceId"":""87697b40-66d1-4a58-89e6-1068a09cbf8c"",""deploymentId"":""d6c8c3b8-3bb6-45c0-bc76-a9729ab89f82"",""deploymentInstanceId"":null}","{""level"":""info"",""source"":""buildkit"",""type"":""log"",""vertex"":""sha256:5123184c115415746b9e45a79609be5df6469d0b755767bd2a7f4b208b8cff02"",""stream"":1,""data"":""W0lORk9dIC0tLS0tLS0tLS0tLS0tLS0tLS0tLS0tLS0tLS0tLS0tLS0tLS0tLS0tLS0tLS0tLS0tLS0tLS0tLS0tLS0tLS0tLS0tLS0tLQpbSU5GT10gQlVJTEQgRkFJTFVSRQpbSU5GT10gLS0tLS0tLS0tLS0tLS0tLS0tLS0tLS0tLS0tLS0tLS0tLS0tLS0tLS0tLS0tLS0tLS0tLS0tLS0tLS0tLS0tLS0tLS0tLS0tCg=="",""timestamp"":""2026-08-22T15:30:02.168718208Z""}"
"[INFO] Total time:  31.127 s
",2026-08-22T15:30:02.17049213Z,info,"{""serviceId"":""87697b40-66d1-4a58-89e6-1068a09cbf8c"",""deploymentId"":""d6c8c3b8-3bb6-45c0-bc76-a9729ab89f82"",""deploymentInstanceId"":null}","{""level"":""info"",""source"":""buildkit"",""type"":""log"",""vertex"":""sha256:5123184c115415746b9e45a79609be5df6469d0b755767bd2a7f4b208b8cff02"",""stream"":1,""data"":""W0lORk9dIFRvdGFsIHRpbWU6ICAzMS4xMjcgcwo="",""timestamp"":""2026-08-22T15:30:02.17049213Z""}"
"[INFO] Finished at: 2026-08-22T15:30:02Z
[INFO] ------------------------------------------------------------------------
",2026-08-22T15:30:02.170672941Z,info,"{""serviceId"":""87697b40-66d1-4a58-89e6-1068a09cbf8c"",""deploymentId"":""d6c8c3b8-3bb6-45c0-bc76-a9729ab89f82"",""deploymentInstanceId"":null}","{""level"":""info"",""source"":""buildkit"",""type"":""log"",""vertex"":""sha256:5123184c115415746b9e45a79609be5df6469d0b755767bd2a7f4b208b8cff02"",""stream"":1,""data"":""W0lORk9dIEZpbmlzaGVkIGF0OiAyMDI2LTA4LTIyVDE1OjMwOjAyWgpbSU5GT10gLS0tLS0tLS0tLS0tLS0tLS0tLS0tLS0tLS0tLS0tLS0tLS0tLS0tLS0tLS0tLS0tLS0tLS0tLS0tLS0tLS0tLS0tLS0tLS0tCg=="",""timestamp"":""2026-08-22T15:30:02.170672941Z""}"
"[WARNING] The requested profile ""production"" could not be activated because it does not exist.
",2026-08-22T15:30:02.170836667Z,info,"{""serviceId"":""87697b40-66d1-4a58-89e6-1068a09cbf8c"",""deploymentId"":""d6c8c3b8-3bb6-45c0-bc76-a9729ab89f82"",""deploymentInstanceId"":null}","{""level"":""info"",""source"":""buildkit"",""type"":""log"",""vertex"":""sha256:5123184c115415746b9e45a79609be5df6469d0b755767bd2a7f4b208b8cff02"",""stream"":1,""data"":""W1dBUk5JTkddIFRoZSByZXF1ZXN0ZWQgcHJvZmlsZSAicHJvZHVjdGlvbiIgY291bGQgbm90IGJlIGFjdGl2YXRlZCBiZWNhdXNlIGl0IGRvZXMgbm90IGV4aXN0Lgo="",""timestamp"":""2026-08-22T15:30:02.170836667Z""}"
"[ERROR] Failed to execute goal com.diffplug.spotless:spotless-maven-plugin:2.46.1:check (spotless-check) on project lab-management-system: The following files had format violations:
[ERROR]     src/main/java/com/example/labmanagement/security/SecurityConfiguration.java
[ERROR]         @@ -53,10 +53,10 @@
",2026-08-22T15:30:02.17171192Z,info,"{""serviceId"":""87697b40-66d1-4a58-89e6-1068a09cbf8c"",""deploymentId"":""d6c8c3b8-3bb6-45c0-bc76-a9729ab89f82"",""deploymentInstanceId"":null}","{""level"":""info"",""source"":""buildkit"",""type"":""log"",""vertex"":""sha256:5123184c115415746b9e45a79609be5df6469d0b755767bd2a7f4b208b8cff02"",""stream"":1,""data"":""W0VSUk9SXSBGYWlsZWQgdG8gZXhlY3V0ZSBnb2FsIGNvbS5kaWZmcGx1Zy5zcG90bGVzczpzcG90bGVzcy1tYXZlbi1wbHVnaW46Mi40Ni4xOmNoZWNrIChzcG90bGVzcy1jaGVjaykgb24gcHJvamVjdCBsYWItbWFuYWdlbWVudC1zeXN0ZW06IFRoZSBmb2xsb3dpbmcgZmlsZXMgaGFkIGZvcm1hdCB2aW9sYXRpb25zOgpbRVJST1JdICAgICBzcmMvbWFpbi9qYXZhL2NvbS9leGFtcGxlL2xhYm1hbmFnZW1lbnQvc2VjdXJpdHkvU2VjdXJpdHlDb25maWd1cmF0aW9uLmphdmEKW0VSUk9SXSAgICAgICAgIEBAIC01MywxMCArNTMsMTAgQEAK"",""timestamp"":""2026-08-22T15:30:02.17171192Z""}"
"[ERROR]          \t\t\t\t.requestMatchers(""/catalog/**"").hasAnyRole(""CBQL"",?""ADMIN"").anyRequest().authenticated())
[ERROR]          \t\t\t\t.formLogin(form?->?form.loginPage(""/login"").usernameParameter(""email"").failureUrl(""/login?error"")
[ERROR]          \t\t\t\t\t\t.successHandler((req,?res,?auth)?->?{",2026-08-22T15:30:02.171743407Z,info,"{""serviceId"":""87697b40-66d1-4a58-89e6-1068a09cbf8c"",""deploymentId"":""d6c8c3b8-3bb6-45c0-bc76-a9729ab89f82"",""deploymentInstanceId"":null}","{""level"":""info"",""source"":""buildkit"",""type"":""log"",""vertex"":""sha256:5123184c115415746b9e45a79609be5df6469d0b755767bd2a7f4b208b8cff02"",""stream"":1,""data"":""W0VSUk9SXSAgICAgICAgICBcdFx0XHRcdC5yZXF1ZXN0TWF0Y2hlcnMoIi9jYXRhbG9nLyoqIikuaGFzQW55Um9sZSgiQ0JRTCIsPyJBRE1JTiIpLmFueVJlcXVlc3QoKS5hdXRoZW50aWNhdGVkKCkpCltFUlJPUl0gICAgICAgICAgXHRcdFx0XHQuZm9ybUxvZ2luKGZvcm0/LT4/Zm9ybS5sb2dpblBhZ2UoIi9sb2dpbiIpLnVzZXJuYW1lUGFyYW1ldGVyKCJlbWFpbCIpLmZhaWx1cmVVcmwoIi9sb2dpbj9lcnJvciIpCltFUlJPUl0gICAgICAgICAgXHRcdFx0XHRcdFx0LnN1Y2Nlc3NIYW5kbGVyKChyZXEsP3Jlcyw/YXV0aCk/LT4/ew=="",""timestamp"":""2026-08-22T15:30:02.171743407Z""}"
"
[ERROR]         -\t\t\t\t\t\tboolean?mgr?=?auth.getAuthorities().stream().anyMatch(
[ERROR]         -\t\t\t\t\t\t\t\ta?->?""ROLE_CBQL"".equals(a.getAuthority())?||?""ROLE_ADMIN"".equals(a.getAuthority()));
[ERROR]         -\t\t\t\t\t\tres.sendRedirect(req.getContextPath()?+?(mgr???""/dashboard""?:?""/home""));
[ERROR]         -\t\t\t\t\t}).permitAll())
[ERROR]         +\t\t\t\t\t\t\tboolean?mgr?=?auth.getAuthorities().stream().anyMatch(
",2026-08-22T15:30:02.171815005Z,info,"{""serviceId"":""87697b40-66d1-4a58-89e6-1068a09cbf8c"",""deploymentId"":""d6c8c3b8-3bb6-45c0-bc76-a9729ab89f82"",""deploymentInstanceId"":null}","{""level"":""info"",""source"":""buildkit"",""type"":""log"",""vertex"":""sha256:5123184c115415746b9e45a79609be5df6469d0b755767bd2a7f4b208b8cff02"",""stream"":1,""data"":""CltFUlJPUl0gICAgICAgICAtXHRcdFx0XHRcdFx0Ym9vbGVhbj9tZ3I/PT9hdXRoLmdldEF1dGhvcml0aWVzKCkuc3RyZWFtKCkuYW55TWF0Y2goCltFUlJPUl0gICAgICAgICAtXHRcdFx0XHRcdFx0XHRcdGE/LT4/IlJPTEVfQ0JRTCIuZXF1YWxzKGEuZ2V0QXV0aG9yaXR5KCkpP3x8PyJST0xFX0FETUlOIi5lcXVhbHMoYS5nZXRBdXRob3JpdHkoKSkpOwpbRVJST1JdICAgICAgICAgLVx0XHRcdFx0XHRcdHJlcy5zZW5kUmVkaXJlY3QocmVxLmdldENvbnRleHRQYXRoKCk/Kz8obWdyPz8/Ii9kYXNoYm9hcmQiPzo/Ii9ob21lIikpOwpbRVJST1JdICAgICAgICAgLVx0XHRcdFx0XHR9KS5wZXJtaXRBbGwoKSkKW0VSUk9SXSAgICAgICAgICtcdFx0XHRcdFx0XHRcdGJvb2xlYW4/bWdyPz0/YXV0aC5nZXRBdXRob3JpdGllcygpLnN0cmVhbSgpLmFueU1hdGNoKAo="",""timestamp"":""2026-08-22T15:30:02.171815005Z""}"
"[ERROR]         +\t\t\t\t\t\t\t\t\ta?->?""ROLE_CBQL"".equals(a.getAuthority())?||?""ROLE_ADMIN"".equals(a.getAuthority()));
[ERROR]         +\t\t\t\t\t\t\tres.sendRedirect(req.getContextPath()?+?(mgr???""/dashboard""?:?""/home""));
[ERROR]         +\t\t\t\t\t\t}).permitAll())
",2026-08-22T15:30:02.171861074Z,info,"{""serviceId"":""87697b40-66d1-4a58-89e6-1068a09cbf8c"",""deploymentId"":""d6c8c3b8-3bb6-45c0-bc76-a9729ab89f82"",""deploymentInstanceId"":null}","{""level"":""info"",""source"":""buildkit"",""type"":""log"",""vertex"":""sha256:5123184c115415746b9e45a79609be5df6469d0b755767bd2a7f4b208b8cff02"",""stream"":1,""data"":""W0VSUk9SXSAgICAgICAgICtcdFx0XHRcdFx0XHRcdFx0XHRhPy0+PyJST0xFX0NCUUwiLmVxdWFscyhhLmdldEF1dGhvcml0eSgpKT98fD8iUk9MRV9BRE1JTiIuZXF1YWxzKGEuZ2V0QXV0aG9yaXR5KCkpKTsKW0VSUk9SXSAgICAgICAgICtcdFx0XHRcdFx0XHRcdHJlcy5zZW5kUmVkaXJlY3QocmVxLmdldENvbnRleHRQYXRoKCk/Kz8obWdyPz8/Ii9kYXNoYm9hcmQiPzo/Ii9ob21lIikpOwpbRVJST1JdICAgICAgICAgK1x0XHRcdFx0XHRcdH0pLnBlcm1pdEFsbCgpKQo="",""timestamp"":""2026-08-22T15:30:02.171861074Z""}"
"[ERROR]          \t\t\t\t.logout(logout?->?logout.logoutUrl(""/logout"").logoutSuccessUrl(""/login?logout"")
[ERROR]          \t\t\t\t\t\t.invalidateHttpSession(true).clearAuthentication(true))
",2026-08-22T15:30:02.171919321Z,info,"{""serviceId"":""87697b40-66d1-4a58-89e6-1068a09cbf8c"",""deploymentId"":""d6c8c3b8-3bb6-45c0-bc76-a9729ab89f82"",""deploymentInstanceId"":null}","{""level"":""info"",""source"":""buildkit"",""type"":""log"",""vertex"":""sha256:5123184c115415746b9e45a79609be5df6469d0b755767bd2a7f4b208b8cff02"",""stream"":1,""data"":""W0VSUk9SXSAgICAgICAgICBcdFx0XHRcdC5sb2dvdXQobG9nb3V0Py0+P2xvZ291dC5sb2dvdXRVcmwoIi9sb2dvdXQiKS5sb2dvdXRTdWNjZXNzVXJsKCIvbG9naW4/bG9nb3V0IikKW0VSUk9SXSAgICAgICAgICBcdFx0XHRcdFx0XHQuaW52YWxpZGF0ZUh0dHBTZXNzaW9uKHRydWUpLmNsZWFyQXV0aGVudGljYXRpb24odHJ1ZSkpCg=="",""timestamp"":""2026-08-22T15:30:02.171919321Z""}"
"[ERROR]          \t\t\t\t.sessionManagement(session?->?session.sessionFixation(fixation?->?fixation.changeSessionId()))
[ERROR] Run 'mvn spotless:apply' to fix these violations.
[ERROR] -> [Help 1]
[ERROR] 
",2026-08-22T15:30:02.171927283Z,info,"{""serviceId"":""87697b40-66d1-4a58-89e6-1068a09cbf8c"",""deploymentId"":""d6c8c3b8-3bb6-45c0-bc76-a9729ab89f82"",""deploymentInstanceId"":null}","{""level"":""info"",""source"":""buildkit"",""type"":""log"",""vertex"":""sha256:5123184c115415746b9e45a79609be5df6469d0b755767bd2a7f4b208b8cff02"",""stream"":1,""data"":""W0VSUk9SXSAgICAgICAgICBcdFx0XHRcdC5zZXNzaW9uTWFuYWdlbWVudChzZXNzaW9uPy0+P3Nlc3Npb24uc2Vzc2lvbkZpeGF0aW9uKGZpeGF0aW9uPy0+P2ZpeGF0aW9uLmNoYW5nZVNlc3Npb25JZCgpKSkKW0VSUk9SXSBSdW4gJ212biBzcG90bGVzczphcHBseScgdG8gZml4IHRoZXNlIHZpb2xhdGlvbnMuCltFUlJPUl0gLT4gW0hlbHAgMV0KW0VSUk9SXSAK"",""timestamp"":""2026-08-22T15:30:02.171927283Z""}"
"[ERROR] To see the full stack trace of the errors, re-run Maven with the -e switch.
",2026-08-22T15:30:02.171955245Z,info,"{""serviceId"":""87697b40-66d1-4a58-89e6-1068a09cbf8c"",""deploymentId"":""d6c8c3b8-3bb6-45c0-bc76-a9729ab89f82"",""deploymentInstanceId"":null}","{""level"":""info"",""source"":""buildkit"",""type"":""log"",""vertex"":""sha256:5123184c115415746b9e45a79609be5df6469d0b755767bd2a7f4b208b8cff02"",""stream"":1,""data"":""W0VSUk9SXSBUbyBzZWUgdGhlIGZ1bGwgc3RhY2sgdHJhY2Ugb2YgdGhlIGVycm9ycywgcmUtcnVuIE1hdmVuIHdpdGggdGhlIC1lIHN3aXRjaC4K"",""timestamp"":""2026-08-22T15:30:02.171955245Z""}"
"[ERROR] Re-run Maven using the -X switch to enable full debug logging.
[ERROR] 
",2026-08-22T15:30:02.171977689Z,info,"{""serviceId"":""87697b40-66d1-4a58-89e6-1068a09cbf8c"",""deploymentId"":""d6c8c3b8-3bb6-45c0-bc76-a9729ab89f82"",""deploymentInstanceId"":null}","{""level"":""info"",""source"":""buildkit"",""type"":""log"",""vertex"":""sha256:5123184c115415746b9e45a79609be5df6469d0b755767bd2a7f4b208b8cff02"",""stream"":1,""data"":""W0VSUk9SXSBSZS1ydW4gTWF2ZW4gdXNpbmcgdGhlIC1YIHN3aXRjaCB0byBlbmFibGUgZnVsbCBkZWJ1ZyBsb2dnaW5nLgpbRVJST1JdIAo="",""timestamp"":""2026-08-22T15:30:02.171977689Z""}"
"[ERROR] For more information about the errors and possible solutions, please read the following articles:
",2026-08-22T15:30:02.171999462Z,info,"{""serviceId"":""87697b40-66d1-4a58-89e6-1068a09cbf8c"",""deploymentId"":""d6c8c3b8-3bb6-45c0-bc76-a9729ab89f82"",""deploymentInstanceId"":null}","{""level"":""info"",""source"":""buildkit"",""type"":""log"",""vertex"":""sha256:5123184c115415746b9e45a79609be5df6469d0b755767bd2a7f4b208b8cff02"",""stream"":1,""data"":""W0VSUk9SXSBGb3IgbW9yZSBpbmZvcm1hdGlvbiBhYm91dCB0aGUgZXJyb3JzIGFuZCBwb3NzaWJsZSBzb2x1dGlvbnMsIHBsZWFzZSByZWFkIHRoZSBmb2xsb3dpbmcgYXJ0aWNsZXM6Cg=="",""timestamp"":""2026-08-22T15:30:02.171999462Z""}"
"[ERROR] [Help 1] http://cwiki.apache.org/confluence/display/MAVEN/MojoExecutionException
",2026-08-22T15:30:02.172006963Z,info,"{""serviceId"":""87697b40-66d1-4a58-89e6-1068a09cbf8c"",""deploymentId"":""d6c8c3b8-3bb6-45c0-bc76-a9729ab89f82"",""deploymentInstanceId"":null}","{""level"":""info"",""source"":""buildkit"",""type"":""log"",""vertex"":""sha256:5123184c115415746b9e45a79609be5df6469d0b755767bd2a7f4b208b8cff02"",""stream"":1,""data"":""W0VSUk9SXSBbSGVscCAxXSBodHRwOi8vY3dpa2kuYXBhY2hlLm9yZy9jb25mbHVlbmNlL2Rpc3BsYXkvTUFWRU4vTW9qb0V4ZWN1dGlvbkV4Y2VwdGlvbgo="",""timestamp"":""2026-08-22T15:30:02.172006963Z""}"
mvn -DoutputFile=target/mvn-dependency-list.log -B -DskipTests clean dependency:list install -Pproduction,2026-08-22T15:30:03.116484871Z,error,"{""serviceId"":""87697b40-66d1-4a58-89e6-1068a09cbf8c"",""deploymentId"":""d6c8c3b8-3bb6-45c0-bc76-a9729ab89f82"",""deploymentInstanceId"":null}","{""level"":""error"",""source"":""buildkit"",""type"":""vertex"",""digest"":""sha256:5123184c115415746b9e45a79609be5df6469d0b755767bd2a7f4b208b8cff02"",""inputs"":[""sha256:b5d54f369eb9e8d2eda4cceab7d76097cdefa355801a7dca5ae046857d5f0339"",""sha256:055975a02eeb5ee28e655fe2720d846ab30a870a5e7c4eccb6732a2ac05fb04b""],""started"":""2026-08-22T15:29:29.424299668Z"",""completed"":""2026-08-22T15:30:03.11604404Z"",""error"":""process \""mvn -DoutputFile=target/mvn-dependency-list.log -B -DskipTests clean dependency:list install -Pproduction\"" did not complete successfully: exit code: 1""}"
"Build Failed: build daemon returned an error < failed to solve: process ""mvn -DoutputFile=target/mvn-dependency-list.log -B -DskipTests clean dependency:list install -Pproduction"" did not complete successfully: exit code: 1 >",2026-08-22T15:30:03.146388949Z,error,"{""serviceId"":""87697b40-66d1-4a58-89e6-1068a09cbf8c"",""deploymentId"":""d6c8c3b8-3bb6-45c0-bc76-a9729ab89f82"",""deploymentInstanceId"":null}","{""level"":""error""}"